HIERARCHY
ROOT root
{
  OFFSET 0 79.8113 0
  CHANNELS 6 Xposition Yposition Zposition Zrotation Xrotation Yrotation
  JOINT torso_1
  {
    OFFSET 0 4.34476 -0.984994
    CHANNELS 6 Xposition Yposition Zposition Zrotation Xrotation Yrotation
    JOINT torso_2
    {
      OFFSET 0 4.80497 0.916596
      CHANNELS 6 Xposition Yposition Zposition Zrotation Xrotation Yrotation
      JOINT torso_3
      {
        OFFSET -8.77771e-18 5.1242 0.0983897
        CHANNELS 6 Xposition Yposition Zposition Zrotation Xrotation Yrotation
        JOINT torso_4
        {
          OFFSET -9.44946e-18 5.56568 -0.37943
          CHANNELS 6 Xposition Yposition Zposition Zrotation Xrotation Yrotation
          JOINT torso_5
          {
            OFFSET -1.68784e-17 6.50642 -1.28831
            CHANNELS 6 Xposition Yposition Zposition Zrotation Xrotation Yrotation
            JOINT torso_6
            {
              OFFSET -2.16702e-17 8.12491 -0.78234
              CHANNELS 6 Xposition Yposition Zposition Zrotation Xrotation Yrotation
              JOINT torso_7
              {
                OFFSET -2.48435e-17 9.02658 1.34903
                CHANNELS 6 Xposition Yposition Zposition Zrotation Xrotation Yrotation
                JOINT neck_1
                {
                  OFFSET -1.10523e-17 4.09476 0.611966
                  CHANNELS 6 Xposition Yposition Zposition Zrotation Xrotation Yrotation
                  JOINT neck_2
                  {
                    OFFSET -1.54981e-17 4.1244 0.360838
                    CHANNELS 6 Xposition Yposition Zposition Zrotation Xrotation Yrotation
                    JOINT head
                    {
                      OFFSET -1.71918e-17 4.13237 0.654504
                      CHANNELS 6 Xposition Yposition Zposition Zrotation Xrotation Yrotation
                      End Site
                      {
                        OFFSET 0 0.1 0
                      }
                    }
                  }
                }
                JOINT l_shoulder
                {
                  OFFSET 1.05481 -6.50798 6.44505
                  CHANNELS 6 Xposition Yposition Zposition Zrotation Xrotation Yrotation
                  JOINT l_up_arm
                  {
                    OFFSET 11.0826 2.77992 -2.79636
                    CHANNELS 6 Xposition Yposition Zposition Zrotation Xrotation Yrotation
                    JOINT l_low_arm
                    {
                      OFFSET 24.9873 0.0511653 0.117236
                      CHANNELS 6 Xposition Yposition Zposition Zrotation Xrotation Yrotation
                      JOINT l_hand
                      {
                        OFFSET 20.7319 0.0424511 0.0972706
                        CHANNELS 6 Xposition Yposition Zposition Zrotation Xrotation Yrotation
                        End Site
                        {
                          OFFSET 0.1 0 0
                        }
                      }
                    }
                  }
                }
                JOINT r_shoulder
                {
                  OFFSET -1.05481 -6.50797 6.44497
                  CHANNELS 6 Xposition Yposition Zposition Zrotation Xrotation Yrotation
                  JOINT r_up_arm
                  {
                    OFFSET -11.0826 2.77992 -2.79636
                    CHANNELS 6 Xposition Yposition Zposition Zrotation Xrotation Yrotation
                    JOINT r_low_arm
                    {
                      OFFSET -24.9873 0.0511653 0.117236
                      CHANNELS 6 Xposition Yposition Zposition Zrotation Xrotation Yrotation
                      JOINT r_hand
                      {
                        OFFSET -20.7319 0.042451 0.0972707
                        CHANNELS 6 Xposition Yposition Zposition Zrotation Xrotation Yrotation
                        End Site
                        {
                          OFFSET -0.1 0 0
                        }
                      }
                    }
                  }
                }
              }
            }
          }
        }
      }
    }
  }
  JOINT l_up_leg
  {
    OFFSET 7.90195 -3.59782 1.73896
    CHANNELS 6 Xposition Yposition Zposition Zrotation Xrotation Yrotation
    JOINT l_low_leg
    {
      OFFSET -0.72918 -33.1692 -0.560506
      CHANNELS 6 Xposition Yposition Zposition Zrotation Xrotation Yrotation
      JOINT l_foot
      {
        OFFSET -1.99006 -34.5633 -5.17465
        CHANNELS 6 Xposition Yposition Zposition Zrotation Xrotation Yrotation
        JOINT l_toes
        {
          OFFSET 0.66651 -8.45602 10.6902
          CHANNELS 6 Xposition Yposition Zposition Zrotation Xrotation Yrotation
          End Site
          {
            OFFSET 0 0 0.1
          }
        }
      }
    }
  }
  JOINT r_up_leg
  {
    OFFSET -7.90195 -3.59782 1.73896
    CHANNELS 6 Xposition Yposition Zposition Zrotation Xrotation Yrotation
    JOINT r_low_leg
    {
      OFFSET 0.72918 -33.1692 -0.560506
      CHANNELS 6 Xposition Yposition Zposition Zrotation Xrotation Yrotation
      JOINT r_foot
      {
        OFFSET 1.99006 -34.5633 -5.17465
        CHANNELS 6 Xposition Yposition Zposition Zrotation Xrotation Yrotation
        JOINT r_toes
        {
          OFFSET -0.66651 -8.45602 10.6902
          CHANNELS 6 Xposition Yposition Zposition Zrotation Xrotation Yrotation
          End Site
          {
            OFFSET 0 0 0.1
          }
        }
      }
    }
  }
}
MOTION
Frames: 252
Frame Time: 0.020000
0 79.8113 0 -0 0 -0 0 4.34476 -0.984994 -0 0 -0 0 4.80497 0.916596 -0 0 -0 -8.77771e-18 5.1242 0.0983897 -0 0 -0 -9.44946e-18 5.56568 -0.37943 -0 0 -0 -1.68784e-17 6.50642 -1.28831 -0 0 -0 -2.16702e-17 8.12491 -0.78234 -0 0 -0 -2.48435e-17 9.02658 1.34903 -0 0 -0 -1.10523e-17 4.09476 0.611966 -0 0 -0 -1.54981e-17 4.1244 0.360838 -0 0 -0 -1.71918e-17 4.13237 0.654504 -0 0 -0 1.05481 -6.50798 6.44505 -0 0 -0 11.0826 2.77992 -2.79636 -0 0 -0 24.9873 0.0511653 0.117236 -0 0 -0 20.7319 0.0424511 0.0972706 -0 0 -0 -1.05481 -6.50797 6.44497 -0 0 -0 -11.0826 2.77992 -2.79636 -0 0 -0 -24.9873 0.0511653 0.117236 -0 0 -0 -20.7319 0.042451 0.0972707 -0 0 -0 7.90195 -3.59782 1.73896 -0 0 -0 -0.72918 -33.1692 -0.560506 -0 0 -0 -1.99006 -34.5633 -5.17465 -0 0 -0 0.66651 -8.45602 10.6902 -0 0 -0 -7.90195 -3.59782 1.73896 -0 0 -0 0.72918 -33.1692 -0.560506 -0 0 -0 1.99006 -34.5633 -5.17465 -0 0 -0 -0.66651 -8.45602 10.6902 -0 0 -0 
315.678 78.53 435.65 5.0407 -4.36689 60.5159 0 4.34476 -0.984994 -0.436224 2.80838 0.329401 0 4.80497 0.916596 -0.125857 2.54045 0.181574 -8.77771e-18 5.1242 0.0983897 -5.15649e-05 2.66635 0.24996 -9.44946e-18 5.56568 -0.37943 0.0897083 2.31439 0.282561 -1.68784e-17 6.50642 -1.28831 0.258822 1.68588 0.241772 -2.16702e-17 8.12491 -0.78234 0.500503 1.44979 -0.068974 -2.48435e-17 9.02658 1.34903 -0.0705279 1.01683 0.0967393 -1.10523e-17 4.09476 0.611966 -0.0186131 -3.70409 -3.48869 -1.54981e-17 4.1244 0.360838 0.515741 -6.96054 -1.74111 -1.71918e-17 4.13237 0.654504 1.26069 -6.60316 0.419512 1.05481 -6.50798 6.44505 -2.55137 4.37519 -3.8144 11.0826 2.77992 -2.79636 -82.2241 20.6488 -5.90753 24.9873 0.0511653 0.117236 1.68514 -0.111309 -8.1472 20.7319 0.0424511 0.0972706 1.95944 -22.4468 -2.65092 -1.05481 -6.50797 6.44497 5.30235 6.02428 3.90642 -11.0826 2.77992 -2.79636 79.0873 16.1015 5.44483 -24.9873 0.0511653 0.117236 -0.904609 -0.0296704 4.36317 -20.7319 0.042451 0.0972707 -1.58158 8.18777 4.60637 7.90195 -3.59782 1.73896 -0.603834 -0.962803 -23.5017 -0.72918 -33.1692 -0.560506 -1.46639 5.4728 -0.0255047 -1.99006 -34.5633 -5.17465 2.52333 -3.46207 15.1793 0.66651 -8.45602 10.6902 2.48481e-17 -7.95139e-16 1.2424e-17 -7.90195 -3.59782 1.73896 -0.474082 2.88023 12.8348 0.72918 -33.1692 -0.560506 1.58606 5.91788 0.021397 1.99006 -34.5633 -5.17465 -2.52635 -4.94512 -15.1506 -0.66651 -8.45602 10.6902 -5.52946e-16 -5.61795e-16 -1.27484e-14 
315.681 78.5283 435.646 5.04326 -4.36587 60.5213 0 4.34476 -0.984994 -0.435608 2.79798 0.329704 0 4.80497 0.916596 -0.125768 2.53476 0.18225 -8.77771e-18 5.1242 0.0983897 -0.000199403 2.6657 0.250843 -9.44946e-18 5.56568 -0.37943 0.0892939 2.32228 0.283508 -1.68784e-17 6.50642 -1.28831 0.258356 1.69821 0.242794 -2.16702e-17 8.12491 -0.78234 0.50028 1.46487 -0.0678514 -2.48435e-17 9.02658 1.34903 -0.0700507 1.01482 0.0965689 -1.10523e-17 4.09476 0.611966 -0.0076187 -3.68034 -3.42518 -1.54981e-17 4.1244 0.360838 0.508559 -6.96652 -1.71209 -1.71918e-17 4.13237 0.654504 1.23219 -6.62278 0.43478 1.05481 -6.50798 6.44505 -2.5177 4.35741 -3.80525 11.0826 2.77992 -2.79636 -82.2281 20.7104 -5.94536 24.9873 0.0511653 0.117236 1.68502 -0.111293 -8.14663 20.7319 0.0424511 0.0972706 1.94569 -22.4508 -2.63787 -1.05481 -6.50797 6.44497 5.29599 6.01205 3.90379 -11.0826 2.77992 -2.79636 79.0758 16.1167 5.45634 -24.9873 0.0511653 0.117236 -0.902535 -0.0295231 4.35315 -20.7319 0.042451 0.0972707 -1.57216 8.15807 4.59877 7.90195 -3.59782 1.73896 -0.612592 -0.963534 -23.4764 -0.72918 -33.1692 -0.560506 -1.46816 5.47941 -0.0254505 -1.99006 -34.5633 -5.17465 2.53036 -3.46642 15.1783 0.66651 -8.45602 10.6902 2.48481e-17 -7.95139e-16 1.2424e-17 -7.90195 -3.59782 1.73896 -0.479196 2.87679 12.8409 0.72918 -33.1692 -0.560506 1.58944 5.93044 0.0212675 1.99006 -34.5633 -5.17465 -2.52959 -4.95435 -15.152 -0.66651 -8.45602 10.6902 -2.42193e-16 -5.81217e-16 -1.27581e-14 
315.684 78.5272 435.642 5.05462 -4.3605 60.5214 0 4.34476 -0.984994 -0.438145 2.79179 0.329845 0 4.80497 0.916596 -0.128036 2.53192 0.182283 -8.77771e-18 5.1242 0.0983897 -0.00201768 2.66656 0.251093 -9.44946e-18 5.56568 -0.37943 0.0879147 2.32966 0.283843 -1.68784e-17 6.50642 -1.28831 0.257596 1.70863 0.243336 -2.16702e-17 8.12491 -0.78234 0.500416 1.47718 -0.0674603 -2.48435e-17 9.02658 1.34903 -0.0696384 1.01325 0.0964699 -1.10523e-17 4.09476 0.611966 0.00208215 -3.66715 -3.36953 -1.54981e-17 4.1244 0.360838 0.505789 -6.96465 -1.68659 -1.71918e-17 4.13237 0.654504 1.21752 -6.62068 0.446888 1.05481 -6.50798 6.44505 -2.49161 4.3453 -3.80073 11.0826 2.77992 -2.79636 -82.2316 20.7552 -5.98369 24.9873 0.0511653 0.117236 1.6836 -0.111098 -8.13975 20.7319 0.0424511 0.0972706 1.94318 -22.4525 -2.61545 -1.05481 -6.50797 6.44497 5.29411 6.00439 3.90648 -11.0826 2.77992 -2.79636 79.0568 16.1207 5.47232 -24.9873 0.0511653 0.117236 -0.899908 -0.0293371 4.34046 -20.7319 0.042451 0.0972707 -1.55698 8.14164 4.58744 7.90195 -3.59782 1.73896 -0.628371 -0.953109 -23.4581 -0.72918 -33.1692 -0.560506 -1.46698 5.47501 -0.0254865 -1.99006 -34.5633 -5.17465 2.53007 -3.46221 15.1777 0.66651 -8.45602 10.6902 2.48481e-17 -7.95139e-16 1.2424e-17 -7.90195 -3.59782 1.73896 -0.493343 2.8717 12.8588 0.72918 -33.1692 -0.560506 1.59613 5.95532 0.0210087 1.99006 -34.5633 -5.17465 -2.52946 -4.96839 -15.1538 -0.66651 -8.45602 10.6902 -5.52946e-16 -5.61795e-16 -1.27484e-14 
315.686 78.5257 435.638 5.056 -4.35985 60.5213 0 4.34476 -0.984994 -0.436879 2.78826 0.328846 0 4.80497 0.916596 -0.126673 2.53052 0.181565 -8.77771e-18 5.1242 0.0983897 -0.000612902 2.66756 0.250718 -9.44946e-18 5.56568 -0.37943 0.0893476 2.33509 0.283616 -1.68784e-17 6.50642 -1.28831 0.259116 1.71584 0.242858 -2.16702e-17 8.12491 -0.78234 0.501997 1.48586 -0.0685777 -2.48435e-17 9.02658 1.34903 -0.0691556 1.0121 0.0966913 -1.10523e-17 4.09476 0.611966 0.0109785 -3.66019 -3.32927 -1.54981e-17 4.1244 0.360838 0.510445 -6.95437 -1.66784 -1.71918e-17 4.13237 0.654504 1.21411 -6.60656 0.460686 1.05481 -6.50798 6.44505 -2.47835 4.3409 -3.80306 11.0826 2.77992 -2.79636 -82.2325 20.8137 -6.01494 24.9873 0.0511653 0.117236 1.68269 -0.110972 -8.13529 20.7319 0.0424511 0.0972706 1.93206 -22.4977 -2.62416 -1.05481 -6.50797 6.44497 5.30071 6.00605 3.91574 -11.0826 2.77992 -2.79636 79.0178 16.1234 5.48359 -24.9873 0.0511653 0.117236 -0.897175 -0.0291441 4.32725 -20.7319 0.042451 0.0972707 -1.54032 8.11687 4.58148 7.90195 -3.59782 1.73896 -0.634177 -0.950892 -23.4415 -0.72918 -33.1692 -0.560506 -1.46709 5.47543 -0.0254831 -1.99006 -34.5633 -5.17465 2.5283 -3.46861 15.1777 0.66651 -8.45602 10.6902 2.48481e-17 -7.95139e-16 1.2424e-17 -7.90195 -3.59782 1.73896 -0.497739 2.86355 12.88 0.72918 -33.1692 -0.560506 1.60125 5.97433 0.0208089 1.99006 -34.5633 -5.17465 -2.52925 -4.97896 -15.1554 -0.66651 -8.45602 10.6902 -5.96354e-16 -5.59082e-16 -1.27471e-14 
315.689 78.5242 435.635 5.05013 -4.37645 60.5219 0 4.34476 -0.984994 -0.428646 2.78727 0.325297 0 4.80497 0.916596 -0.119055 2.53081 0.179023 -8.77771e-18 5.1242 0.0983897 0.00590536 2.66897 0.248472 -9.44946e-18 5.56568 -0.37943 0.0947324 2.33897 0.281472 -1.68784e-17 6.50642 -1.28831 0.262935 1.72034 0.239795 -2.16702e-17 8.12491 -0.78234 0.503627 1.49095 -0.0723731 -2.48435e-17 9.02658 1.34903 -0.0688748 1.0115 0.0969936 -1.10523e-17 4.09476 0.611966 0.0187492 -3.65259 -3.30301 -1.54981e-17 4.1244 0.360838 0.515457 -6.93772 -1.65538 -1.71918e-17 4.13237 0.654504 1.22288 -6.57767 0.478726 1.05481 -6.50798 6.44505 -2.47835 4.34054 -3.8091 11.0826 2.77992 -2.79636 -82.2321 20.8691 -6.03888 24.9873 0.0511653 0.117236 1.68235 -0.110925 -8.13364 20.7319 0.0424511 0.0972706 1.91842 -22.5693 -2.63562 -1.05481 -6.50797 6.44497 5.30252 6.00904 3.92416 -11.0826 2.77992 -2.79636 78.9791 16.1189 5.49396 -24.9873 0.0511653 0.117236 -0.894839 -0.0289797 4.31596 -20.7319 0.042451 0.0972707 -1.53739 8.09109 4.58272 7.90195 -3.59782 1.73896 -0.621094 -0.945245 -23.4295 -0.72918 -33.1692 -0.560506 -1.46719 5.47579 -0.0254802 -1.99006 -34.5633 -5.17465 2.53683 -3.4852 15.178 0.66651 -8.45602 10.6902 -3.29313e-16 -8.06206e-16 2.34916e-17 -7.90195 -3.59782 1.73896 -0.482121 2.85391 12.9054 0.72918 -33.1692 -0.560506 1.60752 5.99766 0.0205615 1.99006 -34.5633 -5.17465 -2.53313 -4.97466 -15.1551 -0.66651 -8.45602 10.6902 -5.96354e-16 -5.59082e-16 -1.27471e-14 
315.692 78.5224 435.632 5.04941 -4.37849 60.522 0 4.34476 -0.984994 -0.426672 2.79011 0.321616 0 4.80497 0.916596 -0.116435 2.53286 0.175574 -8.77771e-18 5.1242 0.0983897 0.00866588 2.67008 0.245285 -9.44946e-18 5.56568 -0.37943 0.0976756 2.33896 0.278307 -1.68784e-17 6.50642 -1.28831 0.265498 1.71908 0.23602 -2.16702e-17 8.12491 -0.78234 0.505197 1.48879 -0.0769375 -2.48435e-17 9.02658 1.34903 -0.0685589 1.01165 0.0971963 -1.10523e-17 4.09476 0.611966 0.0274206 -3.64168 -3.27942 -1.54981e-17 4.1244 0.360838 0.522988 -6.91538 -1.64411 -1.71918e-17 4.13237 0.654504 1.23204 -6.54664 0.493355 1.05481 -6.50798 6.44505 -2.482 4.3448 -3.81352 11.0826 2.77992 -2.79636 -82.226 20.9242 -6.05076 24.9873 0.0511653 0.117236 1.68334 -0.111062 -8.13846 20.7319 0.0424511 0.0972706 1.90613 -22.6339 -2.65324 -1.05481 -6.50797 6.44497 5.2977 6.01334 3.9298 -11.0826 2.77992 -2.79636 78.9523 16.1152 5.49094 -24.9873 0.0511653 0.117236 -0.894712 -0.0289708 4.31535 -20.7319 0.042451 0.0972707 -1.54348 8.09856 4.58821 7.90195 -3.59782 1.73896 -0.626256 -0.951496 -23.4183 -0.72918 -33.1692 -0.560506 -1.47139 5.49143 -0.0253515 -1.99006 -34.5633 -5.17465 2.55034 -3.49264 15.1778 0.66651 -8.45602 10.6902 -3.72721e-16 -8.07563e-16 2.48481e-17 -7.90195 -3.59782 1.73896 -0.482297 2.84843 12.9206 0.72918 -33.1692 -0.560506 1.6111 6.01095 0.0204194 1.99006 -34.5633 -5.17465 -2.53512 -4.9832 -15.1562 -0.66651 -8.45602 10.6902 -5.96354e-16 -5.59082e-16 -1.27471e-14 
315.694 78.5221 435.629 5.06599 -4.38445 60.5218 0 4.34476 -0.984994 -0.428699 2.79656 0.318289 0 4.80497 0.916596 -0.117103 2.53749 0.171872 -8.77771e-18 5.1242 0.0983897 0.00892551 2.67304 0.241765 -9.44946e-18 5.56568 -0.37943 0.0989187 2.3391 0.274746 -1.68784e-17 6.50642 -1.28831 0.267209 1.71701 0.232152 -2.16702e-17 8.12491 -0.78234 0.506732 1.48524 -0.0815026 -2.48435e-17 9.02658 1.34903 -0.0682465 1.01202 0.0973022 -1.10523e-17 4.09476 0.611966 0.0358162 -3.63314 -3.25969 -1.54981e-17 4.1244 0.360838 0.532047 -6.90864 -1.63463 -1.71918e-17 4.13237 0.654504 1.24086 -6.52691 0.507958 1.05481 -6.50798 6.44505 -2.47918 4.34792 -3.81403 11.0826 2.77992 -2.79636 -82.2178 20.9844 -6.06746 24.9873 0.0511653 0.117236 1.68449 -0.111221 -8.14408 20.7319 0.0424511 0.0972706 1.89096 -22.7011 -2.64652 -1.05481 -6.50797 6.44497 5.28671 6.01496 3.93077 -11.0826 2.77992 -2.79636 78.9444 16.0854 5.48854 -24.9873 0.0511653 0.117236 -0.894697 -0.0289698 4.31528 -20.7319 0.042451 0.0972707 -1.57424 8.20277 4.57829 7.90195 -3.59782 1.73896 -0.634523 -0.946274 -23.4071 -0.72918 -33.1692 -0.560506 -1.47769 5.51487 -0.0251565 -1.99006 -34.5633 -5.17465 2.54453 -3.49454 15.177 0.66651 -8.45602 10.6902 -1.85601e-17 -7.96495e-16 1.37805e-17 -7.90195 -3.59782 1.73896 -0.487624 2.85373 12.9383 0.72918 -33.1692 -0.560506 1.61695 6.03271 0.0201849 1.99006 -34.5633 -5.17465 -2.53722 -4.98569 -15.1571 -0.66651 -8.45602 10.6902 -5.96354e-16 -5.59082e-16 -1.27471e-14 
315.696 78.522 435.626 5.07873 -4.40774 60.5223 0 4.34476 -0.984994 -0.427781 2.80409 0.313603 0 4.80497 0.916596 -0.114842 2.54375 0.166954 -8.77771e-18 5.1242 0.0983897 0.0117614 2.67817 0.236912 -9.44946e-18 5.56568 -0.37943 0.102384 2.34226 0.269804 -1.68784e-17 6.50642 -1.28831 0.270497 1.71796 0.226502 -2.16702e-17 8.12491 -0.78234 0.508829 1.48506 -0.0880798 -2.48435e-17 9.02658 1.34903 -0.0679273 1.01199 0.0973237 -1.10523e-17 4.09476 0.611966 0.0475762 -3.60752 -3.23213 -1.54981e-17 4.1244 0.360838 0.543892 -6.89789 -1.62139 -1.71918e-17 4.13237 0.654504 1.24964 -6.51264 0.524839 1.05481 -6.50798 6.44505 -2.47447 4.34647 -3.81271 11.0826 2.77992 -2.79636 -82.2182 21.0356 -6.08345 24.9873 0.0511653 0.117236 1.68502 -0.111293 -8.14662 20.7319 0.0424511 0.0972706 1.87873 -22.753 -2.64758 -1.05481 -6.50797 6.44497 5.27015 6.01086 3.92933 -11.0826 2.77992 -2.79636 78.9417 16.0236 5.49006 -24.9873 0.0511653 0.117236 -0.893646 -0.028896 4.3102 -20.7319 0.042451 0.0972707 -1.61952 8.3471 4.57207 7.90195 -3.59782 1.73896 -0.62349 -0.924073 -23.3843 -0.72918 -33.1692 -0.560506 -1.47896 5.51957 -0.025117 -1.99006 -34.5633 -5.17465 2.54084 -3.50463 15.1771 0.66651 -8.45602 10.6902 2.48481e-17 -7.95139e-16 1.2424e-17 -7.90195 -3.59782 1.73896 -0.474911 2.86011 12.9595 0.72918 -33.1692 -0.560506 1.62455 6.06094 0.0198773 1.99006 -34.5633 -5.17465 -2.53822 -4.97522 -15.1571 -0.66651 -8.45602 10.6902 -5.96354e-16 -5.59082e-16 -1.27471e-14 
315.698 78.5216 435.624 5.08341 -4.42239 60.5068 0 4.34476 -0.984994 -0.427583 2.80992 0.309459 0 4.80497 0.916596 -0.112984 2.54896 0.162563 -8.77771e-18 5.1242 0.0983897 0.0146535 2.68323 0.232824 -9.44946e-18 5.56568 -0.37943 0.106386 2.3473 0.265761 -1.68784e-17 6.50642 -1.28831 0.27515 1.72155 0.221541 -2.16702e-17 8.12491 -0.78234 0.51328 1.48847 -0.0947444 -2.48435e-17 9.02658 1.34903 -0.0673113 1.01149 0.0972701 -1.10523e-17 4.09476 0.611966 0.063448 -3.56617 -3.21012 -1.54981e-17 4.1244 0.360838 0.577231 -6.86349 -1.60997 -1.71918e-17 4.13237 0.654504 1.28769 -6.47344 0.552217 1.05481 -6.50798 6.44505 -2.48081 4.34692 -3.81836 11.0826 2.77992 -2.79636 -82.2118 21.0887 -6.09208 24.9873 0.0511653 0.117236 1.68492 -0.111279 -8.14614 20.7319 0.0424511 0.0972706 1.8461 -22.8269 -2.67551 -1.05481 -6.50797 6.44497 5.2498 6.00691 3.93064 -11.0826 2.77992 -2.79636 78.9177 16.0179 5.49314 -24.9873 0.0511653 0.117236 -0.892693 -0.0288291 4.30559 -20.7319 0.042451 0.0972707 -1.62314 8.37329 4.59262 7.90195 -3.59782 1.73896 -0.612033 -0.898657 -23.3494 -0.72918 -33.1692 -0.560506 -1.4741 5.50152 -0.0252679 -1.99006 -34.5633 -5.17465 2.53159 -3.51354 15.1776 0.66651 -8.45602 10.6902 2.48481e-17 -7.95139e-16 1.2424e-17 -7.90195 -3.59782 1.73896 -0.464711 2.85608 12.9904 0.72918 -33.1692 -0.560506 1.63164 6.08729 0.0195869 1.99006 -34.5633 -5.17465 -2.54314 -4.96981 -15.1571 -0.66651 -8.45602 10.6902 -5.96354e-16 -5.59082e-16 -1.27471e-14 
315.7 78.5215 435.622 5.08918 -4.43513 60.5051 0 4.34476 -0.984994 -0.427192 2.81664 0.303792 0 4.80497 0.916596 -0.110157 2.55474 0.1566 -8.77771e-18 5.1242 0.0983897 0.018969 2.68851 0.227319 -9.44946e-18 5.56568 -0.37943 0.112328 2.3522 0.260367 -1.68784e-17 6.50642 -1.28831 0.282006 1.725 0.214881 -2.16702e-17 8.12491 -0.78234 0.519951 1.49173 -0.104125 -2.48435e-17 9.02658 1.34903 -0.0664941 1.01154 0.0973318 -1.10523e-17 4.09476 0.611966 0.0835416 -3.52218 -3.19209 -1.54981e-17 4.1244 0.360838 0.63133 -6.80549 -1.59976 -1.71918e-17 4.13237 0.654504 1.36924 -6.39152 0.578691 1.05481 -6.50798 6.44505 -2.50869 4.35361 -3.82932 11.0826 2.77992 -2.79636 -82.2014 21.152 -6.09397 24.9873 0.0511653 0.117236 1.68694 -0.111558 -8.15597 20.7319 0.0424511 0.0972706 1.81958 -22.9135 -2.7045 -1.05481 -6.50797 6.44497 5.23493 6.00515 3.93566 -11.0826 2.77992 -2.79636 78.8858 16.0212 5.49277 -24.9873 0.0511653 0.117236 -0.895638 -0.0290361 4.31983 -20.7319 0.042451 0.0972707 -1.62742 8.38526 4.61249 7.90195 -3.59782 1.73896 -0.604464 -0.874664 -23.3366 -0.72918 -33.1692 -0.560506 -1.46906 5.48275 -0.0254231 -1.99006 -34.5633 -5.17465 2.5206 -3.51951 15.1783 0.66651 -8.45602 10.6902 2.48481e-17 -7.95139e-16 1.2424e-17 -7.90195 -3.59782 1.73896 -0.456344 2.85347 13.0097 0.72918 -33.1692 -0.560506 1.63881 6.11392 0.0192899 1.99006 -34.5633 -5.17465 -2.55133 -4.96254 -15.1571 -0.66651 -8.45602 10.6902 -5.96354e-16 -5.59082e-16 -1.27471e-14 
315.702 78.521 435.62 5.09428 -4.44807 60.4935 0 4.34476 -0.984994 -0.425717 2.82169 0.298612 0 4.80497 0.916596 -0.106154 2.55982 0.151215 -8.77771e-18 5.1242 0.0983897 0.0246868 2.69422 0.222561 -9.44946e-18 5.56568 -0.37943 0.119912 2.35958 0.255814 -1.68784e-17 6.50642 -1.28831 0.291064 1.73214 0.208866 -2.16702e-17 8.12491 -0.78234 0.529405 1.49985 -0.113622 -2.48435e-17 9.02658 1.34903 -0.0654465 1.01134 0.097482 -1.10523e-17 4.09476 0.611966 0.107753 -3.47005 -3.17753 -1.54981e-17 4.1244 0.360838 0.707217 -6.72438 -1.59048 -1.71918e-17 4.13237 0.654504 1.46534 -6.27655 0.614812 1.05481 -6.50798 6.44505 -2.54876 4.3578 -3.83715 11.0826 2.77992 -2.79636 -82.1871 21.2077 -6.09769 24.9873 0.0511653 0.117236 1.691 -0.112119 -8.17571 20.7319 0.0424511 0.0972706 1.79922 -23.0157 -2.72395 -1.05481 -6.50797 6.44497 5.21858 5.99739 3.93726 -11.0826 2.77992 -2.79636 78.8445 16.0114 5.49992 -24.9873 0.0511653 0.117236 -0.902784 -0.029541 4.35436 -20.7319 0.042451 0.0972707 -1.63997 8.43301 4.62101 7.90195 -3.59782 1.73896 -0.596463 -0.85713 -23.3207 -0.72918 -33.1692 -0.560506 -1.46748 5.47689 -0.0254712 -1.99006 -34.5633 -5.17465 2.51578 -3.52856 15.1787 0.66651 -8.45602 10.6902 2.48481e-17 -7.95139e-16 1.2424e-17 -7.90195 -3.59782 1.73896 -0.446874 2.85325 13.0294 0.72918 -33.1692 -0.560506 1.64409 6.13353 0.019069 1.99006 -34.5633 -5.17465 -2.56082 -4.95665 -15.1568 -0.66651 -8.45602 10.6902 -5.96354e-16 -5.59082e-16 -1.27471e-14 
315.704 78.5194 435.618 5.08895 -4.46609 60.4926 0 4.34476 -0.984994 -0.419462 2.81882 0.291776 0 4.80497 0.916596 -0.0983183 2.56039 0.144894 -8.77771e-18 5.1242 0.0983897 0.0332397 2.69826 0.216678 -9.44946e-18 5.56568 -0.37943 0.129344 2.37035 0.250047 -1.68784e-17 6.50642 -1.28831 0.300605 1.74579 0.201329 -2.16702e-17 8.12491 -0.78234 0.537582 1.51555 -0.124217 -2.48435e-17 9.02658 1.34903 -0.0645514 1.01027 0.0972745 -1.10523e-17 4.09476 0.611966 0.130397 -3.3991 -3.1743 -1.54981e-17 4.1244 0.360838 0.776715 -6.65575 -1.58662 -1.71918e-17 4.13237 0.654504 1.55045 -6.18344 0.636803 1.05481 -6.50798 6.44505 -2.58182 4.3496 -3.83524 11.0826 2.77992 -2.79636 -82.1743 21.2641 -6.10705 24.9873 0.0511653 0.117236 1.6965 -0.112881 -8.20248 20.7319 0.0424511 0.0972706 1.77232 -23.1204 -2.74019 -1.05481 -6.50797 6.44497 5.18266 5.97229 3.92416 -11.0826 2.77992 -2.79636 78.826 16.0022 5.51287 -24.9873 0.0511653 0.117236 -0.912426 -0.0302292 4.40095 -20.7319 0.042451 0.0972707 -1.67379 8.54267 4.6256 7.90195 -3.59782 1.73896 -0.579197 -0.850816 -23.3031 -0.72918 -33.1692 -0.560506 -1.46798 5.47874 -0.025456 -1.99006 -34.5633 -5.17465 2.51189 -3.55176 15.1795 0.66651 -8.45602 10.6902 2.48481e-17 -7.95139e-16 1.2424e-17 -7.90195 -3.59782 1.73896 -0.425841 2.84274 13.0453 0.72918 -33.1692 -0.560506 1.65141 6.16074 0.0187596 1.99006 -34.5633 -5.17465 -2.58409 -4.94647 -15.1555 -0.66651 -8.45602 10.6902 -5.96354e-16 -5.59082e-16 -1.27471e-14 
315.706 78.518 435.615 5.09358 -4.47941 60.4929 0 4.34476 -0.984994 -0.417277 2.80671 0.286513 0 4.80497 0.916596 -0.0949359 2.55543 0.139924 -8.77771e-18 5.1242 0.0983897 0.0373994 2.70094 0.211824 -9.44946e-18 5.56568 -0.37943 0.134498 2.38609 0.24515 -1.68784e-17 6.50642 -1.28831 0.306133 1.76876 0.195413 -2.16702e-17 8.12491 -0.78234 0.542437 1.5428 -0.131881 -2.48435e-17 9.02658 1.34903 -0.063742 1.00787 0.0964278 -1.10523e-17 4.09476 0.611966 0.147551 -3.32473 -3.17754 -1.54981e-17 4.1244 0.360838 0.823755 -6.6283 -1.58657 -1.71918e-17 4.13237 0.654504 1.60375 -6.15343 0.646651 1.05481 -6.50798 6.44505 -2.60008 4.32871 -3.82331 11.0826 2.77992 -2.79636 -82.1533 21.3311 -6.12658 24.9873 0.0511653 0.117236 1.70171 -0.113606 -8.22783 20.7319 0.0424511 0.0972706 1.74469 -23.2003 -2.74073 -1.05481 -6.50797 6.44497 5.13071 5.92986 3.89727 -11.0826 2.77992 -2.79636 78.8414 16.0016 5.5271 -24.9873 0.0511653 0.117236 -0.922999 -0.0309929 4.45205 -20.7319 0.042451 0.0972707 -1.71286 8.69261 4.61751 7.90195 -3.59782 1.73896 -0.570077 -0.839491 -23.2977 -0.72918 -33.1692 -0.560506 -1.46825 5.47973 -0.0254479 -1.99006 -34.5633 -5.17465 2.49801 -3.56842 15.1802 0.66651 -8.45602 10.6902 2.48481e-17 -7.95139e-16 1.2424e-17 -7.90195 -3.59782 1.73896 -0.415625 2.83431 13.0662 0.72918 -33.1692 -0.560506 1.66065 6.19504 0.0183646 1.99006 -34.5633 -5.17465 -2.598 -4.94463 -15.1555 -0.66651 -8.45602 10.6902 -5.96354e-16 -5.59082e-16 -1.27471e-14 
315.707 78.517 435.612 5.09959 -4.49207 60.4932 0 4.34476 -0.984994 -0.417337 2.78492 0.282388 0 4.80497 0.916596 -0.0941485 2.54572 0.136061 -8.77771e-18 5.1242 0.0983897 0.0390038 2.70426 0.207918 -9.44946e-18 5.56568 -0.37943 0.137134 2.41126 0.2412 -1.68784e-17 6.50642 -1.28831 0.309347 1.80619 0.190919 -2.16702e-17 8.12491 -0.78234 0.545488 1.58801 -0.137444 -2.48435e-17 9.02658 1.34903 -0.0631046 1.00331 0.0953182 -1.10523e-17 4.09476 0.611966 0.159981 -3.24788 -3.18275 -1.54981e-17 4.1244 0.360838 0.855267 -6.63255 -1.58815 -1.71918e-17 4.13237 0.654504 1.63393 -6.17539 0.65252 1.05481 -6.50798 6.44505 -2.60079 4.29238 -3.80235 11.0826 2.77992 -2.79636 -82.1285 21.4069 -6.16842 24.9873 0.0511653 0.117236 1.70594 -0.114196 -8.2484 20.7319 0.0424511 0.0972706 1.7143 -23.2557 -2.72005 -1.05481 -6.50797 6.44497 5.08416 5.87494 3.86736 -11.0826 2.77992 -2.79636 78.8597 16.014 5.56143 -24.9873 0.0511653 0.117236 -0.931722 -0.0316301 4.49421 -20.7319 0.042451 0.0972707 -1.74435 8.82742 4.61007 7.90195 -3.59782 1.73896 -0.5638 -0.835124 -23.2891 -0.72918 -33.1692 -0.560506 -1.47229 5.49476 -0.0253239 -1.99006 -34.5633 -5.17465 2.48514 -3.58407 15.1811 0.66651 -8.45602 10.6902 2.48481e-17 -7.95139e-16 1.2424e-17 -7.90195 -3.59782 1.73896 -0.407223 2.82582 13.0864 0.72918 -33.1692 -0.560506 1.67049 6.23161 0.0179373 1.99006 -34.5633 -5.17465 -2.60854 -4.94343 -15.1557 -0.66651 -8.45602 10.6902 -5.96354e-16 -5.59082e-16 -1.27471e-14 
315.708 78.5165 435.611 5.10469 -4.50501 60.4816 0 4.34476 -0.984994 -0.416063 2.75978 0.278982 0 4.80497 0.916596 -0.0930452 2.5345 0.133066 -8.77771e-18 5.1242 0.0983897 0.0401214 2.70809 0.204715 -9.44946e-18 5.56568 -0.37943 0.138429 2.44022 0.237885 -1.68784e-17 6.50642 -1.28831 0.31045 1.84951 0.187321 -2.16702e-17 8.12491 -0.78234 0.545743 1.64087 -0.141279 -2.48435e-17 9.02658 1.34903 -0.0626533 0.997825 0.0941506 -1.10523e-17 4.09476 0.611966 0.165666 -3.18832 -3.18786 -1.54981e-17 4.1244 0.360838 0.860788 -6.64993 -1.5906 -1.71918e-17 4.13237 0.654504 1.6419 -6.21653 0.66094 1.05481 -6.50798 6.44505 -2.60237 4.25636 -3.78551 11.0826 2.77992 -2.79636 -82.0906 21.5078 -6.21398 24.9873 0.0511653 0.117236 1.70921 -0.114654 -8.26434 20.7319 0.0424511 0.0972706 1.66316 -23.3429 -2.71824 -1.05481 -6.50797 6.44497 5.05645 5.82257 3.84527 -11.0826 2.77992 -2.79636 78.8568 16.0517 5.61075 -24.9873 0.0511653 0.117236 -0.939354 -0.032193 4.53109 -20.7319 0.042451 0.0972707 -1.7549 8.87309 4.60821 7.90195 -3.59782 1.73896 -0.554474 -0.828323 -23.2714 -0.72918 -33.1692 -0.560506 -1.47566 5.50731 -0.0252196 -1.99006 -34.5633 -5.17465 2.4678 -3.59981 15.182 0.66651 -8.45602 10.6902 2.48481e-17 -7.95139e-16 1.2424e-17 -7.90195 -3.59782 1.73896 -0.397346 2.81198 13.1158 0.72918 -33.1692 -0.560506 1.68238 6.27575 0.017413 1.99006 -34.5633 -5.17465 -2.62082 -4.93985 -15.1555 -0.66651 -8.45602 10.6902 -5.96354e-16 -5.59082e-16 -1.27471e-14 
315.709 78.5161 435.611 5.11447 -4.50171 60.464 0 4.34476 -0.984994 -0.418993 2.73481 0.277035 0 4.80497 0.916596 -0.0959826 2.52312 0.13118 -8.77771e-18 5.1242 0.0983897 0.037776 2.71145 0.202762 -9.44946e-18 5.56568 -0.37943 0.136849 2.46833 0.235894 -1.68784e-17 6.50642 -1.28831 0.309623 1.89209 0.185542 -2.16702e-17 8.12491 -0.78234 0.545374 1.6931 -0.143164 -2.48435e-17 9.02658 1.34903 -0.0621607 0.992537 0.0932577 -1.10523e-17 4.09476 0.611966 0.166099 -3.15716 -3.19839 -1.54981e-17 4.1244 0.360838 0.855973 -6.67028 -1.59595 -1.71918e-17 4.13237 0.654504 1.63808 -6.25746 0.669006 1.05481 -6.50798 6.44505 -2.60418 4.22677 -3.77351 11.0826 2.77992 -2.79636 -82.0438 21.6382 -6.26169 24.9873 0.0511653 0.117236 1.71239 -0.115099 -8.27979 20.7319 0.0424511 0.0972706 1.60607 -23.4643 -2.71075 -1.05481 -6.50797 6.44497 5.05119 5.78025 3.83498 -11.0826 2.77992 -2.79636 78.8319 16.1223 5.66123 -24.9873 0.0511653 0.117236 -0.9473 -0.0327842 4.5695 -20.7319 0.042451 0.0972707 -1.7377 8.81872 4.60048 7.90195 -3.59782 1.73896 -0.560602 -0.819215 -23.2427 -0.72918 -33.1692 -0.560506 -1.47584 5.50798 -0.025214 -1.99006 -34.5633 -5.17465 2.44643 -3.60333 15.1823 0.66651 -8.45602 10.6902 2.48481e-17 -7.95139e-16 1.2424e-17 -7.90195 -3.59782 1.73896 -0.405601 2.78927 13.1575 0.72918 -33.1692 -0.560506 1.69727 6.33104 0.0167433 1.99006 -34.5633 -5.17465 -2.62412 -4.95245 -15.1576 -0.66651 -8.45602 10.6902 -5.96354e-16 -5.59082e-16 -1.27471e-14 
315.71 78.5166 435.611 5.11913 -4.51296 60.4385 0 4.34476 -0.984994 -0.417539 2.71065 0.276171 0 4.80497 0.916596 -0.0955031 2.51211 0.130852 -8.77771e-18 5.1242 0.0983897 0.0380004 2.71446 0.202393 -9.44946e-18 5.56568 -0.37943 0.136904 2.49503 0.235572 -1.68784e-17 6.50642 -1.28831 0.309744 1.93245 0.18528 -2.16702e-17 8.12491 -0.78234 0.545301 1.74292 -0.143471 -2.48435e-17 9.02658 1.34903 -0.0618644 0.987381 0.0927751 -1.10523e-17 4.09476 0.611966 0.162149 -3.15282 -3.21208 -1.54981e-17 4.1244 0.360838 0.846829 -6.69743 -1.60288 -1.71918e-17 4.13237 0.654504 1.62054 -6.29823 0.672326 1.05481 -6.50798 6.44505 -2.60011 4.19899 -3.762 11.0826 2.77992 -2.79636 -82.0124 21.755 -6.30517 24.9873 0.0511653 0.117236 1.71504 -0.115471 -8.29269 20.7319 0.0424511 0.0972706 1.57565 -23.551 -2.67827 -1.05481 -6.50797 6.44497 5.06512 5.74742 3.83311 -11.0826 2.77992 -2.79636 78.7942 16.1808 5.72149 -24.9873 0.0511653 0.117236 -0.95252 -0.0331756 4.59473 -20.7319 0.042451 0.0972707 -1.71523 8.80106 4.56956 7.90195 -3.59782 1.73896 -0.550718 -0.806521 -23.1998 -0.72918 -33.1692 -0.560506 -1.47617 5.5092 -0.0252039 -1.99006 -34.5633 -5.17465 2.43633 -3.61075 15.1821 0.66651 -8.45602 10.6902 2.48481e-17 -7.95139e-16 1.2424e-17 -7.90195 -3.59782 1.73896 -0.39728 2.77085 13.2018 0.72918 -33.1692 -0.560506 1.71024 6.3792 0.0161481 1.99006 -34.5633 -5.17465 -2.62421 -4.95097 -15.1583 -0.66651 -8.45602 10.6902 -5.96354e-16 -5.59082e-16 -1.27471e-14 
315.71 78.5157 435.612 5.11665 -4.51529 60.4079 0 4.34476 -0.984994 -0.417924 2.68479 0.277476 0 4.80497 0.916596 -0.0968487 2.49942 0.132485 -8.77771e-18 5.1242 0.0983897 0.0366918 2.71537 0.203993 -9.44946e-18 5.56568 -0.37943 0.135649 2.51917 0.237341 -1.68784e-17 6.50642 -1.28831 0.309188 1.96972 0.187438 -2.16702e-17 8.12491 -0.78234 0.545622 1.78926 -0.14124 -2.48435e-17 9.02658 1.34903 -0.0615023 0.982566 0.0926344 -1.10523e-17 4.09476 0.611966 0.155669 -3.17064 -3.22277 -1.54981e-17 4.1244 0.360838 0.83695 -6.72962 -1.60843 -1.71918e-17 4.13237 0.654504 1.58948 -6.3445 0.664664 1.05481 -6.50798 6.44505 -2.58146 4.1706 -3.74417 11.0826 2.77992 -2.79636 -82.008 21.8371 -6.34371 24.9873 0.0511653 0.117236 1.71486 -0.115445 -8.2918 20.7319 0.0424511 0.0972706 1.5719 -23.5889 -2.63487 -1.05481 -6.50797 6.44497 5.09384 5.72362 3.83544 -11.0826 2.77992 -2.79636 78.7535 16.1955 5.78617 -24.9873 0.0511653 0.117236 -0.952407 -0.0331671 4.59419 -20.7319 0.042451 0.0972707 -1.71024 8.85143 4.51868 7.90195 -3.59782 1.73896 -0.542923 -0.798573 -23.1519 -0.72918 -33.1692 -0.560506 -1.47364 5.49979 -0.0252822 -1.99006 -34.5633 -5.17465 2.42087 -3.62255 15.1824 0.66651 -8.45602 10.6902 2.48481e-17 -7.95139e-16 1.2424e-17 -7.90195 -3.59782 1.73896 -0.393241 2.74431 13.2413 0.72918 -33.1692 -0.560506 1.72204 6.42299 0.0155972 1.99006 -34.5633 -5.17465 -2.62261 -4.96147 -15.1604 -0.66651 -8.45602 10.6902 -5.96354e-16 -5.59082e-16 -1.27471e-14 
315.711 78.5134 435.612 5.11004 -4.50438 60.3924 0 4.34476 -0.984994 -0.421419 2.66406 0.279672 0 4.80497 0.916596 -0.100922 2.48866 0.134518 -8.77771e-18 5.1242 0.0983897 0.0329295 2.71461 0.205957 -9.44946e-18 5.56568 -0.37943 0.132145 2.53581 0.23944 -1.68784e-17 6.50642 -1.28831 0.306522 1.99577 0.190263 -2.16702e-17 8.12491 -0.78234 0.544281 1.82187 -0.13779 -2.48435e-17 9.02658 1.34903 -0.0613613 0.978968 0.0927957 -1.10523e-17 4.09476 0.611966 0.144657 -3.20733 -3.23456 -1.54981e-17 4.1244 0.360838 0.815099 -6.75697 -1.61474 -1.71918e-17 4.13237 0.654504 1.55216 -6.37777 0.644191 1.05481 -6.50798 6.44505 -2.56057 4.15272 -3.73386 11.0826 2.77992 -2.79636 -82.0163 21.8822 -6.3678 24.9873 0.0511653 0.117236 1.71093 -0.114894 -8.27269 20.7319 0.0424511 0.0972706 1.58593 -23.5908 -2.58799 -1.05481 -6.50797 6.44497 5.13339 5.71845 3.85044 -11.0826 2.77992 -2.79636 78.7072 16.1903 5.8396 -24.9873 0.0511653 0.117236 -0.944941 -0.0326083 4.5581 -20.7319 0.042451 0.0972707 -1.7034 8.87249 4.4877 7.90195 -3.59782 1.73896 -0.546435 -0.793124 -23.1117 -0.72918 -33.1692 -0.560506 -1.46646 5.47306 -0.0255025 -1.99006 -34.5633 -5.17465 2.41104 -3.63069 15.1825 0.66651 -8.45602 10.6902 2.48481e-17 -7.95139e-16 1.2424e-17 -7.90195 -3.59782 1.73896 -0.400381 2.71965 13.2656 0.72918 -33.1692 -0.560506 1.72955 6.45089 0.0152416 1.99006 -34.5633 -5.17465 -2.62219 -4.98566 -15.1628 -0.66651 -8.45602 10.6902 -2.42198e-16 -5.81217e-16 -1.27581e-14 
315.713 78.5116 435.611 5.10393 -4.49175 60.3906 0 4.34476 -0.984994 -0.424406 2.64834 0.281398 0 4.80497 0.916596 -0.104393 2.48039 0.13592 -8.77771e-18 5.1242 0.0983897 0.0295413 2.71345 0.207176 -9.44946e-18 5.56568 -0.37943 0.128705 2.54727 0.240737 -1.68784e-17 6.50642 -1.28831 0.303314 2.01358 0.192255 -2.16702e-17 8.12491 -0.78234 0.541731 1.84452 -0.134851 -2.48435e-17 9.02658 1.34903 -0.0615138 0.976277 0.0930776 -1.10523e-17 4.09476 0.611966 0.131009 -3.24674 -3.25271 -1.54981e-17 4.1244 0.360838 0.788281 -6.77483 -1.62415 -1.71918e-17 4.13237 0.654504 1.52299 -6.39198 0.625065 1.05481 -6.50798 6.44505 -2.54794 4.14359 -3.73024 11.0826 2.77992 -2.79636 -82.0273 21.8845 -6.38048 24.9873 0.0511653 0.117236 1.7032 -0.113814 -8.23507 20.7319 0.0424511 0.0972706 1.6046 -23.5456 -2.55002 -1.05481 -6.50797 6.44497 5.17785 5.72417 3.86892 -11.0826 2.77992 -2.79636 78.6596 16.1668 5.87849 -24.9873 0.0511653 0.117236 -0.933278 -0.0317447 4.50173 -20.7319 0.042451 0.0972707 -1.70264 8.88507 4.48293 7.90195 -3.59782 1.73896 -0.55456 -0.801126 -23.0841 -0.72918 -33.1692 -0.560506 -1.46505 5.46783 -0.0255452 -1.99006 -34.5633 -5.17465 2.40121 -3.63786 15.1823 0.66651 -8.45602 10.6902 -3.29308e-16 -8.06206e-16 2.34914e-17 -7.90195 -3.59782 1.73896 -0.407544 2.70714 13.2645 0.72918 -33.1692 -0.560506 1.73197 6.45986 0.0151264 1.99006 -34.5633 -5.17465 -2.63787 -5.00085 -15.1634 -0.66651 -8.45602 10.6902 -5.52941e-16 -5.61795e-16 -1.27484e-14 
315.715 78.5076 435.611 5.07936 -4.4737 60.3747 0 4.34476 -0.984994 -0.426933 2.63269 0.283174 0 4.80497 0.916596 -0.107327 2.47103 0.137238 -8.77771e-18 5.1242 0.0983897 0.0266455 2.70963 0.208296 -9.44946e-18 5.56568 -0.37943 0.125671 2.55321 0.241866 -1.68784e-17 6.50642 -1.28831 0.300361 2.02453 0.193953 -2.16702e-17 8.12491 -0.78234 0.539243 1.85914 -0.13231 -2.48435e-17 9.02658 1.34903 -0.0615484 0.974143 0.0930688 -1.10523e-17 4.09476 0.611966 0.121934 -3.27892 -3.25428 -1.54981e-17 4.1244 0.360838 0.767757 -6.78517 -1.62566 -1.71918e-17 4.13237 0.654504 1.49872 -6.40485 0.613965 1.05481 -6.50798 6.44505 -2.54087 4.13819 -3.72445 11.0826 2.77992 -2.79636 -82.0417 21.8489 -6.37036 24.9873 0.0511653 0.117236 1.69482 -0.112649 -8.19433 20.7319 0.0424511 0.0972706 1.62027 -23.4717 -2.53649 -1.05481 -6.50797 6.44497 5.2162 5.72909 3.87762 -11.0826 2.77992 -2.79636 78.625 16.1291 5.90073 -24.9873 0.0511653 0.117236 -0.923487 -0.0310286 4.45441 -20.7319 0.042451 0.0972707 -1.71635 8.89014 4.49861 7.90195 -3.59782 1.73896 -0.556109 -0.821524 -23.0564 -0.72918 -33.1692 -0.560506 -1.46201 5.45653 -0.0256371 -1.99006 -34.5633 -5.17465 2.39565 -3.66124 15.1829 0.66651 -8.45602 10.6902 -1.8569e-17 -7.96495e-16 1.37808e-17 -7.90195 -3.59782 1.73896 -0.408348 2.68679 13.2598 0.72918 -33.1692 -0.560506 1.72901 6.44889 0.0152672 1.99006 -34.5633 -5.17465 -2.66075 -5.0228 -15.1645 -0.66651 -8.45602 10.6902 -9.50506e-16 -5.48015e-16 -1.27249e-14 
315.714 78.5054 435.612 5.07018 -4.46064 60.3607 0 4.34476 -0.984994 -0.430887 2.62224 0.285189 0 4.80497 0.916596 -0.111734 2.46484 0.13859 -8.77771e-18 5.1242 0.0983897 0.0222989 2.7072 0.209387 -9.44946e-18 5.56568 -0.37943 0.121263 2.55735 0.242854 -1.68784e-17 6.50642 -1.28831 0.296143 2.03208 0.195729 -2.16702e-17 8.12491 -0.78234 0.535575 1.86937 -0.129298 -2.48435e-17 9.02658 1.34903 -0.0617354 0.972608 0.0927306 -1.10523e-17 4.09476 0.611966 0.110455 -3.3138 -3.26841 -1.54981e-17 4.1244 0.360838 0.745651 -6.80218 -1.63303 -1.71918e-17 4.13237 0.654504 1.48959 -6.41657 0.606878 1.05481 -6.50798 6.44505 -2.54817 4.13662 -3.7217 11.0826 2.77992 -2.79636 -82.034 21.7915 -6.35364 24.9873 0.0511653 0.117236 1.68733 -0.111612 -8.15787 20.7319 0.0424511 0.0972706 1.62879 -23.4085 -2.53572 -1.05481 -6.50797 6.44497 5.24149 5.72956 3.87772 -11.0826 2.77992 -2.79636 78.6041 16.1023 5.90564 -24.9873 0.0511653 0.117236 -0.918045 -0.0306342 4.42811 -20.7319 0.042451 0.0972707 -1.71518 8.8582 4.53424 7.90195 -3.59782 1.73896 -0.558511 -0.828532 -23.0295 -0.72918 -33.1692 -0.560506 -1.45903 5.44541 -0.0257269 -1.99006 -34.5633 -5.17465 2.3798 -3.67381 15.1832 0.66651 -8.45602 10.6902 2.48481e-17 -7.95139e-16 1.2424e-17 -7.90195 -3.59782 1.73896 -0.411951 2.68828 13.267 0.72918 -33.1692 -0.560506 1.72214 6.42338 0.0155924 1.99006 -34.5633 -5.17465 -2.67721 -5.0356 -15.1646 -0.66651 -8.45602 10.6902 -6.39772e-16 -5.57725e-16 -1.27444e-14 
315.715 78.5019 435.613 5.05783 -4.43697 60.3468 0 4.34476 -0.984994 -0.440906 2.61359 0.287947 0 4.80497 0.916596 -0.12093 2.45945 0.140068 -8.77771e-18 5.1242 0.0983897 0.0146303 2.70486 0.210813 -9.44946e-18 5.56568 -0.37943 0.115107 2.56 0.244212 -1.68784e-17 6.50642 -1.28831 0.291991 2.03782 0.198098 -2.16702e-17 8.12491 -0.78234 0.533977 1.87754 -0.126463 -2.48435e-17 9.02658 1.34903 -0.0614626 0.971465 0.0922836 -1.10523e-17 4.09476 0.611966 0.105295 -3.34171 -3.27018 -1.54981e-17 4.1244 0.360838 0.740075 -6.8147 -1.63416 -1.71918e-17 4.13237 0.654504 1.48973 -6.42687 0.598498 1.05481 -6.50798 6.44505 -2.5576 4.13658 -3.71694 11.0826 2.77992 -2.79636 -82.0111 21.7623 -6.33343 24.9873 0.0511653 0.117236 1.68346 -0.111078 -8.13904 20.7319 0.0424511 0.0972706 1.61825 -23.393 -2.54453 -1.05481 -6.50797 6.44497 5.26277 5.72656 3.87406 -11.0826 2.77992 -2.79636 78.5938 16.0882 5.89989 -24.9873 0.0511653 0.117236 -0.918853 -0.0306926 4.43202 -20.7319 0.042451 0.0972707 -1.71905 8.82403 4.56431 7.90195 -3.59782 1.73896 -0.570685 -0.839231 -22.9962 -0.72918 -33.1692 -0.560506 -1.45414 5.42722 -0.0258725 -1.99006 -34.5633 -5.17465 2.37225 -3.68496 15.1834 0.66651 -8.45602 10.6902 2.48481e-17 -7.95139e-16 1.2424e-17 -7.90195 -3.59782 1.73896 -0.425529 2.67724 13.278 0.72918 -33.1692 -0.560506 1.71843 6.4096 0.0157666 1.99006 -34.5633 -5.17465 -2.68274 -5.06487 -15.1676 -0.66651 -8.45602 10.6902 -9.50506e-16 -5.48015e-16 -1.27249e-14 
315.715 78.4992 435.614 5.04819 -4.42381 60.3174 0 4.34476 -0.984994 -0.450166 2.60873 0.292125 0 4.80497 0.916596 -0.129483 2.45632 0.142926 -8.77771e-18 5.1242 0.0983897 0.00757709 2.70336 0.213606 -9.44946e-18 5.56568 -0.37943 0.109564 2.5608 0.246917 -1.68784e-17 6.50642 -1.28831 0.288882 2.04051 0.201756 -2.16702e-17 8.12491 -0.78234 0.533802 1.8818 -0.122579 -2.48435e-17 9.02658 1.34903 -0.0612116 0.970853 0.0919316 -1.10523e-17 4.09476 0.611966 0.0997735 -3.3643 -3.28623 -1.54981e-17 4.1244 0.360838 0.740799 -6.82359 -1.6417 -1.71918e-17 4.13237 0.654504 1.50525 -6.43025 0.602583 1.05481 -6.50798 6.44505 -2.5703 4.13626 -3.7095 11.0826 2.77992 -2.79636 -81.9845 21.7389 -6.30418 24.9873 0.0511653 0.117236 1.6836 -0.111098 -8.13973 20.7319 0.0424511 0.0972706 1.60373 -23.3924 -2.56867 -1.05481 -6.50797 6.44497 5.27249 5.72072 3.86385 -11.0826 2.77992 -2.79636 78.5949 16.0703 5.89776 -24.9873 0.0511653 0.117236 -0.923001 -0.0309933 4.45206 -20.7319 0.042451 0.0972707 -1.72792 8.85871 4.57033 7.90195 -3.59782 1.73896 -0.575042 -0.844171 -22.953 -0.72918 -33.1692 -0.560506 -1.45097 5.41545 -0.0259659 -1.99006 -34.5633 -5.17465 2.37724 -3.69442 15.1832 0.66651 -8.45602 10.6902 2.48481e-17 -7.95139e-16 1.2424e-17 -7.90195 -3.59782 1.73896 -0.430151 2.66168 13.3094 0.72918 -33.1692 -0.560506 1.71922 6.41254 0.0157295 1.99006 -34.5633 -5.17465 -2.69241 -5.08374 -15.1689 -0.66651 -8.45602 10.6902 -6.39772e-16 -5.57725e-16 -1.27444e-14 
315.715 78.4975 435.615 5.04628 -4.42279 60.3021 0 4.34476 -0.984994 -0.457272 2.6069 0.29536 0 4.80497 0.916596 -0.135868 2.45542 0.145278 -8.77771e-18 5.1242 0.0983897 0.00261095 2.70362 0.216001 -9.44946e-18 5.56568 -0.37943 0.106139 2.56294 0.249306 -1.68784e-17 6.50642 -1.28831 0.287816 2.04411 0.204779 -2.16702e-17 8.12491 -0.78234 0.535533 1.88679 -0.119904 -2.48435e-17 9.02658 1.34903 -0.0607146 0.970717 0.0918812 -1.10523e-17 4.09476 0.611966 0.0985744 -3.36655 -3.30105 -1.54981e-17 4.1244 0.360838 0.753393 -6.82107 -1.64821 -1.71918e-17 4.13237 0.654504 1.52632 -6.42269 0.596781 1.05481 -6.50798 6.44505 -2.58055 4.13312 -3.70007 11.0826 2.77992 -2.79636 -81.9618 21.7336 -6.282 24.9873 0.0511653 0.117236 1.68798 -0.111702 -8.16104 20.7319 0.0424511 0.0972706 1.59715 -23.3909 -2.58282 -1.05481 -6.50797 6.44497 5.279 5.71247 3.8552 -11.0826 2.77992 -2.79636 78.5933 16.0317 5.89549 -24.9873 0.0511653 0.117236 -0.929209 -0.0314461 4.48206 -20.7319 0.042451 0.0972707 -1.74241 8.93651 4.55534 7.90195 -3.59782 1.73896 -0.572822 -0.837727 -22.9267 -0.72918 -33.1692 -0.560506 -1.44796 5.40423 -0.0260543 -1.99006 -34.5633 -5.17465 2.37216 -3.70394 15.1838 0.66651 -8.45602 10.6902 -3.29304e-16 -8.06206e-16 2.34913e-17 -7.90195 -3.59782 1.73896 -0.428909 2.65494 13.3277 0.72918 -33.1692 -0.560506 1.72212 6.42331 0.0155932 1.99006 -34.5633 -5.17465 -2.69349 -5.09351 -15.1702 -0.66651 -8.45602 10.6902 -5.96354e-16 -5.59082e-16 -1.27471e-14 
315.716 78.4978 435.615 5.06274 -4.42881 60.3005 0 4.34476 -0.984994 -0.462928 2.61476 0.297842 0 4.80497 0.916596 -0.140862 2.46107 0.147083 -8.77771e-18 5.1242 0.0983897 -0.00116251 2.70783 0.217917 -9.44946e-18 5.56568 -0.37943 0.103678 2.5647 0.251233 -1.68784e-17 6.50642 -1.28831 0.287428 2.04413 0.207173 -2.16702e-17 8.12491 -0.78234 0.537514 1.8868 -0.117795 -2.48435e-17 9.02658 1.34903 -0.0603216 0.97136 0.0921577 -1.10523e-17 4.09476 0.611966 0.0970595 -3.361 -3.32666 -1.54981e-17 4.1244 0.360838 0.767215 -6.81296 -1.6595 -1.71918e-17 4.13237 0.654504 1.55334 -6.40795 0.590957 1.05481 -6.50798 6.44505 -2.59151 4.13423 -3.69921 11.0826 2.77992 -2.79636 -81.9302 21.7547 -6.2724 24.9873 0.0511653 0.117236 1.69355 -0.112473 -8.18815 20.7319 0.0424511 0.0972706 1.58349 -23.3959 -2.59193 -1.05481 -6.50797 6.44497 5.27816 5.711 3.85424 -11.0826 2.77992 -2.79636 78.5807 16.0182 5.8919 -24.9873 0.0511653 0.117236 -0.933622 -0.03177 4.50339 -20.7319 0.042451 0.0972707 -1.74212 8.94143 4.55056 7.90195 -3.59782 1.73896 -0.573896 -0.817229 -22.9032 -0.72918 -33.1692 -0.560506 -1.44651 5.39882 -0.0260967 -1.99006 -34.5633 -5.17465 2.35748 -3.70222 15.1832 0.66651 -8.45602 10.6902 -1.85696e-17 -7.96495e-16 1.37808e-17 -7.90195 -3.59782 1.73896 -0.429604 2.67584 13.3276 0.72918 -33.1692 -0.560506 1.72131 6.42029 0.0156315 1.99006 -34.5633 -5.17465 -2.704 -5.08811 -15.1695 -0.66651 -8.45602 10.6902 -5.96354e-16 -5.59082e-16 -1.27471e-14 
315.717 78.4975 435.615 5.0701 -4.44084 60.3007 0 4.34476 -0.984994 -0.464073 2.62044 0.298094 0 4.80497 0.916596 -0.141438 2.46574 0.147218 -8.77771e-18 5.1242 0.0983897 -0.000995282 2.71208 0.218176 -9.44946e-18 5.56568 -0.37943 0.104659 2.56837 0.251549 -1.68784e-17 6.50642 -1.28831 0.289542 2.04687 0.207292 -2.16702e-17 8.12491 -0.78234 0.540571 1.88966 -0.118541 -2.48435e-17 9.02658 1.34903 -0.0601194 0.971391 0.092239 -1.10523e-17 4.09476 0.611966 0.0994414 -3.32804 -3.353 -1.54981e-17 4.1244 0.360838 0.790272 -6.80622 -1.67092 -1.71918e-17 4.13237 0.654504 1.584 -6.408 0.585951 1.05481 -6.50798 6.44505 -2.59196 4.12742 -3.69327 11.0826 2.77992 -2.79636 -81.9127 21.7712 -6.2705 24.9873 0.0511653 0.117236 1.69931 -0.113272 -8.21615 20.7319 0.0424511 0.0972706 1.57277 -23.3907 -2.5891 -1.05481 -6.50797 6.44497 5.26461 5.70059 3.84647 -11.0826 2.77992 -2.79636 78.576 16.0272 5.89727 -24.9873 0.0511653 0.117236 -0.93786 -0.0320826 4.52388 -20.7319 0.042451 0.0972707 -1.75124 8.93522 4.56249 7.90195 -3.59782 1.73896 -0.567187 -0.807308 -22.883 -0.72918 -33.1692 -0.560506 -1.44829 5.40545 -0.0260447 -1.99006 -34.5633 -5.17465 2.35228 -3.71054 15.1835 0.66651 -8.45602 10.6902 2.48481e-17 -7.95139e-16 1.2424e-17 -7.90195 -3.59782 1.73896 -0.419607 2.70178 13.3196 0.72918 -33.1692 -0.560506 1.71579 6.3998 0.01589 1.99006 -34.5633 -5.17465 -2.71452 -5.07891 -15.1688 -0.66651 -8.45602 10.6902 -5.96354e-16 -5.59082e-16 -1.27471e-14 
315.717 78.4975 435.615 5.08642 -4.44848 60.2887 0 4.34476 -0.984994 -0.468077 2.62866 0.298694 0 4.80497 0.916596 -0.144453 2.47185 0.147256 -8.77771e-18 5.1242 0.0983897 -0.0028212 2.71691 0.218321 -9.44946e-18 5.56568 -0.37943 0.104182 2.57095 0.251682 -1.68784e-17 6.50642 -1.28831 0.290778 2.04781 0.207479 -2.16702e-17 8.12491 -0.78234 0.543418 1.8902 -0.119178 -2.48435e-17 9.02658 1.34903 -0.059725 0.971852 0.0921023 -1.10523e-17 4.09476 0.611966 0.103019 -3.2903 -3.37673 -1.54981e-17 4.1244 0.360838 0.812611 -6.79385 -1.68119 -1.71918e-17 4.13237 0.654504 1.6147 -6.40353 0.58257 1.05481 -6.50798 6.44505 -2.59334 4.12389 -3.68946 11.0826 2.77992 -2.79636 -81.8875 21.8009 -6.26977 24.9873 0.0511653 0.117236 1.70456 -0.114004 -8.2417 20.7319 0.0424511 0.0972706 1.55824 -23.4261 -2.59221 -1.05481 -6.50797 6.44497 5.24792 5.68863 3.83857 -11.0826 2.77992 -2.79636 78.5757 16.0263 5.90286 -24.9873 0.0511653 0.117236 -0.944765 -0.0325952 4.55725 -20.7319 0.042451 0.0972707 -1.76814 8.97953 4.56293 7.90195 -3.59782 1.73896 -0.563941 -0.77948 -22.868 -0.72918 -33.1692 -0.560506 -1.44432 5.3907 -0.0261601 -1.99006 -34.5633 -5.17465 2.33281 -3.71203 15.1834 0.66651 -8.45602 10.6902 2.48481e-17 -7.95139e-16 1.2424e-17 -7.90195 -3.59782 1.73896 -0.418399 2.72927 13.3273 0.72918 -33.1692 -0.560506 1.71177 6.38489 0.016077 1.99006 -34.5633 -5.17465 -2.71761 -5.07583 -15.1693 -0.66651 -8.45602 10.6902 -5.96354e-16 -5.59082e-16 -1.27471e-14 
315.717 78.4963 435.616 5.08635 -4.44984 60.2715 0 4.34476 -0.984994 -0.47172 2.63108 0.299848 0 4.80497 0.916596 -0.147498 2.47398 0.148087 -8.77771e-18 5.1242 0.0983897 -0.00477553 2.7192 0.219328 -9.44946e-18 5.56568 -0.37943 0.103465 2.57352 0.252731 -1.68784e-17 6.50642 -1.28831 0.291859 2.05043 0.20866 -2.16702e-17 8.12491 -0.78234 0.546274 1.89317 -0.118733 -2.48435e-17 9.02658 1.34903 -0.059272 0.971841 0.0920482 -1.10523e-17 4.09476 0.611966 0.104511 -3.25615 -3.40463 -1.54981e-17 4.1244 0.360838 0.830475 -6.78269 -1.69352 -1.71918e-17 4.13237 0.654504 1.63357 -6.4019 0.578897 1.05481 -6.50798 6.44505 -2.58833 4.11763 -3.68354 11.0826 2.77992 -2.79636 -81.8631 21.844 -6.27541 24.9873 0.0511653 0.117236 1.71056 -0.114842 -8.27088 20.7319 0.0424511 0.0972706 1.54282 -23.4855 -2.60206 -1.05481 -6.50797 6.44497 5.23527 5.67655 3.83116 -11.0826 2.77992 -2.79636 78.5721 16.0304 5.91373 -24.9873 0.0511653 0.117236 -0.95186 -0.0331261 4.59155 -20.7319 0.042451 0.0972707 -1.78501 9.03072 4.55687 7.90195 -3.59782 1.73896 -0.557689 -0.771603 -22.8385 -0.72918 -33.1692 -0.560506 -1.44207 5.38231 -0.0262253 -1.99006 -34.5633 -5.17465 2.31423 -3.72471 15.1841 0.66651 -8.45602 10.6902 2.48481e-17 -7.95139e-16 1.2424e-17 -7.90195 -3.59782 1.73896 -0.415105 2.7368 13.3478 0.72918 -33.1692 -0.560506 1.70899 6.37458 0.0162056 1.99006 -34.5633 -5.17465 -2.71789 -5.08165 -15.1704 -0.66651 -8.45602 10.6902 -5.96354e-16 -5.59082e-16 -1.27471e-14 
315.717 78.4952 435.617 5.08611 -4.44992 60.2695 0 4.34476 -0.984994 -0.474988 2.63172 0.300308 0 4.80497 0.916596 -0.150393 2.47423 0.148402 -8.77771e-18 5.1242 0.0983897 -0.00702884 2.71913 0.219786 -9.44946e-18 5.56568 -0.37943 0.101973 2.57321 0.253188 -1.68784e-17 6.50642 -1.28831 0.291331 2.05019 0.209304 -2.16702e-17 8.12491 -0.78234 0.546741 1.89244 -0.118325 -2.48435e-17 9.02658 1.34903 -0.0590404 0.972072 0.0920435 -1.10523e-17 4.09476 0.611966 0.104214 -3.23273 -3.41929 -1.54981e-17 4.1244 0.360838 0.832138 -6.77341 -1.70028 -1.71918e-17 4.13237 0.654504 1.64518 -6.39894 0.56385 1.05481 -6.50798 6.44505 -2.58011 4.1146 -3.68169 11.0826 2.77992 -2.79636 -81.8364 21.9019 -6.28179 24.9873 0.0511653 0.117236 1.71606 -0.115615 -8.29767 20.7319 0.0424511 0.0972706 1.52464 -23.5566 -2.59864 -1.05481 -6.50797 6.44497 5.2242 5.66965 3.82939 -11.0826 2.77992 -2.79636 78.5635 16.0682 5.91635 -24.9873 0.0511653 0.117236 -0.957371 -0.0335413 4.61818 -20.7319 0.042451 0.0972707 -1.77203 8.99476 4.56321 7.90195 -3.59782 1.73896 -0.559488 -0.773016 -22.8338 -0.72918 -33.1692 -0.560506 -1.44286 5.38526 -0.0262024 -1.99006 -34.5633 -5.17465 2.3237 -3.7268 15.1841 0.66651 -8.45602 10.6902 2.48481e-17 -7.95139e-16 1.2424e-17 -7.90195 -3.59782 1.73896 -0.411936 2.74133 13.3588 0.72918 -33.1692 -0.560506 1.70787 6.3704 0.0162576 1.99006 -34.5633 -5.17465 -2.73283 -5.08236 -15.1698 -0.66651 -8.45602 10.6902 -9.50506e-16 -5.48015e-16 -1.27249e-14 
315.717 78.4958 435.617 5.10268 -4.45591 60.2694 0 4.34476 -0.984994 -0.477474 2.63467 0.300028 0 4.80497 0.916596 -0.152614 2.47656 0.147901 -8.77771e-18 5.1242 0.0983897 -0.00873774 2.72105 0.219373 -9.44946e-18 5.56568 -0.37943 0.100849 2.57448 0.252748 -1.68784e-17 6.50642 -1.28831 0.290879 2.05121 0.209017 -2.16702e-17 8.12491 -0.78234 0.546792 1.89334 -0.118673 -2.48435e-17 9.02658 1.34903 -0.0590344 0.972285 0.0921221 -1.10523e-17 4.09476 0.611966 0.101916 -3.21307 -3.43925 -1.54981e-17 4.1244 0.360838 0.831245 -6.76091 -1.70964 -1.71918e-17 4.13237 0.654504 1.65139 -6.38685 0.56452 1.05481 -6.50798 6.44505 -2.57339 4.11225 -3.68127 11.0826 2.77992 -2.79636 -81.8131 21.9512 -6.29622 24.9873 0.0511653 0.117236 1.72017 -0.116193 -8.31764 20.7319 0.0424511 0.0972706 1.51992 -23.5898 -2.57077 -1.05481 -6.50797 6.44497 5.22216 5.66342 3.83066 -11.0826 2.77992 -2.79636 78.5501 16.0976 5.919 -24.9873 0.0511653 0.117236 -0.963383 -0.0339974 4.64725 -20.7319 0.042451 0.0972707 -1.76654 8.94599 4.56313 7.90195 -3.59782 1.73896 -0.562403 -0.760061 -22.8136 -0.72918 -33.1692 -0.560506 -1.44487 5.39275 -0.0261441 -1.99006 -34.5633 -5.17465 2.3208 -3.721 15.1824 0.66651 -8.45602 10.6902 -3.29304e-16 -8.06206e-16 2.34913e-17 -7.90195 -3.59782 1.73896 -0.411014 2.76224 13.3612 0.72918 -33.1692 -0.560506 1.70691 6.36685 0.0163018 1.99006 -34.5633 -5.17465 -2.74662 -5.07455 -15.1695 -0.66651 -8.45602 10.6902 -9.93923e-16 -5.46658e-16 -1.27222e-14 
315.717 78.4941 435.617 5.09938 -4.44535 60.2692 0 4.34476 -0.984994 -0.480967 2.63173 0.299362 0 4.80497 0.916596 -0.155378 2.47472 0.146968 -8.77771e-18 5.1242 0.0983897 -0.0105069 2.71968 0.218646 -9.44946e-18 5.56568 -0.37943 0.100121 2.57447 0.252101 -1.68784e-17 6.50642 -1.28831 0.29121 2.05213 0.208414 -2.16702e-17 8.12491 -0.78234 0.547956 1.894 -0.119987 -2.48435e-17 9.02658 1.34903 -0.0587704 0.971991 0.0920819 -1.10523e-17 4.09476 0.611966 0.104843 -3.1919 -3.43723 -1.54981e-17 4.1244 0.360838 0.83975 -6.74518 -1.70862 -1.71918e-17 4.13237 0.654504 1.64479 -6.37716 0.554889 1.05481 -6.50798 6.44505 -2.55046 4.10633 -3.67198 11.0826 2.77992 -2.79636 -81.811 21.9969 -6.31219 24.9873 0.0511653 0.117236 1.72193 -0.116442 -8.32624 20.7319 0.0424511 0.0972706 1.51374 -23.5822 -2.54044 -1.05481 -6.50797 6.44497 5.21877 5.65577 3.82704 -11.0826 2.77992 -2.79636 78.5372 16.1195 5.92486 -24.9873 0.0511653 0.117236 -0.968527 -0.03439 4.67212 -20.7319 0.042451 0.0972707 -1.75622 8.88906 4.56638 7.90195 -3.59782 1.73896 -0.569303 -0.77862 -22.7898 -0.72918 -33.1692 -0.560506 -1.45003 5.41192 -0.0259937 -1.99006 -34.5633 -5.17465 2.30629 -3.73264 15.1828 0.66651 -8.45602 10.6902 -1.85696e-17 -7.96495e-16 1.37808e-17 -7.90195 -3.59782 1.73896 -0.415117 2.75205 13.3727 0.72918 -33.1692 -0.560506 1.7096 6.37684 0.0161775 1.99006 -34.5633 -5.17465 -2.75838 -5.08811 -15.1717 -0.66651 -8.45602 10.6902 -6.39772e-16 -5.57725e-16 -1.27444e-14 
315.717 78.4934 435.617 5.10997 -4.43866 60.2688 0 4.34476 -0.984994 -0.486373 2.63638 0.299792 0 4.80497 0.916596 -0.159943 2.47709 0.14678 -8.77771e-18 5.1242 0.0983897 -0.0139904 2.71955 0.218615 -9.44946e-18 5.56568 -0.37943 0.0978101 2.57047 0.252082 -1.68784e-17 6.50642 -1.28831 0.290178 2.046 0.208727 -2.16702e-17 8.12491 -0.78234 0.548176 1.88579 -0.120045 -2.48435e-17 9.02658 1.34903 -0.0586138 0.972398 0.0920859 -1.10523e-17 4.09476 0.611966 0.104035 -3.18538 -3.44162 -1.54981e-17 4.1244 0.360838 0.840199 -6.72879 -1.71077 -1.71918e-17 4.13237 0.654504 1.65112 -6.35251 0.553083 1.05481 -6.50798 6.44505 -2.53373 4.11092 -3.67171 11.0826 2.77992 -2.79636 -81.8074 22.04 -6.31799 24.9873 0.0511653 0.117236 1.72064 -0.116259 -8.31994 20.7319 0.0424511 0.0972706 1.51481 -23.5727 -2.51318 -1.05481 -6.50797 6.44497 5.21808 5.65819 3.83136 -11.0826 2.77992 -2.79636 78.5247 16.1374 5.92818 -24.9873 0.0511653 0.117236 -0.971675 -0.0346314 4.68733 -20.7319 0.042451 0.0972707 -1.73537 8.84164 4.56619 7.90195 -3.59782 1.73896 -0.581081 -0.785273 -22.7727 -0.72918 -33.1692 -0.560506 -1.45585 5.4336 -0.0258216 -1.99006 -34.5633 -5.17465 2.29541 -3.73375 15.1826 0.66651 -8.45602 10.6902 2.48481e-17 -7.95139e-16 1.2424e-17 -7.90195 -3.59782 1.73896 -0.425336 2.75026 13.3891 0.72918 -33.1692 -0.560506 1.71468 6.39569 0.0159417 1.99006 -34.5633 -5.17465 -2.76094 -5.10097 -15.1732 -0.66651 -8.45602 10.6902 -5.96354e-16 -5.59082e-16 -1.27471e-14 
315.718 78.4926 435.616 5.11334 -4.43741 60.2845 0 4.34476 -0.984994 -0.486855 2.63672 0.29947 0 4.80497 0.916596 -0.160552 2.47689 0.146585 -8.77771e-18 5.1242 0.0983897 -0.0145847 2.71829 0.218528 -9.44946e-18 5.56568 -0.37943 0.0972657 2.5679 0.252066 -1.68784e-17 6.50642 -1.28831 0.289585 2.04288 0.208842 -2.16702e-17 8.12491 -0.78234 0.547482 1.88167 -0.119928 -2.48435e-17 9.02658 1.34903 -0.0585146 0.972883 0.0923281 -1.10523e-17 4.09476 0.611966 0.100326 -3.18993 -3.44844 -1.54981e-17 4.1244 0.360838 0.832161 -6.7189 -1.71419 -1.71918e-17 4.13237 0.654504 1.63725 -6.33692 0.540318 1.05481 -6.50798 6.44505 -2.51472 4.115 -3.67512 11.0826 2.77992 -2.79636 -81.8091 22.0834 -6.33115 24.9873 0.0511653 0.117236 1.71804 -0.115893 -8.3073 20.7319 0.0424511 0.0972706 1.5208 -23.5533 -2.48851 -1.05481 -6.50797 6.44497 5.22737 5.66431 3.84215 -11.0826 2.77992 -2.79636 78.5022 16.1509 5.9307 -24.9873 0.0511653 0.117236 -0.972306 -0.0346798 4.69039 -20.7319 0.042451 0.0972707 -1.71421 8.78905 4.55752 7.90195 -3.59782 1.73896 -0.582336 -0.782272 -22.7739 -0.72918 -33.1692 -0.560506 -1.45469 5.4293 -0.0258559 -1.99006 -34.5633 -5.17465 2.2745 -3.74104 15.1834 0.66651 -8.45602 10.6902 2.48481e-17 -7.95139e-16 1.2424e-17 -7.90195 -3.59782 1.73896 -0.426667 2.74494 13.3818 0.72918 -33.1692 -0.560506 1.72045 6.41709 0.015672 1.99006 -34.5633 -5.17465 -2.76674 -5.10793 -15.1741 -0.66651 -8.45602 10.6902 -5.96354e-16 -5.59082e-16 -1.27471e-14 
315.718 78.4921 435.616 5.12482 -4.43204 60.2861 0 4.34476 -0.984994 -0.489717 2.63737 0.301493 0 4.80497 0.916596 -0.16344 2.47683 0.148263 -8.77771e-18 5.1242 0.0983897 -0.01715 2.71729 0.220265 -9.44946e-18 5.56568 -0.37943 0.0949545 2.5652 0.253841 -1.68784e-17 6.50642 -1.28831 0.287983 2.0392 0.211044 -2.16702e-17 8.12491 -0.78234 0.546846 1.87703 -0.11746 -2.48435e-17 9.02658 1.34903 -0.0585643 0.973107 0.0924753 -1.10523e-17 4.09476 0.611966 0.0947983 -3.20085 -3.46118 -1.54981e-17 4.1244 0.360838 0.82224 -6.71996 -1.72047 -1.71918e-17 4.13237 0.654504 1.62476 -6.33415 0.535148 1.05481 -6.50798 6.44505 -2.493 4.11847 -3.67767 11.0826 2.77992 -2.79636 -81.8111 22.1112 -6.33939 24.9873 0.0511653 0.117236 1.71239 -0.1151 -8.27981 20.7319 0.0424511 0.0972706 1.51967 -23.5237 -2.46712 -1.05481 -6.50797 6.44497 5.23321 5.67263 3.85062 -11.0826 2.77992 -2.79636 78.4851 16.1738 5.94117 -24.9873 0.0511653 0.117236 -0.968287 -0.0343716 4.67095 -20.7319 0.042451 0.0972707 -1.69767 8.72642 4.55657 7.90195 -3.59782 1.73896 -0.592262 -0.7771 -22.7568 -0.72918 -33.1692 -0.560506 -1.45536 5.43177 -0.0258362 -1.99006 -34.5633 -5.17465 2.26836 -3.73711 15.1826 0.66651 -8.45602 10.6902 2.48481e-17 -7.95139e-16 1.2424e-17 -7.90195 -3.59782 1.73896 -0.434977 2.74646 13.3881 0.72918 -33.1692 -0.560506 1.7248 6.43325 0.0154669 1.99006 -34.5633 -5.17465 -2.77838 -5.11617 -15.1743 -0.66651 -8.45602 10.6902 -5.96354e-16 -5.59082e-16 -1.27471e-14 
315.719 78.4912 435.616 5.1271 -4.43111 60.2979 0 4.34476 -0.984994 -0.489139 2.63721 0.301763 0 4.80497 0.916596 -0.16286 2.47661 0.14858 -8.77771e-18 5.1242 0.0983897 -0.0165617 2.71658 0.220649 -9.44946e-18 5.56568 -0.37943 0.0955111 2.56379 0.254321 -1.68784e-17 6.50642 -1.28831 0.288634 2.03713 0.211482 -2.16702e-17 8.12491 -0.78234 0.547483 1.87446 -0.117359 -2.48435e-17 9.02658 1.34903 -0.0585379 0.973229 0.0927865 -1.10523e-17 4.09476 0.611966 0.0910103 -3.21096 -3.4754 -1.54981e-17 4.1244 0.360838 0.81938 -6.71974 -1.72718 -1.71918e-17 4.13237 0.654504 1.61881 -6.32877 0.525635 1.05481 -6.50798 6.44505 -2.47932 4.12249 -3.68018 11.0826 2.77992 -2.79636 -81.8227 22.1281 -6.34347 24.9873 0.0511653 0.117236 1.70775 -0.11445 -8.25725 20.7319 0.0424511 0.0972706 1.52268 -23.4928 -2.46709 -1.05481 -6.50797 6.44497 5.24877 5.68246 3.86043 -11.0826 2.77992 -2.79636 78.4602 16.1608 5.95197 -24.9873 0.0511653 0.117236 -0.964202 -0.0340597 4.65121 -20.7319 0.042451 0.0972707 -1.68606 8.67606 4.56057 7.90195 -3.59782 1.73896 -0.593734 -0.781654 -22.7462 -0.72918 -33.1692 -0.560506 -1.45795 5.44139 -0.0257591 -1.99006 -34.5633 -5.17465 2.25146 -3.74663 15.1836 0.66651 -8.45602 10.6902 2.48481e-17 -7.95139e-16 1.2424e-17 -7.90195 -3.59782 1.73896 -0.434518 2.74729 13.3884 0.72918 -33.1692 -0.560506 1.72734 6.4427 0.0153464 1.99006 -34.5633 -5.17465 -2.78463 -5.12278 -15.1755 -0.66651 -8.45602 10.6902 -9.50501e-16 -5.48015e-16 -1.27249e-14 
315.72 78.49 435.616 5.13312 -4.41448 60.2988 0 4.34476 -0.984994 -0.49223 2.64325 0.303315 0 4.80497 0.916596 -0.165643 2.47932 0.14966 -8.77771e-18 5.1242 0.0983897 -0.0187862 2.71556 0.221861 -9.44946e-18 5.56568 -0.37943 0.093789 2.55666 0.255574 -1.68784e-17 6.50642 -1.28831 0.287821 2.02658 0.212994 -2.16702e-17 8.12491 -0.78234 0.547678 1.86141 -0.116011 -2.48435e-17 9.02658 1.34903 -0.0584004 0.974491 0.093077 -1.10523e-17 4.09476 0.611966 0.0867432 -3.22337 -3.493 -1.54981e-17 4.1244 0.360838 0.816016 -6.70866 -1.73541 -1.71918e-17 4.13237 0.654504 1.62387 -6.30739 0.527315 1.05481 -6.50798 6.44505 -2.47324 4.13555 -3.68718 11.0826 2.77992 -2.79636 -81.8209 22.1658 -6.33208 24.9873 0.0511653 0.117236 1.70377 -0.113893 -8.23784 20.7319 0.0424511 0.0972706 1.50114 -23.5144 -2.48828 -1.05481 -6.50797 6.44497 5.25663 5.6988 3.87024 -11.0826 2.77992 -2.79636 78.4381 16.1824 5.95217 -24.9873 0.0511653 0.117236 -0.961458 -0.0338511 4.63794 -20.7319 0.042451 0.0972707 -1.67402 8.60112 4.58293 7.90195 -3.59782 1.73896 -0.608344 -0.783176 -22.7297 -0.72918 -33.1692 -0.560506 -1.457 5.43788 -0.0257873 -1.99006 -34.5633 -5.17465 2.23023 -3.74726 15.1834 0.66651 -8.45602 10.6902 2.48481e-17 -7.95139e-16 1.2424e-17 -7.90195 -3.59782 1.73896 -0.449968 2.73217 13.3951 0.72918 -33.1692 -0.560506 1.73553 6.47308 0.014956 1.99006 -34.5633 -5.17465 -2.80024 -5.14145 -15.1765 -0.66651 -8.45602 10.6902 -6.39776e-16 -5.57725e-16 -1.27444e-14 
315.72 78.4887 435.618 5.13885 -4.39613 60.2862 0 4.34476 -0.984994 -0.499301 2.64711 0.305876 0 4.80497 0.916596 -0.171657 2.48064 0.151173 -8.77771e-18 5.1242 0.0983897 -0.0233571 2.71406 0.223498 -9.44946e-18 5.56568 -0.37943 0.0906441 2.55021 0.257218 -1.68784e-17 6.50642 -1.28831 0.286719 2.01765 0.215115 -2.16702e-17 8.12491 -0.78234 0.548838 1.8507 -0.114353 -2.48435e-17 9.02658 1.34903 -0.0581698 0.975591 0.0932245 -1.10523e-17 4.09476 0.611966 0.0862533 -3.22457 -3.49936 -1.54981e-17 4.1244 0.360838 0.819479 -6.69381 -1.73833 -1.71918e-17 4.13237 0.654504 1.63595 -6.28746 0.528913 1.05481 -6.50798 6.44505 -2.46878 4.14366 -3.68731 11.0826 2.77992 -2.79636 -81.8197 22.1804 -6.312 24.9873 0.0511653 0.117236 1.70329 -0.113828 -8.23555 20.7319 0.0424511 0.0972706 1.49349 -23.5329 -2.50785 -1.05481 -6.50797 6.44497 5.26446 5.70643 3.87182 -11.0826 2.77992 -2.79636 78.4304 16.1843 5.94822 -24.9873 0.0511653 0.117236 -0.963103 -0.0339761 4.64589 -20.7319 0.042451 0.0972707 -1.6784 8.57772 4.59672 7.90195 -3.59782 1.73896 -0.623456 -0.776032 -22.6947 -0.72918 -33.1692 -0.560506 -1.45183 5.41862 -0.0259408 -1.99006 -34.5633 -5.17465 2.2176 -3.74366 15.1832 0.66651 -8.45602 10.6902 2.48481e-17 -7.95139e-16 1.2424e-17 -7.90195 -3.59782 1.73896 -0.466928 2.72166 13.4124 0.72918 -33.1692 -0.560506 1.7404 6.49116 0.0147217 1.99006 -34.5633 -5.17465 -2.80547 -5.16444 -15.1789 -0.66651 -8.45602 10.6902 -5.96354e-16 -5.59082e-16 -1.27471e-14 
315.72 78.488 435.618 5.1507 -4.38882 60.2843 0 4.34476 -0.984994 -0.504508 2.65035 0.307818 0 4.80497 0.916596 -0.176226 2.48186 0.152397 -8.77771e-18 5.1242 0.0983897 -0.0268873 2.71309 0.224833 -9.44946e-18 5.56568 -0.37943 0.0881954 2.54571 0.258561 -1.68784e-17 6.50642 -1.28831 0.285811 2.01129 0.216803 -2.16702e-17 8.12491 -0.78234 0.549629 1.84281 -0.112979 -2.48435e-17 9.02658 1.34903 -0.0580108 0.976408 0.0933707 -1.10523e-17 4.09476 0.611966 0.0847192 -3.22802 -3.50843 -1.54981e-17 4.1244 0.360838 0.822173 -6.68374 -1.7425 -1.71918e-17 4.13237 0.654504 1.63878 -6.26449 0.522926 1.05481 -6.50798 6.44505 -2.46226 4.148 -3.6865 11.0826 2.77992 -2.79636 -81.8132 22.1986 -6.298 24.9873 0.0511653 0.117236 1.7041 -0.113939 -8.23944 20.7319 0.0424511 0.0972706 1.48415 -23.5586 -2.50439 -1.05481 -6.50797 6.44497 5.26655 5.71064 3.87421 -11.0826 2.77992 -2.79636 78.4219 16.1889 5.94622 -24.9873 0.0511653 0.117236 -0.96525 -0.0341397 4.65628 -20.7319 0.042451 0.0972707 -1.66582 8.56745 4.60006 7.90195 -3.59782 1.73896 -0.633426 -0.762917 -22.6614 -0.72918 -33.1692 -0.560506 -1.44853 5.40634 -0.0260377 -1.99006 -34.5633 -5.17465 2.20767 -3.73894 15.1825 0.66651 -8.45602 10.6902 2.48481e-17 -7.95139e-16 1.2424e-17 -7.90195 -3.59782 1.73896 -0.478428 2.7164 13.4264 0.72918 -33.1692 -0.560506 1.748 6.51936 0.014353 1.99006 -34.5633 -5.17465 -2.81026 -5.17847 -15.1795 -0.66651 -8.45602 10.6902 -5.96354e-16 -5.59082e-16 -1.27471e-14 
315.719 78.4866 435.62 5.15709 -4.37185 60.2718 0 4.34476 -0.984994 -0.514275 2.65887 0.310771 0 4.80497 0.916596 -0.184327 2.48572 0.154081 -8.77771e-18 5.1242 0.0983897 -0.0328709 2.7122 0.226813 -9.44946e-18 5.56568 -0.37943 0.0843509 2.53653 0.2606 -1.68784e-17 6.50642 -1.28831 0.284838 1.99741 0.219396 -2.16702e-17 8.12491 -0.78234 0.551843 1.82587 -0.111087 -2.48435e-17 9.02658 1.34903 -0.0575459 0.977791 0.0936536 -1.10523e-17 4.09476 0.611966 0.0849089 -3.24622 -3.51313 -1.54981e-17 4.1244 0.360838 0.829653 -6.67722 -1.74433 -1.71918e-17 4.13237 0.654504 1.64699 -6.24592 0.518606 1.05481 -6.50798 6.44505 -2.45352 4.16212 -3.69084 11.0826 2.77992 -2.79636 -81.8042 22.2436 -6.27661 24.9873 0.0511653 0.117236 1.70413 -0.113944 -8.23961 20.7319 0.0424511 0.0972706 1.46157 -23.6334 -2.50039 -1.05481 -6.50797 6.44497 5.27622 5.72655 3.88403 -11.0826 2.77992 -2.79636 78.4078 16.1982 5.94274 -24.9873 0.0511653 0.117236 -0.966168 -0.0342098 4.66071 -20.7319 0.042451 0.0972707 -1.66543 8.5705 4.5918 7.90195 -3.59782 1.73896 -0.649014 -0.762741 -22.6178 -0.72918 -33.1692 -0.560506 -1.44719 5.40137 -0.0260767 -1.99006 -34.5633 -5.17465 2.20264 -3.73503 15.1818 0.66651 -8.45602 10.6902 2.48481e-17 -7.95139e-16 1.2424e-17 -7.90195 -3.59782 1.73896 -0.493685 2.71984 13.4444 0.72918 -33.1692 -0.560506 1.74659 6.51414 0.0144215 1.99006 -34.5633 -5.17465 -2.81523 -5.19981 -15.1819 -0.66651 -8.45602 10.6902 -5.96354e-16 -5.59082e-16 -1.27471e-14 
315.718 78.4852 435.622 5.15572 -4.37046 60.2545 0 4.34476 -0.984994 -0.517215 2.66465 0.313046 0 4.80497 0.916596 -0.186906 2.48822 0.155873 -8.77771e-18 5.1242 0.0983897 -0.0348943 2.71105 0.22875 -9.44946e-18 5.56568 -0.37943 0.0828613 2.52913 0.262528 -1.68784e-17 6.50642 -1.28831 0.284419 1.98623 0.221522 -2.16702e-17 8.12491 -0.78234 0.552579 1.81187 -0.109146 -2.48435e-17 9.02658 1.34903 -0.0574078 0.978546 0.093785 -1.10523e-17 4.09476 0.611966 0.0828109 -3.26228 -3.51816 -1.54981e-17 4.1244 0.360838 0.824681 -6.67738 -1.74665 -1.71918e-17 4.13237 0.654504 1.64326 -6.23757 0.517523 1.05481 -6.50798 6.44505 -2.44259 4.17255 -3.69638 11.0826 2.77992 -2.79636 -81.8017 22.2819 -6.25468 24.9873 0.0511653 0.117236 1.70237 -0.113699 -8.23106 20.7319 0.0424511 0.0972706 1.43383 -23.7074 -2.50613 -1.05481 -6.50797 6.44497 5.27737 5.73994 3.89198 -11.0826 2.77992 -2.79636 78.3971 16.2171 5.94876 -24.9873 0.0511653 0.117236 -0.963391 -0.0339981 4.64729 -20.7319 0.042451 0.0972707 -1.65786 8.56267 4.58941 7.90195 -3.59782 1.73896 -0.647183 -0.761117 -22.5791 -0.72918 -33.1692 -0.560506 -1.44638 5.39834 -0.0261005 -1.99006 -34.5633 -5.17465 2.20724 -3.74073 15.1819 0.66651 -8.45602 10.6902 2.48481e-17 -7.95139e-16 1.2424e-17 -7.90195 -3.59782 1.73896 -0.490637 2.72029 13.4739 0.72918 -33.1692 -0.560506 1.74625 6.51285 0.0144384 1.99006 -34.5633 -5.17465 -2.82395 -5.20756 -15.1819 -0.66651 -8.45602 10.6902 -5.96354e-16 -5.59082e-16 -1.27471e-14 
315.717 78.483 435.624 5.14926 -4.35952 60.2404 0 4.34476 -0.984994 -0.518878 2.66327 0.313922 0 4.80497 0.916596 -0.18866 2.48613 0.156572 -8.77771e-18 5.1242 0.0983897 -0.0364692 2.70758 0.229512 -9.44946e-18 5.56568 -0.37943 0.0814381 2.52338 0.263248 -1.68784e-17 6.50642 -1.28831 0.283362 1.97925 0.222362 -2.16702e-17 8.12491 -0.78234 0.551777 1.80325 -0.108034 -2.48435e-17 9.02658 1.34903 -0.0574091 0.978658 0.0937302 -1.10523e-17 4.09476 0.611966 0.0780711 -3.27572 -3.5296 -1.54981e-17 4.1244 0.360838 0.810561 -6.68287 -1.75224 -1.71918e-17 4.13237 0.654504 1.62868 -6.24416 0.521381 1.05481 -6.50798 6.44505 -2.42786 4.17882 -3.6991 11.0826 2.77992 -2.79636 -81.8049 22.325 -6.23263 24.9873 0.0511653 0.117236 1.70019 -0.113396 -8.22046 20.7319 0.0424511 0.0972706 1.40653 -23.7751 -2.51344 -1.05481 -6.50797 6.44497 5.27466 5.74796 3.89671 -11.0826 2.77992 -2.79636 78.3832 16.2604 5.95195 -24.9873 0.0511653 0.117236 -0.960947 -0.0338123 4.63548 -20.7319 0.042451 0.0972707 -1.64839 8.52618 4.59541 7.90195 -3.59782 1.73896 -0.649439 -0.765665 -22.5351 -0.72918 -33.1692 -0.560506 -1.44416 5.39009 -0.0261649 -1.99006 -34.5633 -5.17465 2.20416 -3.74935 15.1816 0.66651 -8.45602 10.6902 2.48481e-17 -7.95139e-16 1.2424e-17 -7.90195 -3.59782 1.73896 -0.493307 2.71024 13.5004 0.72918 -33.1692 -0.560506 1.7473 6.51677 0.014387 1.99006 -34.5633 -5.17465 -2.8348 -5.2246 -15.183 -0.66651 -8.45602 10.6902 -5.96354e-16 -5.59082e-16 -1.27471e-14 
315.717 78.4815 435.626 5.1476 -4.35844 60.227 0 4.34476 -0.984994 -0.518682 2.66623 0.315282 0 4.80497 0.916596 -0.188531 2.48692 0.157902 -8.77771e-18 5.1242 0.0983897 -0.0362314 2.70559 0.230976 -9.44946e-18 5.56568 -0.37943 0.0817381 2.5168 0.264774 -1.68784e-17 6.50642 -1.28831 0.284154 1.96991 0.2238 -2.16702e-17 8.12491 -0.78234 0.552961 1.79183 -0.106946 -2.48435e-17 9.02658 1.34903 -0.0572886 0.979405 0.0939705 -1.10523e-17 4.09476 0.611966 0.0758506 -3.29312 -3.53975 -1.54981e-17 4.1244 0.360838 0.811428 -6.68302 -1.75679 -1.71918e-17 4.13237 0.654504 1.63397 -6.23519 0.522361 1.05481 -6.50798 6.44505 -2.4228 4.18856 -3.70335 11.0826 2.77992 -2.79636 -81.8131 22.3474 -6.20949 24.9873 0.0511653 0.117236 1.69817 -0.113113 -8.21059 20.7319 0.0424511 0.0972706 1.39513 -23.819 -2.52708 -1.05481 -6.50797 6.44497 5.27811 5.76101 3.90211 -11.0826 2.77992 -2.79636 78.3663 16.2754 5.95109 -24.9873 0.0511653 0.117236 -0.958325 -0.0336137 4.6228 -20.7319 0.042451 0.0972707 -1.63928 8.51451 4.5969 7.90195 -3.59782 1.73896 -0.645365 -0.765917 -22.5004 -0.72918 -33.1692 -0.560506 -1.44411 5.38989 -0.0261664 -1.99006 -34.5633 -5.17465 2.19396 -3.76094 15.1823 0.66651 -8.45602 10.6902 2.48481e-17 -7.95139e-16 1.2424e-17 -7.90195 -3.59782 1.73896 -0.489004 2.70881 13.5176 0.72918 -33.1692 -0.560506 1.74801 6.5194 0.0143524 1.99006 -34.5633 -5.17465 -2.84692 -5.23098 -15.1834 -0.66651 -8.45602 10.6902 -5.96354e-16 -5.59082e-16 -1.27471e-14 
315.716 78.481 435.628 5.15675 -4.35379 60.2094 0 4.34476 -0.984994 -0.520797 2.66928 0.317927 0 4.80497 0.916596 -0.190619 2.48837 0.160286 -8.77771e-18 5.1242 0.0983897 -0.0378448 2.70534 0.233513 -9.44946e-18 5.56568 -0.37943 0.0805264 2.51368 0.267402 -1.68784e-17 6.50642 -1.28831 0.284149 1.96481 0.226595 -2.16702e-17 8.12491 -0.78234 0.554366 1.7858 -0.104382 -2.48435e-17 9.02658 1.34903 -0.0572049 0.979868 0.0943527 -1.10523e-17 4.09476 0.611966 0.072892 -3.30926 -3.55468 -1.54981e-17 4.1244 0.360838 0.81452 -6.67761 -1.76341 -1.71918e-17 4.13237 0.654504 1.63735 -6.22054 0.528646 1.05481 -6.50798 6.44505 -2.42191 4.19669 -3.71027 11.0826 2.77992 -2.79636 -81.8125 22.3745 -6.19177 24.9873 0.0511653 0.117236 1.69696 -0.112946 -8.20474 20.7319 0.0424511 0.0972706 1.37867 -23.855 -2.54001 -1.05481 -6.50797 6.44497 5.28516 5.77512 3.91145 -11.0826 2.77992 -2.79636 78.3418 16.3113 5.95493 -24.9873 0.0511653 0.117236 -0.954728 -0.033342 4.60542 -20.7319 0.042451 0.0972707 -1.61966 8.47905 4.59893 7.90195 -3.59782 1.73896 -0.649357 -0.75326 -22.4558 -0.72918 -33.1692 -0.560506 -1.4415 5.3802 -0.0262416 -1.99006 -34.5633 -5.17465 2.18321 -3.75989 15.182 0.66651 -8.45602 10.6902 2.48481e-17 -7.95139e-16 1.2424e-17 -7.90195 -3.59782 1.73896 -0.494001 2.70488 13.5367 0.72918 -33.1692 -0.560506 1.75355 6.53998 0.0140811 1.99006 -34.5633 -5.17465 -2.85926 -5.23885 -15.1836 -0.66651 -8.45602 10.6902 -5.96354e-16 -5.59082e-16 -1.27471e-14 
315.715 78.4799 435.63 5.16291 -4.3369 60.195 0 4.34476 -0.984994 -0.526707 2.67106 0.321268 0 4.80497 0.916596 -0.195978 2.48912 0.163046 -8.77771e-18 5.1242 0.0983897 -0.0420852 2.70489 0.236452 -9.44946e-18 5.56568 -0.37943 0.0773602 2.5113 0.270454 -1.68784e-17 6.50642 -1.28831 0.282951 1.96107 0.230218 -2.16702e-17 8.12491 -0.78234 0.555627 1.78148 -0.100931 -2.48435e-17 9.02658 1.34903 -0.0570687 0.980148 0.0947999 -1.10523e-17 4.09476 0.611966 0.0701786 -3.32381 -3.56372 -1.54981e-17 4.1244 0.360838 0.816248 -6.67215 -1.76742 -1.71918e-17 4.13237 0.654504 1.63647 -6.20691 0.520911 1.05481 -6.50798 6.44505 -2.41366 4.20333 -3.71359 11.0826 2.77992 -2.79636 -81.8121 22.3962 -6.1851 24.9873 0.0511653 0.117236 1.69644 -0.112874 -8.20222 20.7319 0.0424511 0.0972706 1.37138 -23.8633 -2.54363 -1.05481 -6.50797 6.44497 5.29752 5.78983 3.91927 -11.0826 2.77992 -2.79636 78.323 16.3382 5.96083 -24.9873 0.0511653 0.117236 -0.950599 -0.0330315 4.58546 -20.7319 0.042451 0.0972707 -1.60716 8.43701 4.5963 7.90195 -3.59782 1.73896 -0.663169 -0.762579 -22.427 -0.72918 -33.1692 -0.560506 -1.44491 5.39286 -0.0261432 -1.99006 -34.5633 -5.17465 2.15897 -3.76358 15.183 0.66651 -8.45602 10.6902 2.48481e-17 -7.95139e-16 1.2424e-17 -7.90195 -3.59782 1.73896 -0.509484 2.69244 13.5615 0.72918 -33.1692 -0.560506 1.75978 6.56309 0.0137737 1.99006 -34.5633 -5.17465 -2.86286 -5.2612 -15.1859 -0.66651 -8.45602 10.6902 -5.96354e-16 -5.59082e-16 -1.27471e-14 
315.714 78.479 435.633 5.16175 -4.33544 60.1696 0 4.34476 -0.984994 -0.528463 2.67681 0.324228 0 4.80497 0.916596 -0.197487 2.49199 0.165769 -8.77771e-18 5.1242 0.0983897 -0.0430248 2.70476 0.239463 -9.44946e-18 5.56568 -0.37943 0.07689 2.50613 0.273621 -1.68784e-17 6.50642 -1.28831 0.283847 1.95252 0.233418 -2.16702e-17 8.12491 -0.78234 0.558197 1.77132 -0.0983336 -2.48435e-17 9.02658 1.34903 -0.0570702 0.980702 0.0953025 -1.10523e-17 4.09476 0.611966 0.0706332 -3.33768 -3.56649 -1.54981e-17 4.1244 0.360838 0.829515 -6.65963 -1.7681 -1.71918e-17 4.13237 0.654504 1.65606 -6.18082 0.52716 1.05481 -6.50798 6.44505 -2.4141 4.21378 -3.72276 11.0826 2.77992 -2.79636 -81.8136 22.391 -6.16924 24.9873 0.0511653 0.117236 1.69578 -0.112783 -8.199 20.7319 0.0424511 0.0972706 1.37183 -23.8502 -2.54526 -1.05481 -6.50797 6.44497 5.30672 5.80853 3.9279 -11.0826 2.77992 -2.79636 78.3069 16.3778 5.96156 -24.9873 0.0511653 0.117236 -0.945932 -0.0326823 4.5629 -20.7319 0.042451 0.0972707 -1.59587 8.40286 4.6077 7.90195 -3.59782 1.73896 -0.659524 -0.760899 -22.3888 -0.72918 -33.1692 -0.560506 -1.44468 5.39202 -0.0261498 -1.99006 -34.5633 -5.17465 2.15794 -3.7706 15.1834 0.66651 -8.45602 10.6902 3.78991e-16 -7.84072e-16 1.35708e-18 -7.90195 -3.59782 1.73896 -0.50716 2.67963 13.5972 0.72918 -33.1692 -0.560506 1.76583 6.58554 0.0134729 1.99006 -34.5633 -5.17465 -2.86584 -5.27126 -15.1863 -0.66651 -8.45602 10.6902 -5.96354e-16 -5.59082e-16 -1.27471e-14 
315.713 78.4781 435.636 5.15955 -4.33612 60.151 0 4.34476 -0.984994 -0.528582 2.68041 0.325197 0 4.80497 0.916596 -0.197431 2.4939 0.1668 -8.77771e-18 5.1242 0.0983897 -0.0427298 2.70453 0.240686 -9.44946e-18 5.56568 -0.37943 0.0773636 2.50243 0.274973 -1.68784e-17 6.50642 -1.28831 0.284922 1.94651 0.234688 -2.16702e-17 8.12491 -0.78234 0.559884 1.76393 -0.0975062 -2.48435e-17 9.02658 1.34903 -0.0571589 0.981143 0.0957042 -1.10523e-17 4.09476 0.611966 0.0693282 -3.35525 -3.57558 -1.54981e-17 4.1244 0.360838 0.837132 -6.65677 -1.77187 -1.71918e-17 4.13237 0.654504 1.66603 -6.16688 0.52496 1.05481 -6.50798 6.44505 -2.41178 4.22173 -3.72786 11.0826 2.77992 -2.79636 -81.8192 22.3875 -6.16017 24.9873 0.0511653 0.117236 1.69475 -0.112639 -8.19396 20.7319 0.0424511 0.0972706 1.37963 -23.8214 -2.53851 -1.05481 -6.50797 6.44497 5.31311 5.82284 3.9328 -11.0826 2.77992 -2.79636 78.2967 16.3996 5.9583 -24.9873 0.0511653 0.117236 -0.942541 -0.0324298 4.54651 -20.7319 0.042451 0.0972707 -1.58812 8.39311 4.60966 7.90195 -3.59782 1.73896 -0.655102 -0.768099 -22.3731 -0.72918 -33.1692 -0.560506 -1.44843 5.40597 -0.0260406 -1.99006 -34.5633 -5.17465 2.1554 -3.77993 15.1845 0.66651 -8.45602 10.6902 6.82752e-17 -7.93782e-16 1.10669e-17 -7.90195 -3.59782 1.73896 -0.502012 2.66667 13.6331 0.72918 -33.1692 -0.560506 1.77218 6.60907 0.013155 1.99006 -34.5633 -5.17465 -2.86874 -5.27899 -15.1869 -0.66651 -8.45602 10.6902 -5.96354e-16 -5.59082e-16 -1.27471e-14 
315.712 78.4771 435.638 5.15841 -4.33647 60.1371 0 4.34476 -0.984994 -0.52536 2.68564 0.325241 0 4.80497 0.916596 -0.194935 2.49656 0.167376 -8.77771e-18 5.1242 0.0983897 -0.0408581 2.70399 0.241365 -9.44946e-18 5.56568 -0.37943 0.0785092 2.49682 0.275743 -1.68784e-17 6.50642 -1.28831 0.285559 1.93778 0.235261 -2.16702e-17 8.12491 -0.78234 0.559803 1.75311 -0.0967299 -2.48435e-17 9.02658 1.34903 -0.0575241 0.981963 0.0961494 -1.10523e-17 4.09476 0.611966 0.0619088 -3.37261 -3.60793 -1.54981e-17 4.1244 0.360838 0.833499 -6.65926 -1.78669 -1.71918e-17 4.13237 0.654504 1.66323 -6.16262 0.5241 1.05481 -6.50798 6.44505 -2.41021 4.23115 -3.73526 11.0826 2.77992 -2.79636 -81.822 22.3801 -6.15091 24.9873 0.0511653 0.117236 1.69292 -0.112385 -8.18506 20.7319 0.0424511 0.0972706 1.38007 -23.8144 -2.53847 -1.05481 -6.50797 6.44497 5.31285 5.83831 3.93599 -11.0826 2.77992 -2.79636 78.2901 16.4328 5.94215 -24.9873 0.0511653 0.117236 -0.938447 -0.0321261 4.52672 -20.7319 0.042451 0.0972707 -1.57976 8.3489 4.62175 7.90195 -3.59782 1.73896 -0.648278 -0.771462 -22.3546 -0.72918 -33.1692 -0.560506 -1.45044 5.41347 -0.0259815 -1.99006 -34.5633 -5.17465 2.13536 -3.79405 15.1856 0.66651 -8.45602 10.6902 2.48481e-17 -7.95139e-16 1.2424e-17 -7.90195 -3.59782 1.73896 -0.497525 2.65603 13.6579 0.72918 -33.1692 -0.560506 1.778 6.63069 0.0128605 1.99006 -34.5633 -5.17465 -2.87741 -5.28633 -15.1868 -0.66651 -8.45602 10.6902 -5.96354e-16 -5.59082e-16 -1.27471e-14 
315.712 78.4769 435.64 5.16955 -4.33121 60.1353 0 4.34476 -0.984994 -0.526224 2.69292 0.324317 0 4.80497 0.916596 -0.1957 2.50098 0.166543 -8.77771e-18 5.1242 0.0983897 -0.0415893 2.70532 0.24058 -9.44946e-18 5.56568 -0.37943 0.0777671 2.49292 0.274953 -1.68784e-17 6.50642 -1.28831 0.284743 1.93083 0.234549 -2.16702e-17 8.12491 -0.78234 0.558624 1.74415 -0.0971296 -2.48435e-17 9.02658 1.34903 -0.0578922 0.982766 0.0965157 -1.10523e-17 4.09476 0.611966 0.0536697 -3.37197 -3.64635 -1.54981e-17 4.1244 0.360838 0.819165 -6.66091 -1.80471 -1.71918e-17 4.13237 0.654504 1.65276 -6.16269 0.511748 1.05481 -6.50798 6.44505 -2.40584 4.24027 -3.74278 11.0826 2.77992 -2.79636 -81.8113 22.4146 -6.14714 24.9873 0.0511653 0.117236 1.69151 -0.11219 -8.1782 20.7319 0.0424511 0.0972706 1.3551 -23.8831 -2.55378 -1.05481 -6.50797 6.44497 5.31295 5.85213 3.94021 -11.0826 2.77992 -2.79636 78.2852 16.4727 5.91962 -24.9873 0.0511653 0.117236 -0.934749 -0.0318531 4.50885 -20.7319 0.042451 0.0972707 -1.56745 8.26548 4.64469 7.90195 -3.59782 1.73896 -0.656468 -0.775967 -22.3453 -0.72918 -33.1692 -0.560506 -1.45581 5.43343 -0.0258229 -1.99006 -34.5633 -5.17465 2.11949 -3.79561 15.1862 0.66651 -8.45602 10.6902 2.48481e-17 -7.95139e-16 1.2424e-17 -7.90195 -3.59782 1.73896 -0.505667 2.65673 13.6781 0.72918 -33.1692 -0.560506 1.78315 6.6498 0.0125984 1.99006 -34.5633 -5.17465 -2.87841 -5.29811 -15.1877 -0.66651 -8.45602 10.6902 -2.42212e-16 -5.81216e-16 -1.27581e-14 
315.711 78.4762 435.642 5.17004 -4.33084 60.1233 0 4.34476 -0.984994 -0.526145 2.70177 0.322006 0 4.80497 0.916596 -0.19549 2.50619 0.164408 -8.77771e-18 5.1242 0.0983897 -0.0414853 2.70664 0.238489 -9.44946e-18 5.56568 -0.37943 0.0777216 2.48753 0.272779 -1.68784e-17 6.50642 -1.28831 0.284143 1.92181 0.232226 -2.16702e-17 8.12491 -0.78234 0.556866 1.73268 -0.0991386 -2.48435e-17 9.02658 1.34903 -0.0581646 0.983635 0.0967394 -1.10523e-17 4.09476 0.611966 0.045714 -3.36585 -3.6838 -1.54981e-17 4.1244 0.360838 0.797883 -6.66214 -1.82245 -1.71918e-17 4.13237 0.654504 1.63375 -6.1661 0.506927 1.05481 -6.50798 6.44505 -2.4004 4.25313 -3.75476 11.0826 2.77992 -2.79636 -81.7881 22.5046 -6.13841 24.9873 0.0511653 0.117236 1.69176 -0.112225 -8.17942 20.7319 0.0424511 0.0972706 1.30075 -24.0357 -2.58188 -1.05481 -6.50797 6.44497 5.3118 5.86677 3.9483 -11.0826 2.77992 -2.79636 78.28 16.5515 5.89682 -24.9873 0.0511653 0.117236 -0.933362 -0.031751 4.50215 -20.7319 0.042451 0.0972707 -1.54589 8.13178 4.66955 7.90195 -3.59782 1.73896 -0.6544 -0.782698 -22.3269 -0.72918 -33.1692 -0.560506 -1.45996 5.4489 -0.0256988 -1.99006 -34.5633 -5.17465 2.11674 -3.80292 15.1866 0.66651 -8.45602 10.6902 3.7899e-16 -7.84072e-16 1.3571e-18 -7.90195 -3.59782 1.73896 -0.502196 2.65428 13.6891 0.72918 -33.1692 -0.560506 1.78601 6.66038 0.0124526 1.99006 -34.5633 -5.17465 -2.88695 -5.30352 -15.1877 -0.66651 -8.45602 10.6902 -5.52927e-16 -5.61796e-16 -1.27484e-14 
315.711 78.4763 435.644 5.18118 -4.32559 60.1215 0 4.34476 -0.984994 -0.528434 2.71116 0.317622 0 4.80497 0.916596 -0.196761 2.51195 0.159832 -8.77771e-18 5.1242 0.0983897 -0.0422399 2.70826 0.233949 -9.44946e-18 5.56568 -0.37943 0.0774925 2.48221 0.268106 -1.68784e-17 6.50642 -1.28831 0.283565 1.91281 0.227378 -2.16702e-17 8.12491 -0.78234 0.554992 1.72067 -0.103922 -2.48435e-17 9.02658 1.34903 -0.0585945 0.984684 0.0968297 -1.10523e-17 4.09476 0.611966 0.039022 -3.35722 -3.71908 -1.54981e-17 4.1244 0.360838 0.778893 -6.64977 -1.83929 -1.71918e-17 4.13237 0.654504 1.62134 -6.15141 0.505298 1.05481 -6.50798 6.44505 -2.39837 4.26536 -3.76384 11.0826 2.77992 -2.79636 -81.7764 22.5789 -6.13182 24.9873 0.0511653 0.117236 1.69319 -0.112423 -8.18639 20.7319 0.0424511 0.0972706 1.27914 -24.1145 -2.58063 -1.05481 -6.50797 6.44497 5.30817 5.87555 3.95366 -11.0826 2.77992 -2.79636 78.2837 16.6184 5.867 -24.9873 0.0511653 0.117236 -0.935656 -0.0319199 4.51323 -20.7319 0.042451 0.0972707 -1.52967 8.02853 4.68526 7.90195 -3.59782 1.73896 -0.663181 -0.781631 -22.3068 -0.72918 -33.1692 -0.560506 -1.4627 5.45907 -0.0256165 -1.99006 -34.5633 -5.17465 2.11254 -3.79772 15.1859 0.66651 -8.45602 10.6902 6.82752e-17 -7.93782e-16 1.10669e-17 -7.90195 -3.59782 1.73896 -0.510588 2.66775 13.7013 0.72918 -33.1692 -0.560506 1.78504 6.65679 0.0125021 1.99006 -34.5633 -5.17465 -2.88407 -5.31247 -15.1886 -0.66651 -8.45602 10.6902 -5.96354e-16 -5.59082e-16 -1.27471e-14 
315.711 78.4751 435.645 5.17724 -4.31364 60.1212 0 4.34476 -0.984994 -0.532772 2.71637 0.313446 0 4.80497 0.916596 -0.199335 2.51453 0.155088 -8.77771e-18 5.1242 0.0983897 -0.043561 2.70725 0.229289 -9.44946e-18 5.56568 -0.37943 0.0774254 2.47545 0.263377 -1.68784e-17 6.50642 -1.28831 0.283832 1.90315 0.222445 -2.16702e-17 8.12491 -0.78234 0.554725 1.70812 -0.109454 -2.48435e-17 9.02658 1.34903 -0.0587127 0.985704 0.0968533 -1.10523e-17 4.09476 0.611966 0.0379916 -3.34369 -3.73557 -1.54981e-17 4.1244 0.360838 0.7758 -6.62819 -1.84709 -1.71918e-17 4.13237 0.654504 1.60644 -6.12869 0.497841 1.05481 -6.50798 6.44505 -2.38822 4.27383 -3.7635 11.0826 2.77992 -2.79636 -81.7812 22.6365 -6.12336 24.9873 0.0511653 0.117236 1.6947 -0.112632 -8.19372 20.7319 0.0424511 0.0972706 1.27962 -24.1565 -2.57094 -1.05481 -6.50797 6.44497 5.30709 5.881 3.95494 -11.0826 2.77992 -2.79636 78.292 16.6476 5.83755 -24.9873 0.0511653 0.117236 -0.939399 -0.0321965 4.53132 -20.7319 0.042451 0.0972707 -1.52517 7.9828 4.68917 7.90195 -3.59782 1.73896 -0.670791 -0.799273 -22.2965 -0.72918 -33.1692 -0.560506 -1.4665 5.47322 -0.0255013 -1.99006 -34.5633 -5.17465 2.11172 -3.80138 15.1857 0.66651 -8.45602 10.6902 2.48481e-17 -7.95139e-16 1.2424e-17 -7.90195 -3.59782 1.73896 -0.515182 2.6726 13.7048 0.72918 -33.1692 -0.560506 1.78041 6.63963 0.0127381 1.99006 -34.5633 -5.17465 -2.89222 -5.32384 -15.1898 -0.66651 -8.45602 10.6902 -5.96354e-16 -5.59082e-16 -1.27471e-14 
315.711 78.4733 435.647 5.17127 -4.30095 60.121 0 4.34476 -0.984994 -0.537404 2.72351 0.309931 0 4.80497 0.916596 -0.20231 2.51781 0.150837 -8.77771e-18 5.1242 0.0983897 -0.0453455 2.70554 0.225055 -9.44946e-18 5.56568 -0.37943 0.0768288 2.46556 0.259035 -1.68784e-17 6.50642 -1.28831 0.283594 1.88906 0.217996 -2.16702e-17 8.12491 -0.78234 0.554033 1.6901 -0.114204 -2.48435e-17 9.02658 1.34903 -0.0588748 0.987262 0.0968919 -1.10523e-17 4.09476 0.611966 0.0344419 -3.33836 -3.76079 -1.54981e-17 4.1244 0.360838 0.77055 -6.60366 -1.85885 -1.71918e-17 4.13237 0.654504 1.60288 -6.09631 0.495766 1.05481 -6.50798 6.44505 -2.38367 4.28522 -3.76472 11.0826 2.77992 -2.79636 -81.7923 22.6666 -6.10047 24.9873 0.0511653 0.117236 1.69478 -0.112644 -8.19414 20.7319 0.0424511 0.0972706 1.28441 -24.2179 -2.56545 -1.05481 -6.50797 6.44497 5.30315 5.88852 3.95678 -11.0826 2.77992 -2.79636 78.309 16.6502 5.80353 -24.9873 0.0511653 0.117236 -0.942538 -0.0324294 4.5465 -20.7319 0.042451 0.0972707 -1.53108 7.98339 4.68913 7.90195 -3.59782 1.73896 -0.675561 -0.80192 -22.2766 -0.72918 -33.1692 -0.560506 -1.46235 5.45779 -0.0256269 -1.99006 -34.5633 -5.17465 2.11315 -3.80482 15.185 0.66651 -8.45602 10.6902 2.48481e-17 -7.95139e-16 1.2424e-17 -7.90195 -3.59782 1.73896 -0.519599 2.67242 13.7077 0.72918 -33.1692 -0.560506 1.77727 6.62799 0.0128975 1.99006 -34.5633 -5.17465 -2.90226 -5.33828 -15.1906 -0.66651 -8.45602 10.6902 -5.96354e-16 -5.59082e-16 -1.27471e-14 
315.71 78.4713 435.649 5.16531 -4.28827 60.1207 0 4.34476 -0.984994 -0.544101 2.7349 0.308238 0 4.80497 0.916596 -0.206975 2.5235 0.148192 -8.77771e-18 5.1242 0.0983897 -0.0483105 2.70496 0.222605 -9.44946e-18 5.56568 -0.37943 0.0756103 2.45442 0.256535 -1.68784e-17 6.50642 -1.28831 0.283749 1.87212 0.215511 -2.16702e-17 8.12491 -0.78234 0.555156 1.66867 -0.117495 -2.48435e-17 9.02658 1.34903 -0.0585356 0.989091 0.0969352 -1.10523e-17 4.09476 0.611966 0.0370982 -3.32986 -3.76613 -1.54981e-17 4.1244 0.360838 0.77638 -6.57967 -1.86097 -1.71918e-17 4.13237 0.654504 1.60949 -6.06048 0.487634 1.05481 -6.50798 6.44505 -2.3798 4.30082 -3.7687 11.0826 2.77992 -2.79636 -81.7981 22.7093 -6.0714 24.9873 0.0511653 0.117236 1.69428 -0.112574 -8.19168 20.7319 0.0424511 0.0972706 1.26457 -24.3201 -2.5841 -1.05481 -6.50797 6.44497 5.30058 5.90124 3.96003 -11.0826 2.77992 -2.79636 78.3247 16.6427 5.76694 -24.9873 0.0511653 0.117236 -0.944458 -0.0325723 4.55578 -20.7319 0.042451 0.0972707 -1.53509 7.99206 4.69432 7.90195 -3.59782 1.73896 -0.680037 -0.807378 -22.259 -0.72918 -33.1692 -0.560506 -1.45948 5.4471 -0.0257133 -1.99006 -34.5633 -5.17465 2.1062 -3.81149 15.1854 0.66651 -8.45602 10.6902 2.48481e-17 -7.95139e-16 1.2424e-17 -7.90195 -3.59782 1.73896 -0.525386 2.66951 13.7137 0.72918 -33.1692 -0.560506 1.77544 6.6212 0.0129901 1.99006 -34.5633 -5.17465 -2.90245 -5.35666 -15.1922 -0.66651 -8.45602 10.6902 -5.96354e-16 -5.59082e-16 -1.27471e-14 
315.71 78.4695 435.649 5.16022 -4.27531 60.1324 0 4.34476 -0.984994 -0.547069 2.74372 0.30603 0 4.80497 0.916596 -0.208705 2.52765 0.145526 -8.77771e-18 5.1242 0.0983897 -0.0491899 2.70369 0.219975 -9.44946e-18 5.56568 -0.37943 0.0755787 2.44423 0.25384 -1.68784e-17 6.50642 -1.28831 0.284041 1.85706 0.212652 -2.16702e-17 8.12491 -0.78234 0.555181 1.64944 -0.120676 -2.48435e-17 9.02658 1.34903 -0.0585492 0.990718 0.0970309 -1.10523e-17 4.09476 0.611966 0.035117 -3.32952 -3.78729 -1.54981e-17 4.1244 0.360838 0.776075 -6.56964 -1.87063 -1.71918e-17 4.13237 0.654504 1.61942 -6.04376 0.490316 1.05481 -6.50798 6.44505 -2.37837 4.31317 -3.77106 11.0826 2.77992 -2.79636 -81.8135 22.7341 -6.04154 24.9873 0.0511653 0.117236 1.69532 -0.112718 -8.19674 20.7319 0.0424511 0.0972706 1.25694 -24.3796 -2.6079 -1.05481 -6.50797 6.44497 5.28832 5.91122 3.95902 -11.0826 2.77992 -2.79636 78.3403 16.6467 5.73312 -24.9873 0.0511653 0.117236 -0.945466 -0.0326474 4.56065 -20.7319 0.042451 0.0972707 -1.52778 7.98213 4.70366 7.90195 -3.59782 1.73896 -0.686271 -0.820035 -22.2534 -0.72918 -33.1692 -0.560506 -1.45983 5.44843 -0.0257026 -1.99006 -34.5633 -5.17465 2.09483 -3.8199 15.1859 0.66651 -8.45602 10.6902 2.48481e-17 -7.95139e-16 1.2424e-17 -7.90195 -3.59782 1.73896 -0.531259 2.66973 13.7079 0.72918 -33.1692 -0.560506 1.77287 6.61164 0.0131201 1.99006 -34.5633 -5.17465 -2.91631 -5.36987 -15.192 -0.66651 -8.45602 10.6902 -5.96354e-16 -5.59082e-16 -1.27471e-14 
315.71 78.4675 435.651 5.15437 -4.26259 60.1336 0 4.34476 -0.984994 -0.550161 2.75128 0.305338 0 4.80497 0.916596 -0.210648 2.531 0.144433 -8.77771e-18 5.1242 0.0983897 -0.0501931 2.70237 0.21904 -9.44946e-18 5.56568 -0.37943 0.0754999 2.43499 0.252902 -1.68784e-17 6.50642 -1.28831 0.284797 1.84355 0.211552 -2.16702e-17 8.12491 -0.78234 0.556476 1.63245 -0.122394 -2.48435e-17 9.02658 1.34903 -0.0584072 0.991994 0.0971591 -1.10523e-17 4.09476 0.611966 0.0376005 -3.31844 -3.79388 -1.54981e-17 4.1244 0.360838 0.78398 -6.55515 -1.87326 -1.71918e-17 4.13237 0.654504 1.62609 -6.02833 0.490873 1.05481 -6.50798 6.44505 -2.37421 4.32235 -3.77157 11.0826 2.77992 -2.79636 -81.8331 22.7633 -6.01036 24.9873 0.0511653 0.117236 1.69763 -0.113039 -8.20798 20.7319 0.0424511 0.0972706 1.2482 -24.4173 -2.62503 -1.05481 -6.50797 6.44497 5.27613 5.91933 3.95646 -11.0826 2.77992 -2.79636 78.3536 16.6717 5.70187 -24.9873 0.0511653 0.117236 -0.947077 -0.0327676 4.56843 -20.7319 0.042451 0.0972707 -1.5184 7.96112 4.71133 7.90195 -3.59782 1.73896 -0.694039 -0.834318 -22.2349 -0.72918 -33.1692 -0.560506 -1.46137 5.45412 -0.0256566 -1.99006 -34.5633 -5.17465 2.10456 -3.82416 15.1855 0.66651 -8.45602 10.6902 2.48481e-17 -7.95139e-16 1.2424e-17 -7.90195 -3.59782 1.73896 -0.535918 2.67143 13.709 0.72918 -33.1692 -0.560506 1.76887 6.59682 0.0133209 1.99006 -34.5633 -5.17465 -2.92678 -5.38429 -15.1926 -0.66651 -8.45602 10.6902 -5.96354e-16 -5.59082e-16 -1.27471e-14 
315.71 78.4669 435.653 5.15371 -4.26121 60.1335 0 4.34476 -0.984994 -0.549183 2.75921 0.304603 0 4.80497 0.916596 -0.209656 2.53522 0.143798 -8.77771e-18 5.1242 0.0983897 -0.049331 2.70247 0.218454 -9.44946e-18 5.56568 -0.37943 0.076194 2.42824 0.252292 -1.68784e-17 6.50642 -1.28831 0.285195 1.83312 0.210738 -2.16702e-17 8.12491 -0.78234 0.556231 1.61913 -0.123247 -2.48435e-17 9.02658 1.34903 -0.0585182 0.993011 0.0971703 -1.10523e-17 4.09476 0.611966 0.0369633 -3.31785 -3.79999 -1.54981e-17 4.1244 0.360838 0.783261 -6.54953 -1.87592 -1.71918e-17 4.13237 0.654504 1.62654 -6.0142 0.491992 1.05481 -6.50798 6.44505 -2.37005 4.32997 -3.77438 11.0826 2.77992 -2.79636 -81.8555 22.7788 -5.98519 24.9873 0.0511653 0.117236 1.70025 -0.113404 -8.22074 20.7319 0.0424511 0.0972706 1.24658 -24.4237 -2.6237 -1.05481 -6.50797 6.44497 5.26274 5.92532 3.9541 -11.0826 2.77992 -2.79636 78.3673 16.7154 5.6794 -24.9873 0.0511653 0.117236 -0.949051 -0.0329152 4.57798 -20.7319 0.042451 0.0972707 -1.50345 7.95883 4.71424 7.90195 -3.59782 1.73896 -0.689431 -0.832178 -22.2188 -0.72918 -33.1692 -0.560506 -1.46007 5.4493 -0.0256955 -1.99006 -34.5633 -5.17465 2.08776 -3.83265 15.186 0.66651 -8.45602 10.6902 2.48481e-17 -7.95139e-16 1.2424e-17 -7.90195 -3.59782 1.73896 -0.534403 2.67843 13.7207 0.72918 -33.1692 -0.560506 1.76653 6.58813 0.0134381 1.99006 -34.5633 -5.17465 -2.92722 -5.38902 -15.1927 -0.66651 -8.45602 10.6902 -5.96354e-16 -5.59082e-16 -1.27471e-14 
315.71 78.4658 435.653 5.14928 -4.24964 60.1452 0 4.34476 -0.984994 -0.552327 2.76628 0.30477 0 4.80497 0.916596 -0.211696 2.53872 0.143657 -8.77771e-18 5.1242 0.0983897 -0.0503765 2.70199 0.218486 -9.44946e-18 5.56568 -0.37943 0.0761403 2.42111 0.252414 -1.68784e-17 6.50642 -1.28831 0.286237 1.8224 0.210772 -2.16702e-17 8.12491 -0.78234 0.558293 1.60548 -0.124031 -2.48435e-17 9.02658 1.34903 -0.0581702 0.994343 0.0974318 -1.10523e-17 4.09476 0.611966 0.040504 -3.31528 -3.79982 -1.54981e-17 4.1244 0.360838 0.796152 -6.54179 -1.87529 -1.71918e-17 4.13237 0.654504 1.63471 -6.0062 0.485768 1.05481 -6.50798 6.44505 -2.36204 4.33814 -3.7748 11.0826 2.77992 -2.79636 -81.8802 22.8205 -5.9635 24.9873 0.0511653 0.117236 1.70241 -0.113705 -8.23124 20.7319 0.0424511 0.0972706 1.243 -24.4223 -2.63308 -1.05481 -6.50797 6.44497 5.25587 5.93517 3.95516 -11.0826 2.77992 -2.79636 78.3797 16.7414 5.65595 -24.9873 0.0511653 0.117236 -0.95015 -0.0329975 4.58329 -20.7319 0.042451 0.0972707 -1.49685 7.9776 4.70067 7.90195 -3.59782 1.73896 -0.69616 -0.841884 -22.2149 -0.72918 -33.1692 -0.560506 -1.45957 5.44746 -0.0257104 -1.99006 -34.5633 -5.17465 2.08417 -3.83523 15.1865 0.66651 -8.45602 10.6902 2.48481e-17 -7.95139e-16 1.2424e-17 -7.90195 -3.59782 1.73896 -0.538076 2.67505 13.7143 0.72918 -33.1692 -0.560506 1.76619 6.58687 0.013455 1.99006 -34.5633 -5.17465 -2.94018 -5.39872 -15.1935 -0.66651 -8.45602 10.6902 -5.96354e-16 -5.59082e-16 -1.27471e-14 
315.71 78.4654 435.656 5.14281 -4.26481 60.1473 0 4.34476 -0.984994 -0.544583 2.77547 0.305032 0 4.80497 0.916596 -0.204793 2.54402 0.144838 -8.77771e-18 5.1242 0.0983897 -0.0445148 2.70318 0.219857 -9.44946e-18 5.56568 -0.37943 0.0808418 2.41553 0.253958 -1.68784e-17 6.50642 -1.28831 0.290116 1.81261 0.211554 -2.16702e-17 8.12491 -0.78234 0.561081 1.59322 -0.123951 -2.48435e-17 9.02658 1.34903 -0.058213 0.995516 0.0980234 -1.10523e-17 4.09476 0.611966 0.0412596 -3.31558 -3.81429 -1.54981e-17 4.1244 0.360838 0.812319 -6.5303 -1.88114 -1.71918e-17 4.13237 0.654504 1.65263 -5.98462 0.496182 1.05481 -6.50798 6.44505 -2.36072 4.34466 -3.77961 11.0826 2.77992 -2.79636 -81.9215 22.8217 -5.94037 24.9873 0.0511653 0.117236 1.70451 -0.113997 -8.24146 20.7319 0.0424511 0.0972706 1.26312 -24.3679 -2.62923 -1.05481 -6.50797 6.44497 5.24949 5.94792 3.95844 -11.0826 2.77992 -2.79636 78.3797 16.7643 5.64191 -24.9873 0.0511653 0.117236 -0.947824 -0.0328234 4.57205 -20.7319 0.042451 0.0972707 -1.48524 7.99383 4.69379 7.90195 -3.59782 1.73896 -0.675646 -0.834059 -22.1987 -0.72918 -33.1692 -0.560506 -1.45764 5.44025 -0.0257684 -1.99006 -34.5633 -5.17465 2.08643 -3.8483 15.1869 0.66651 -8.45602 10.6902 -3.29289e-16 -8.06205e-16 2.34908e-17 -7.90195 -3.59782 1.73896 -0.517216 2.68198 13.7122 0.72918 -33.1692 -0.560506 1.76504 6.5826 0.0135124 1.99006 -34.5633 -5.17465 -2.94677 -5.38812 -15.1916 -0.66651 -8.45602 10.6902 -5.96354e-16 -5.59082e-16 -1.27471e-14 
315.71 78.465 435.657 5.14297 -4.26657 60.1592 0 4.34476 -0.984994 -0.538672 2.78239 0.305388 0 4.80497 0.916596 -0.199412 2.54823 0.146011 -8.77771e-18 5.1242 0.0983897 -0.0397545 2.70437 0.221248 -9.44946e-18 5.56568 -0.37943 0.0848802 2.41224 0.255633 -1.68784e-17 6.50642 -1.28831 0.293787 1.80612 0.212615 -2.16702e-17 8.12491 -0.78234 0.564299 1.5848 -0.123749 -2.48435e-17 9.02658 1.34903 -0.0582566 0.996607 0.0987029 -1.10523e-17 4.09476 0.611966 0.0422376 -3.31376 -3.82931 -1.54981e-17 4.1244 0.360838 0.833124 -6.52007 -1.88717 -1.71918e-17 4.13237 0.654504 1.66438 -5.97217 0.4861 1.05481 -6.50798 6.44505 -2.35196 4.34555 -3.77806 11.0826 2.77992 -2.79636 -81.9739 22.786 -5.92578 24.9873 0.0511653 0.117236 1.70494 -0.114057 -8.24354 20.7319 0.0424511 0.0972706 1.30174 -24.2595 -2.61262 -1.05481 -6.50797 6.44497 5.24784 5.95815 3.96025 -11.0826 2.77992 -2.79636 78.3752 16.7636 5.62687 -24.9873 0.0511653 0.117236 -0.944125 -0.0325473 4.55417 -20.7319 0.042451 0.0972707 -1.47279 7.99919 4.68696 7.90195 -3.59782 1.73896 -0.669226 -0.81981 -22.1929 -0.72918 -33.1692 -0.560506 -1.45088 5.4151 -0.0259686 -1.99006 -34.5633 -5.17465 2.07152 -3.8525 15.1877 0.66651 -8.45602 10.6902 -1.85838e-17 -7.96496e-16 1.37813e-17 -7.90195 -3.59782 1.73896 -0.512502 2.69037 13.71 0.72918 -33.1692 -0.560506 1.76358 6.57719 0.0135851 1.99006 -34.5633 -5.17465 -2.95068 -5.38883 -15.1914 -0.66651 -8.45602 10.6902 -5.96354e-16 -5.59082e-16 -1.27471e-14 
315.71 78.4635 435.657 5.13973 -4.25463 60.1762 0 4.34476 -0.984994 -0.534809 2.78863 0.306946 0 4.80497 0.916596 -0.196056 2.55168 0.148159 -8.77771e-18 5.1242 0.0983897 -0.036858 2.7049 0.223655 -9.44946e-18 5.56568 -0.37943 0.0871688 2.40839 0.258321 -1.68784e-17 6.50642 -1.28831 0.296044 1.79897 0.21491 -2.16702e-17 8.12491 -0.78234 0.566737 1.57598 -0.122037 -2.48435e-17 9.02658 1.34903 -0.0584137 0.997373 0.0993882 -1.10523e-17 4.09476 0.611966 0.040654 -3.31478 -3.85047 -1.54981e-17 4.1244 0.360838 0.850073 -6.50871 -1.89614 -1.71918e-17 4.13237 0.654504 1.67566 -5.95603 0.471657 1.05481 -6.50798 6.44505 -2.34897 4.34983 -3.78371 11.0826 2.77992 -2.79636 -82.0165 22.7471 -5.90977 24.9873 0.0511653 0.117236 1.70395 -0.11392 -8.23876 20.7319 0.0424511 0.0972706 1.33216 -24.183 -2.60467 -1.05481 -6.50797 6.44497 5.24934 5.97379 3.96747 -11.0826 2.77992 -2.79636 78.3596 16.7991 5.60952 -24.9873 0.0511653 0.117236 -0.938227 -0.0321095 4.52566 -20.7319 0.042451 0.0972707 -1.44236 7.936 4.7028 7.90195 -3.59782 1.73896 -0.676808 -0.820974 -22.1821 -0.72918 -33.1692 -0.560506 -1.44646 5.39866 -0.0260979 -1.99006 -34.5633 -5.17465 2.07115 -3.85216 15.1877 0.66651 -8.45602 10.6902 2.48481e-17 -7.95139e-16 1.2424e-17 -7.90195 -3.59782 1.73896 -0.518117 2.69622 13.7073 0.72918 -33.1692 -0.560506 1.75964 6.56255 0.013781 1.99006 -34.5633 -5.17465 -2.96369 -5.40048 -15.1914 -0.66651 -8.45602 10.6902 -5.96354e-16 -5.59082e-16 -1.27471e-14 
315.711 78.4617 435.657 5.13576 -4.24134 60.2017 0 4.34476 -0.984994 -0.530365 2.79408 0.308224 0 4.80497 0.916596 -0.192473 2.55414 0.150098 -8.77771e-18 5.1242 0.0983897 -0.034125 2.70402 0.225758 -9.44946e-18 5.56568 -0.37943 0.0888829 2.40236 0.260635 -1.68784e-17 6.50642 -1.28831 0.297129 1.78976 0.216954 -2.16702e-17 8.12491 -0.78234 0.567407 1.56487 -0.120104 -2.48435e-17 9.02658 1.34903 -0.0586758 0.998594 0.0999338 -1.10523e-17 4.09476 0.611966 0.0373142 -3.32214 -3.86807 -1.54981e-17 4.1244 0.360838 0.857274 -6.50178 -1.90382 -1.71918e-17 4.13237 0.654504 1.69157 -5.94152 0.455777 1.05481 -6.50798 6.44505 -2.35277 4.35719 -3.79169 11.0826 2.77992 -2.79636 -82.0459 22.6946 -5.89255 24.9873 0.0511653 0.117236 1.70228 -0.113687 -8.23062 20.7319 0.0424511 0.0972706 1.35455 -24.1049 -2.60428 -1.05481 -6.50797 6.44497 5.25396 5.98946 3.97109 -11.0826 2.77992 -2.79636 78.3563 16.8302 5.58002 -24.9873 0.0511653 0.117236 -0.933685 -0.0317745 4.50371 -20.7319 0.042451 0.0972707 -1.42371 7.86393 4.72265 7.90195 -3.59782 1.73896 -0.684319 -0.821914 -22.1846 -0.72918 -33.1692 -0.560506 -1.44091 5.37799 -0.0262587 -1.99006 -34.5633 -5.17465 2.06167 -3.85531 15.1879 0.66651 -8.45602 10.6902 2.48481e-17 -7.95139e-16 1.2424e-17 -7.90195 -3.59782 1.73896 -0.524107 2.69962 13.6957 0.72918 -33.1692 -0.560506 1.75666 6.5515 0.0139282 1.99006 -34.5633 -5.17465 -2.98091 -5.41263 -15.1916 -0.66651 -8.45602 10.6902 -5.96354e-16 -5.59082e-16 -1.27471e-14 
315.711 78.4616 435.657 5.14853 -4.23397 60.22 0 4.34476 -0.984994 -0.527864 2.79885 0.310071 0 4.80497 0.916596 -0.191071 2.55693 0.152488 -8.77771e-18 5.1242 0.0983897 -0.0335651 2.70506 0.228255 -9.44946e-18 5.56568 -0.37943 0.088447 2.40046 0.263263 -1.68784e-17 6.50642 -1.28831 0.296186 1.78606 0.219701 -2.16702e-17 8.12491 -0.78234 0.566387 1.56062 -0.116849 -2.48435e-17 9.02658 1.34903 -0.0590293 0.998949 0.100216 -1.10523e-17 4.09476 0.611966 0.0325828 -3.34165 -3.87541 -1.54981e-17 4.1244 0.360838 0.853059 -6.51016 -1.90715 -1.71918e-17 4.13237 0.654504 1.68558 -5.9431 0.446723 1.05481 -6.50798 6.44505 -2.35963 4.36314 -3.80112 11.0826 2.77992 -2.79636 -82.0501 22.648 -5.88493 24.9873 0.0511653 0.117236 1.69969 -0.113326 -8.21802 20.7319 0.0424511 0.0972706 1.36851 -24.0416 -2.58441 -1.05481 -6.50797 6.44497 5.25915 6.00035 3.97343 -11.0826 2.77992 -2.79636 78.3562 16.8741 5.54926 -24.9873 0.0511653 0.117236 -0.930622 -0.0315494 4.4889 -20.7319 0.042451 0.0972707 -1.39373 7.76527 4.73694 7.90195 -3.59782 1.73896 -0.695929 -0.818519 -22.1837 -0.72918 -33.1692 -0.560506 -1.44164 5.38071 -0.0262377 -1.99006 -34.5633 -5.17465 2.05077 -3.84873 15.1876 0.66651 -8.45602 10.6902 2.48481e-17 -7.95139e-16 1.2424e-17 -7.90195 -3.59782 1.73896 -0.535052 2.71234 13.69 0.72918 -33.1692 -0.560506 1.75682 6.55208 0.0139204 1.99006 -34.5633 -5.17465 -2.98798 -5.41979 -15.1913 -0.66651 -8.45602 10.6902 -5.96354e-16 -5.59082e-16 -1.27471e-14 
315.711 78.4614 435.659 5.15015 -4.23325 60.2219 0 4.34476 -0.984994 -0.524414 2.79925 0.311934 0 4.80497 0.916596 -0.188842 2.5573 0.155043 -8.77771e-18 5.1242 0.0983897 -0.0323103 2.70542 0.230916 -9.44946e-18 5.56568 -0.37943 0.0885577 2.40053 0.266049 -1.68784e-17 6.50642 -1.28831 0.295641 1.78595 0.222546 -2.16702e-17 8.12491 -0.78234 0.565568 1.56083 -0.113574 -2.48435e-17 9.02658 1.34903 -0.0592561 0.998466 0.100241 -1.10523e-17 4.09476 0.611966 0.0309486 -3.35758 -3.86592 -1.54981e-17 4.1244 0.360838 0.847398 -6.53228 -1.90278 -1.71918e-17 4.13237 0.654504 1.66949 -5.97256 0.441368 1.05481 -6.50798 6.44505 -2.35404 4.36341 -3.80434 11.0826 2.77992 -2.79636 -82.0546 22.6149 -5.87738 24.9873 0.0511653 0.117236 1.69588 -0.112797 -8.19948 20.7319 0.0424511 0.0972706 1.36558 -24.0018 -2.57055 -1.05481 -6.50797 6.44497 5.26317 6.00508 3.96911 -11.0826 2.77992 -2.79636 78.3678 16.9203 5.52183 -24.9873 0.0511653 0.117236 -0.927107 -0.0312922 4.47192 -20.7319 0.042451 0.0972707 -1.3716 7.65933 4.7448 7.90195 -3.59782 1.73896 -0.695011 -0.820219 -22.1727 -0.72918 -33.1692 -0.560506 -1.44303 5.38587 -0.0261977 -1.99006 -34.5633 -5.17465 2.04769 -3.85168 15.188 0.66651 -8.45602 10.6902 2.48481e-17 -7.95139e-16 1.2424e-17 -7.90195 -3.59782 1.73896 -0.532628 2.72209 13.693 0.72918 -33.1692 -0.560506 1.75436 6.54298 0.0140413 1.99006 -34.5633 -5.17465 -2.99387 -5.42159 -15.1913 -0.66651 -8.45602 10.6902 -5.96354e-16 -5.59082e-16 -1.27471e-14 
315.711 78.4612 435.66 5.15103 -4.23298 60.2338 0 4.34476 -0.984994 -0.521449 2.80142 0.312743 0 4.80497 0.916596 -0.186544 2.55868 0.156332 -8.77771e-18 5.1242 0.0983897 -0.0306756 2.70607 0.232374 -9.44946e-18 5.56568 -0.37943 0.0893978 2.39965 0.26762 -1.68784e-17 6.50642 -1.28831 0.295962 1.78409 0.22403 -2.16702e-17 8.12491 -0.78234 0.565597 1.5587 -0.112146 -2.48435e-17 9.02658 1.34903 -0.0592048 0.998227 0.10023 -1.10523e-17 4.09476 0.611966 0.0351117 -3.37732 -3.83103 -1.54981e-17 4.1244 0.360838 0.848341 -6.5484 -1.88655 -1.71918e-17 4.13237 0.654504 1.66747 -5.98786 0.442815 1.05481 -6.50798 6.44505 -2.35101 4.36578 -3.80471 11.0826 2.77992 -2.79636 -82.0714 22.5817 -5.86469 24.9873 0.0511653 0.117236 1.69217 -0.112281 -8.18141 20.7319 0.0424511 0.0972706 1.3749 -23.958 -2.56726 -1.05481 -6.50797 6.44497 5.27081 6.01159 3.96374 -11.0826 2.77992 -2.79636 78.3853 16.9252 5.48783 -24.9873 0.0511653 0.117236 -0.923848 -0.0310547 4.45617 -20.7319 0.042451 0.0972707 -1.36894 7.59301 4.75206 7.90195 -3.59782 1.73896 -0.693164 -0.823798 -22.1629 -0.72918 -33.1692 -0.560506 -1.44474 5.39223 -0.0261482 -1.99006 -34.5633 -5.17465 2.03778 -3.85646 15.1884 0.66651 -8.45602 10.6902 2.48481e-17 -7.95139e-16 1.2424e-17 -7.90195 -3.59782 1.73896 -0.530954 2.72905 13.6977 0.72918 -33.1692 -0.560506 1.75367 6.54039 0.0140755 1.99006 -34.5633 -5.17465 -2.98916 -5.42619 -15.1922 -0.66651 -8.45602 10.6902 -5.96354e-16 -5.59082e-16 -1.27471e-14 
315.712 78.4623 435.66 5.16967 -4.23832 60.2508 0 4.34476 -0.984994 -0.520968 2.81055 0.314906 0 4.80497 0.916596 -0.186117 2.5651 0.158509 -8.77771e-18 5.1242 0.0983897 -0.0302105 2.71051 0.234809 -9.44946e-18 5.56568 -0.37943 0.0897754 2.40058 0.270265 -1.68784e-17 6.50642 -1.28831 0.296903 1.78225 0.226769 -2.16702e-17 8.12491 -0.78234 0.56765 1.5567 -0.109968 -2.48435e-17 9.02658 1.34903 -0.0589209 0.998713 0.100701 -1.10523e-17 4.09476 0.611966 0.042539 -3.40245 -3.78585 -1.54981e-17 4.1244 0.360838 0.863019 -6.54584 -1.86508 -1.71918e-17 4.13237 0.654504 1.68152 -5.97108 0.454644 1.05481 -6.50798 6.44505 -2.35931 4.37102 -3.80801 11.0826 2.77992 -2.79636 -82.0845 22.5254 -5.85573 24.9873 0.0511653 0.117236 1.68908 -0.111855 -8.16641 20.7319 0.0424511 0.0972706 1.40674 -23.866 -2.56552 -1.05481 -6.50797 6.44497 5.29481 6.02518 3.96764 -11.0826 2.77992 -2.79636 78.3864 16.8725 5.45444 -24.9873 0.0511653 0.117236 -0.919613 -0.0307474 4.4357 -20.7319 0.042451 0.0972707 -1.36621 7.56058 4.74957 7.90195 -3.59782 1.73896 -0.694867 -0.799761 -22.1561 -0.72918 -33.1692 -0.560506 -1.44123 5.3792 -0.0262494 -1.99006 -34.5633 -5.17465 2.02288 -3.84787 15.1885 0.66651 -8.45602 10.6902 2.48481e-17 -7.95139e-16 1.2424e-17 -7.90195 -3.59782 1.73896 -0.533864 2.75042 13.6908 0.72918 -33.1692 -0.560506 1.75472 6.5443 0.0140238 1.99006 -34.5633 -5.17465 -2.9848 -5.42352 -15.1923 -0.66651 -8.45602 10.6902 -5.96354e-16 -5.59082e-16 -1.27471e-14 
315.711 78.4627 435.662 5.18318 -4.23369 60.2523 0 4.34476 -0.984994 -0.520959 2.81598 0.31988 0 4.80497 0.916596 -0.186595 2.56931 0.163292 -8.77771e-18 5.1242 0.0983897 -0.0306986 2.71392 0.239771 -9.44946e-18 5.56568 -0.37943 0.0890436 2.40281 0.275479 -1.68784e-17 6.50642 -1.28831 0.297149 1.78268 0.232342 -2.16702e-17 8.12491 -0.78234 0.569923 1.55771 -0.104734 -2.48435e-17 9.02658 1.34903 -0.0588001 0.998632 0.101177 -1.10523e-17 4.09476 0.611966 0.0527519 -3.41834 -3.72075 -1.54981e-17 4.1244 0.360838 0.883386 -6.53934 -1.83443 -1.71918e-17 4.13237 0.654504 1.6893 -5.95973 0.465969 1.05481 -6.50798 6.44505 -2.35745 4.36507 -3.79812 11.0826 2.77992 -2.79636 -82.1245 22.3868 -5.84222 24.9873 0.0511653 0.117236 1.68684 -0.111545 -8.1555 20.7319 0.0424511 0.0972706 1.48194 -23.6253 -2.54748 -1.05481 -6.50797 6.44497 5.3163 6.03135 3.95963 -11.0826 2.77992 -2.79636 78.3948 16.7921 5.42783 -24.9873 0.0511653 0.117236 -0.913584 -0.0303126 4.40656 -20.7319 0.042451 0.0972707 -1.37828 7.55968 4.75057 7.90195 -3.59782 1.73896 -0.702364 -0.790264 -22.136 -0.72918 -33.1692 -0.560506 -1.44095 5.37814 -0.0262576 -1.99006 -34.5633 -5.17465 2.01008 -3.84152 15.1887 0.66651 -8.45602 10.6902 2.48481e-17 -7.95139e-16 1.2424e-17 -7.90195 -3.59782 1.73896 -0.540817 2.76553 13.6873 0.72918 -33.1692 -0.560506 1.75386 6.54112 0.0140659 1.99006 -34.5633 -5.17465 -2.99551 -5.42587 -15.1917 -0.66651 -8.45602 10.6902 -5.96354e-16 -5.59082e-16 -1.27471e-14 
315.711 78.4626 435.663 5.18544 -4.23276 60.2642 0 4.34476 -0.984994 -0.515939 2.81547 0.324033 0 4.80497 0.916596 -0.183045 2.56942 0.167884 -8.77771e-18 5.1242 0.0983897 -0.0283677 2.71484 0.244369 -9.44946e-18 5.56568 -0.37943 0.0899904 2.40564 0.280278 -1.68784e-17 6.50642 -1.28831 0.297541 1.78546 0.237253 -2.16702e-17 8.12491 -0.78234 0.570819 1.56172 -0.0996488 -2.48435e-17 9.02658 1.34903 -0.0589466 0.998105 0.1015 -1.10523e-17 4.09476 0.611966 0.0617151 -3.42006 -3.65889 -1.54981e-17 4.1244 0.360838 0.899255 -6.53287 -1.80537 -1.71918e-17 4.13237 0.654504 1.68701 -5.95569 0.463963 1.05481 -6.50798 6.44505 -2.35851 4.35147 -3.78401 11.0826 2.77992 -2.79636 -82.176 22.173 -5.82345 24.9873 0.0511653 0.117236 1.68494 -0.111282 -8.14623 20.7319 0.0424511 0.0972706 1.58643 -23.302 -2.51737 -1.05481 -6.50797 6.44497 5.33002 6.02807 3.94397 -11.0826 2.77992 -2.79636 78.4106 16.6681 5.39584 -24.9873 0.0511653 0.117236 -0.907539 -0.0298797 4.37735 -20.7319 0.042451 0.0972707 -1.38765 7.58294 4.74905 7.90195 -3.59782 1.73896 -0.701392 -0.780859 -22.1396 -0.72918 -33.1692 -0.560506 -1.43661 5.36198 -0.0263819 -1.99006 -34.5633 -5.17465 2.00047 -3.84154 15.1899 0.66651 -8.45602 10.6902 2.48481e-17 -7.95139e-16 1.2424e-17 -7.90195 -3.59782 1.73896 -0.539611 2.78684 13.6822 0.72918 -33.1692 -0.560506 1.74645 6.51361 0.0144284 1.99006 -34.5633 -5.17465 -2.99976 -5.42619 -15.191 -0.66651 -8.45602 10.6902 -5.96354e-16 -5.59082e-16 -1.27471e-14 
315.711 78.4612 435.665 5.18022 -4.22144 60.2654 0 4.34476 -0.984994 -0.509736 2.81515 0.328816 0 4.80497 0.916596 -0.179522 2.56883 0.173338 -8.77771e-18 5.1242 0.0983897 -0.0269218 2.71415 0.24974 -9.44946e-18 5.56568 -0.37943 0.0891662 2.40517 0.285701 -1.68784e-17 6.50642 -1.28831 0.295346 1.78436 0.242995 -2.16702e-17 8.12491 -0.78234 0.56843 1.56137 -0.09252 -2.48435e-17 9.02658 1.34903 -0.0591716 0.997598 0.101445 -1.10523e-17 4.09476 0.611966 0.0664329 -3.42423 -3.60188 -1.54981e-17 4.1244 0.360838 0.895765 -6.53736 -1.77901 -1.71918e-17 4.13237 0.654504 1.67891 -5.96418 0.468183 1.05481 -6.50798 6.44505 -2.37173 4.34347 -3.77857 11.0826 2.77992 -2.79636 -82.1927 21.9695 -5.79689 24.9873 0.0511653 0.117236 1.68198 -0.110876 -8.13188 20.7319 0.0424511 0.0972706 1.64182 -23.056 -2.51779 -1.05481 -6.50797 6.44497 5.33188 6.02501 3.92442 -11.0826 2.77992 -2.79636 78.4279 16.5974 5.35216 -24.9873 0.0511653 0.117236 -0.902916 -0.0295507 4.35501 -20.7319 0.042451 0.0972707 -1.3953 7.55074 4.77423 7.90195 -3.59782 1.73896 -0.703646 -0.78749 -22.1227 -0.72918 -33.1692 -0.560506 -1.43516 5.35657 -0.0264232 -1.99006 -34.5633 -5.17465 1.98609 -3.84924 15.1905 0.66651 -8.45602 10.6902 -3.29289e-16 -8.06205e-16 2.34908e-17 -7.90195 -3.59782 1.73896 -0.541209 2.79545 13.6764 0.72918 -33.1692 -0.560506 1.73958 6.48811 0.0147613 1.99006 -34.5633 -5.17465 -3.0257 -5.43201 -15.1895 -0.66651 -8.45602 10.6902 -5.96354e-16 -5.59082e-16 -1.27471e-14 
315.711 78.459 435.667 5.17424 -4.20876 60.2652 0 4.34476 -0.984994 -0.505027 2.81271 0.332131 0 4.80497 0.916596 -0.177327 2.56703 0.17732 -8.77771e-18 5.1242 0.0983897 -0.026816 2.71325 0.253503 -9.44946e-18 5.56568 -0.37943 0.0871106 2.40576 0.289315 -1.68784e-17 6.50642 -1.28831 0.291609 1.78593 0.247033 -2.16702e-17 8.12491 -0.78234 0.563888 1.56391 -0.0866468 -2.48435e-17 9.02658 1.34903 -0.0595351 0.996805 0.100977 -1.10523e-17 4.09476 0.611966 0.0676376 -3.42026 -3.56016 -1.54981e-17 4.1244 0.360838 0.872769 -6.55828 -1.76032 -1.71918e-17 4.13237 0.654504 1.65744 -6.00045 0.472695 1.05481 -6.50798 6.44505 -2.39016 4.33548 -3.7753 11.0826 2.77992 -2.79636 -82.1674 21.8163 -5.77356 24.9873 0.0511653 0.117236 1.68086 -0.110721 -8.1264 20.7319 0.0424511 0.0972706 1.64377 -22.9816 -2.53824 -1.05481 -6.50797 6.44497 5.32239 6.01302 3.89985 -11.0826 2.77992 -2.79636 78.4588 16.5571 5.30935 -24.9873 0.0511653 0.117236 -0.90277 -0.0295403 4.3543 -20.7319 0.042451 0.0972707 -1.40095 7.52162 4.79975 7.90195 -3.59782 1.73896 -0.710797 -0.797152 -22.1174 -0.72918 -33.1692 -0.560506 -1.4344 5.35378 -0.0264445 -1.99006 -34.5633 -5.17465 1.99236 -3.85445 15.1918 0.66651 -8.45602 10.6902 -1.85838e-17 -7.96496e-16 1.37813e-17 -7.90195 -3.59782 1.73896 -0.545179 2.78801 13.6824 0.72918 -33.1692 -0.560506 1.73978 6.48884 0.0147518 1.99006 -34.5633 -5.17465 -3.04133 -5.44727 -15.1897 -0.66651 -8.45602 10.6902 -5.96354e-16 -5.59082e-16 -1.27471e-14 
315.71 78.4572 435.668 5.16826 -4.19608 60.2649 0 4.34476 -0.984994 -0.501056 2.81202 0.332984 0 4.80497 0.916596 -0.17512 2.56611 0.178862 -8.77771e-18 5.1242 0.0983897 -0.026085 2.71278 0.255033 -9.44946e-18 5.56568 -0.37943 0.0864357 2.40576 0.29069 -1.68784e-17 6.50642 -1.28831 0.289653 1.78686 0.248517 -2.16702e-17 8.12491 -0.78234 0.560988 1.56573 -0.0840045 -2.48435e-17 9.02658 1.34903 -0.0594923 0.99626 0.100589 -1.10523e-17 4.09476 0.611966 0.0691494 -3.41866 -3.5364 -1.54981e-17 4.1244 0.360838 0.85385 -6.58057 -1.74978 -1.71918e-17 4.13237 0.654504 1.63871 -6.03654 0.48583 1.05481 -6.50798 6.44505 -2.41162 4.33415 -3.77586 11.0826 2.77992 -2.79636 -82.1121 21.7696 -5.75756 24.9873 0.0511653 0.117236 1.68338 -0.111068 -8.13868 20.7319 0.0424511 0.0972706 1.59009 -23.118 -2.57938 -1.05481 -6.50797 6.44497 5.31393 6.0045 3.88285 -11.0826 2.77992 -2.79636 78.4706 16.5415 5.27117 -24.9873 0.0511653 0.117236 -0.90731 -0.0298634 4.37624 -20.7319 0.042451 0.0972707 -1.40436 7.48944 4.80794 7.90195 -3.59782 1.73896 -0.716708 -0.814845 -22.1111 -0.72918 -33.1692 -0.560506 -1.43731 5.36458 -0.026362 -1.99006 -34.5633 -5.17465 1.99072 -3.86121 15.1922 0.66651 -8.45602 10.6902 2.48481e-17 -7.95139e-16 1.2424e-17 -7.90195 -3.59782 1.73896 -0.55042 2.77776 13.6894 0.72918 -33.1692 -0.560506 1.74113 6.49388 0.0146863 1.99006 -34.5633 -5.17465 -3.04332 -5.46537 -15.1914 -0.66651 -8.45602 10.6902 -5.96354e-16 -5.59082e-16 -1.27471e-14 
315.708 78.4567 435.67 5.1676 -4.1947 60.2649 0 4.34476 -0.984994 -0.492158 2.80808 0.330777 0 4.80497 0.916596 -0.168362 2.56375 0.178019 -8.77771e-18 5.1242 0.0983897 -0.0214098 2.71198 0.254172 -9.44946e-18 5.56568 -0.37943 0.0890794 2.40782 0.289709 -1.68784e-17 6.50642 -1.28831 0.289913 1.79126 0.247091 -2.16702e-17 8.12491 -0.78234 0.558431 1.57135 -0.0845243 -2.48435e-17 9.02658 1.34903 -0.0597554 0.995627 0.100455 -1.10523e-17 4.09476 0.611966 0.0665444 -3.41315 -3.54128 -1.54981e-17 4.1244 0.360838 0.832866 -6.58808 -1.75244 -1.71918e-17 4.13237 0.654504 1.61791 -6.05563 0.505195 1.05481 -6.50798 6.44505 -2.43236 4.33019 -3.77581 11.0826 2.77992 -2.79636 -82.0644 21.7617 -5.74766 24.9873 0.0511653 0.117236 1.6882 -0.111733 -8.16211 20.7319 0.0424511 0.0972706 1.53851 -23.2896 -2.60223 -1.05481 -6.50797 6.44497 5.30228 5.99379 3.86929 -11.0826 2.77992 -2.79636 78.4689 16.5535 5.24086 -24.9873 0.0511653 0.117236 -0.91319 -0.0302843 4.40465 -20.7319 0.042451 0.0972707 -1.39253 7.44334 4.79769 7.90195 -3.59782 1.73896 -0.713903 -0.822261 -22.0946 -0.72918 -33.1692 -0.560506 -1.44011 5.37502 -0.0262817 -1.99006 -34.5633 -5.17465 1.98385 -3.86792 15.1924 0.66651 -8.45602 10.6902 3.78981e-16 -7.84072e-16 1.35739e-18 -7.90195 -3.59782 1.73896 -0.547588 2.77639 13.7008 0.72918 -33.1692 -0.560506 1.7426 6.49931 0.0146156 1.99006 -34.5633 -5.17465 -3.04842 -5.46925 -15.1913 -0.66651 -8.45602 10.6902 -5.96354e-16 -5.59082e-16 -1.27471e-14 
315.708 78.4568 435.672 5.1676 -4.1947 60.2649 0 4.34476 -0.984994 -0.481293 2.80341 0.327351 0 4.80497 0.916596 -0.159372 2.56069 0.176098 -8.77771e-18 5.1242 0.0983897 -0.014477 2.71001 0.252242 -9.44946e-18 5.56568 -0.37943 0.0939777 2.40819 0.287737 -1.68784e-17 6.50642 -1.28831 0.292234 1.7937 0.244224 -2.16702e-17 8.12491 -0.78234 0.557359 1.57435 -0.0871695 -2.48435e-17 9.02658 1.34903 -0.060207 0.995455 0.100558 -1.10523e-17 4.09476 0.611966 0.0628781 -3.396 -3.56778 -1.54981e-17 4.1244 0.360838 0.820638 -6.58586 -1.76494 -1.71918e-17 4.13237 0.654504 1.59558 -6.06504 0.512543 1.05481 -6.50798 6.44505 -2.44642 4.3247 -3.77147 11.0826 2.77992 -2.79636 -82.0436 21.7646 -5.73067 24.9873 0.0511653 0.117236 1.69421 -0.112565 -8.19137 20.7319 0.0424511 0.0972706 1.51332 -23.3949 -2.61875 -1.05481 -6.50797 6.44497 5.29013 5.98396 3.85654 -11.0826 2.77992 -2.79636 78.4597 16.5842 5.21048 -24.9873 0.0511653 0.117236 -0.918947 -0.0306993 4.43248 -20.7319 0.042451 0.0972707 -1.3759 7.41597 4.78805 7.90195 -3.59782 1.73896 -0.711203 -0.823715 -22.078 -0.72918 -33.1692 -0.560506 -1.44079 5.37754 -0.0262622 -1.99006 -34.5633 -5.17465 1.98544 -3.86848 15.1923 0.66651 -8.45602 10.6902 6.82847e-17 -7.93781e-16 1.10666e-17 -7.90195 -3.59782 1.73896 -0.542384 2.78051 13.712 0.72918 -33.1692 -0.560506 1.74225 6.49803 0.0146322 1.99006 -34.5633 -5.17465 -3.05842 -5.46778 -15.191 -0.66651 -8.45602 10.6902 -5.96354e-16 -5.59082e-16 -1.27471e-14 
315.708 78.4569 435.674 5.1676 -4.1947 60.2649 0 4.34476 -0.984994 -0.471513 2.80373 0.324345 0 4.80497 0.916596 -0.150868 2.56045 0.174478 -8.77771e-18 5.1242 0.0983897 -0.00743924 2.70874 0.25076 -9.44946e-18 5.56568 -0.37943 0.0996158 2.40586 0.286334 -1.68784e-17 6.50642 -1.28831 0.29609 1.79114 0.241866 -2.16702e-17 8.12491 -0.78234 0.558735 1.57086 -0.0899559 -2.48435e-17 9.02658 1.34903 -0.0604698 0.996067 0.100965 -1.10523e-17 4.09476 0.611966 0.0623748 -3.36847 -3.5962 -1.54981e-17 4.1244 0.360838 0.825794 -6.5743 -1.77774 -1.71918e-17 4.13237 0.654504 1.5804 -6.06246 0.507727 1.05481 -6.50798 6.44505 -2.44943 4.31855 -3.7626 11.0826 2.77992 -2.79636 -82.0507 21.7473 -5.71705 24.9873 0.0511653 0.117236 1.70044 -0.11343 -8.22167 20.7319 0.0424511 0.0972706 1.53077 -23.419 -2.61036 -1.05481 -6.50797 6.44497 5.27682 5.9766 3.84439 -11.0826 2.77992 -2.79636 78.458 16.5708 5.17852 -24.9873 0.0511653 0.117236 -0.924093 -0.0310727 4.45735 -20.7319 0.042451 0.0972707 -1.37325 7.46815 4.75737 7.90195 -3.59782 1.73896 -0.70695 -0.819068 -22.0669 -0.72918 -33.1692 -0.560506 -1.43879 5.37009 -0.0263197 -1.99006 -34.5633 -5.17465 1.98205 -3.86942 15.1922 0.66651 -8.45602 10.6902 2.48481e-17 -7.95139e-16 1.2424e-17 -7.90195 -3.59782 1.73896 -0.53847 2.78619 13.7214 0.72918 -33.1692 -0.560506 1.74131 6.49453 0.0146778 1.99006 -34.5633 -5.17465 -3.05557 -5.47068 -15.1919 -0.66651 -8.45602 10.6902 -5.96354e-16 -5.59082e-16 -1.27471e-14 
315.708 78.4573 435.675 5.17972 -4.18913 60.2764 0 4.34476 -0.984994 -0.466834 2.81087 0.321634 0 4.80497 0.916596 -0.146723 2.56483 0.172552 -8.77771e-18 5.1242 0.0983897 -0.00397826 2.71032 0.248938 -9.44946e-18 5.56568 -0.37943 0.102423 2.40348 0.28455 -1.68784e-17 6.50642 -1.28831 0.297838 1.78605 0.239496 -2.16702e-17 8.12491 -0.78234 0.558877 1.56365 -0.0922811 -2.48435e-17 9.02658 1.34903 -0.0608981 0.996835 0.101379 -1.10523e-17 4.09476 0.611966 0.0603945 -3.34083 -3.6245 -1.54981e-17 4.1244 0.360838 0.825144 -6.56825 -1.79061 -1.71918e-17 4.13237 0.654504 1.56711 -6.06098 0.495307 1.05481 -6.50798 6.44505 -2.44464 4.31459 -3.76057 11.0826 2.77992 -2.79636 -82.0491 21.7278 -5.71925 24.9873 0.0511653 0.117236 1.7043 -0.113968 -8.24045 20.7319 0.0424511 0.0972706 1.54129 -23.4464 -2.59478 -1.05481 -6.50797 6.44497 5.25702 5.97497 3.83921 -11.0826 2.77992 -2.79636 78.4623 16.5695 5.15082 -24.9873 0.0511653 0.117236 -0.924818 -0.0311255 4.46085 -20.7319 0.042451 0.0972707 -1.36842 7.49528 4.74455 7.90195 -3.59782 1.73896 -0.714232 -0.806609 -22.0492 -0.72918 -33.1692 -0.560506 -1.43562 5.35829 -0.0264101 -1.99006 -34.5633 -5.17465 1.97103 -3.86085 15.1914 0.66651 -8.45602 10.6902 2.48481e-17 -7.95139e-16 1.2424e-17 -7.90195 -3.59782 1.73896 -0.547332 2.78876 13.7243 0.72918 -33.1692 -0.560506 1.7462 6.51268 0.0144406 1.99006 -34.5633 -5.17465 -3.05752 -5.47819 -15.1921 -0.66651 -8.45602 10.6902 -5.96354e-16 -5.59082e-16 -1.27471e-14 
315.707 78.4567 435.677 5.1812 -4.18845 60.2778 0 4.34476 -0.984994 -0.463554 2.81731 0.318335 0 4.80497 0.916596 -0.143407 2.5691 0.169832 -8.77771e-18 5.1242 0.0983897 -0.0010506 2.71254 0.246322 -9.44946e-18 5.56568 -0.37943 0.104969 2.4026 0.281916 -1.68784e-17 6.50642 -1.28831 0.299392 1.78266 0.236213 -2.16702e-17 8.12491 -0.78234 0.558849 1.55855 -0.0956361 -2.48435e-17 9.02658 1.34903 -0.0611942 0.996862 0.101417 -1.10523e-17 4.09476 0.611966 0.0627022 -3.30321 -3.63499 -1.54981e-17 4.1244 0.360838 0.823493 -6.56492 -1.79526 -1.71918e-17 4.13237 0.654504 1.55872 -6.06934 0.483409 1.05481 -6.50798 6.44505 -2.43458 4.31237 -3.76583 11.0826 2.77992 -2.79636 -82.0305 21.7336 -5.73322 24.9873 0.0511653 0.117236 1.70518 -0.114091 -8.24472 20.7319 0.0424511 0.0972706 1.52453 -23.5282 -2.58258 -1.05481 -6.50797 6.44497 5.23514 5.97307 3.83727 -11.0826 2.77992 -2.79636 78.4704 16.6003 5.13725 -24.9873 0.0511653 0.117236 -0.923573 -0.0310349 4.45484 -20.7319 0.042451 0.0972707 -1.36537 7.50402 4.74807 7.90195 -3.59782 1.73896 -0.712415 -0.803686 -22.0321 -0.72918 -33.1692 -0.560506 -1.43477 5.35512 -0.0264342 -1.99006 -34.5633 -5.17465 1.97067 -3.86304 15.1916 0.66651 -8.45602 10.6902 2.48481e-17 -7.95139e-16 1.2424e-17 -7.90195 -3.59782 1.73896 -0.544045 2.7896 13.726 0.72918 -33.1692 -0.560506 1.74824 6.52024 0.0143414 1.99006 -34.5633 -5.17465 -3.06882 -5.48144 -15.1917 -0.66651 -8.45602 10.6902 -5.96354e-16 -5.59082e-16 -1.27471e-14 
315.707 78.4574 435.679 5.18762 -4.19938 60.2819 0 4.34476 -0.984994 -0.46084 2.82815 0.312032 0 4.80497 0.916596 -0.140025 2.57649 0.163923 -8.77771e-18 5.1242 0.0983897 0.00204739 2.71682 0.240527 -9.44946e-18 5.56568 -0.37943 0.107851 2.40165 0.275932 -1.68784e-17 6.50642 -1.28831 0.300717 1.77783 0.229429 -2.16702e-17 8.12491 -0.78234 0.557552 1.55113 -0.102433 -2.48435e-17 9.02658 1.34903 -0.0613359 0.99697 0.101077 -1.10523e-17 4.09476 0.611966 0.0672725 -3.27886 -3.62903 -1.54981e-17 4.1244 0.360838 0.811875 -6.56121 -1.79259 -1.71918e-17 4.13237 0.654504 1.55471 -6.06525 0.485491 1.05481 -6.50798 6.44505 -2.43241 4.3209 -3.78439 11.0826 2.77992 -2.79636 -81.9841 21.8028 -5.75584 24.9873 0.0511653 0.117236 1.70324 -0.113821 -8.2353 20.7319 0.0424511 0.0972706 1.47403 -23.7066 -2.57051 -1.05481 -6.50797 6.44497 5.21487 5.97545 3.84634 -11.0826 2.77992 -2.79636 78.4755 16.6498 5.12965 -24.9873 0.0511653 0.117236 -0.92334 -0.0310179 4.45371 -20.7319 0.042451 0.0972707 -1.36528 7.4981 4.75311 7.90195 -3.59782 1.73896 -0.703107 -0.79076 -22.0184 -0.72918 -33.1692 -0.560506 -1.43402 5.35236 -0.0264553 -1.99006 -34.5633 -5.17465 1.97455 -3.86165 15.1911 0.66651 -8.45602 10.6902 2.48481e-17 -7.95139e-16 1.2424e-17 -7.90195 -3.59782 1.73896 -0.5326 2.80731 13.7242 0.72918 -33.1692 -0.560506 1.74666 6.51441 0.014418 1.99006 -34.5633 -5.17465 -3.07676 -5.47124 -15.1903 -0.66651 -8.45602 10.6902 -5.96354e-16 -5.59082e-16 -1.27471e-14 
315.707 78.4573 435.681 5.1884 -4.20072 60.2824 0 4.34476 -0.984994 -0.461402 2.8386 0.304088 0 4.80497 0.916596 -0.138876 2.58348 0.155846 -8.77771e-18 5.1242 0.0983897 0.00381808 2.72023 0.232644 -9.44946e-18 5.56568 -0.37943 0.110291 2.39905 0.26782 -1.68784e-17 6.50642 -1.28831 0.302156 1.77111 0.220518 -2.16702e-17 8.12491 -0.78234 0.556544 1.54112 -0.111811 -2.48435e-17 9.02658 1.34903 -0.061219 0.997317 0.100478 -1.10523e-17 4.09476 0.611966 0.0744191 -3.26411 -3.61248 -1.54981e-17 4.1244 0.360838 0.801321 -6.55227 -1.78509 -1.71918e-17 4.13237 0.654504 1.5495 -6.0535 0.503855 1.05481 -6.50798 6.44505 -2.42641 4.33436 -3.80285 11.0826 2.77992 -2.79636 -81.9323 21.9219 -5.78079 24.9873 0.0511653 0.117236 1.69934 -0.113278 -8.21633 20.7319 0.0424511 0.0972706 1.40322 -23.9438 -2.56807 -1.05481 -6.50797 6.44497 5.19737 5.97891 3.85815 -11.0826 2.77992 -2.79636 78.4779 16.7101 5.12674 -24.9873 0.0511653 0.117236 -0.924967 -0.0311363 4.46157 -20.7319 0.042451 0.0972707 -1.38119 7.49499 4.76852 7.90195 -3.59782 1.73896 -0.697418 -0.781424 -21.9946 -0.72918 -33.1692 -0.560506 -1.43042 5.33896 -0.0265568 -1.99006 -34.5633 -5.17465 1.9733 -3.86222 15.1903 0.66651 -8.45602 10.6902 2.48481e-17 -7.95139e-16 1.2424e-17 -7.90195 -3.59782 1.73896 -0.526264 2.81991 13.7227 0.72918 -33.1692 -0.560506 1.7431 6.50119 0.0145909 1.99006 -34.5633 -5.17465 -3.08503 -5.46966 -15.1903 -0.66651 -8.45602 10.6902 -5.96354e-16 -5.59082e-16 -1.27471e-14 
315.706 78.4555 435.683 5.18199 -4.18979 60.2783 0 4.34476 -0.984994 -0.467374 2.84574 0.296595 0 4.80497 0.916596 -0.14152 2.58833 0.147553 -8.77771e-18 5.1242 0.0983897 0.00347464 2.72262 0.224786 -9.44946e-18 5.56568 -0.37943 0.112388 2.39743 0.259887 -1.68784e-17 6.50642 -1.28831 0.305238 1.76657 0.211879 -2.16702e-17 8.12491 -0.78234 0.559265 1.53385 -0.122308 -2.48435e-17 9.02658 1.34903 -0.0605915 0.997332 0.100011 -1.10523e-17 4.09476 0.611966 0.0869378 -3.25322 -3.58892 -1.54981e-17 4.1244 0.360838 0.815401 -6.52833 -1.77375 -1.71918e-17 4.13237 0.654504 1.562 -6.01792 0.525066 1.05481 -6.50798 6.44505 -2.4174 4.34644 -3.81266 11.0826 2.77992 -2.79636 -81.8965 22.0509 -5.80551 24.9873 0.0511653 0.117236 1.69532 -0.112718 -8.19673 20.7319 0.0424511 0.0972706 1.34602 -24.1719 -2.57204 -1.05481 -6.50797 6.44497 5.19065 5.98196 3.87166 -11.0826 2.77992 -2.79636 78.4688 16.726 5.13491 -24.9873 0.0511653 0.117236 -0.928189 -0.0313715 4.47715 -20.7319 0.042451 0.0972707 -1.39635 7.54113 4.77139 7.90195 -3.59782 1.73896 -0.700556 -0.78952 -21.9734 -0.72918 -33.1692 -0.560506 -1.42921 5.33446 -0.0265907 -1.99006 -34.5633 -5.17465 1.97716 -3.86661 15.1904 0.66651 -8.45602 10.6902 2.48481e-17 -7.95139e-16 1.2424e-17 -7.90195 -3.59782 1.73896 -0.529925 2.81639 13.731 0.72918 -33.1692 -0.560506 1.74165 6.49579 0.0146614 1.99006 -34.5633 -5.17465 -3.07673 -5.4888 -15.1929 -0.66651 -8.45602 10.6902 -5.96354e-16 -5.59082e-16 -1.27471e-14 
315.705 78.4549 435.685 5.1812 -4.18845 60.2778 0 4.34476 -0.984994 -0.469852 2.84873 0.29032 0 4.80497 0.916596 -0.142016 2.59079 0.140842 -8.77771e-18 5.1242 0.0983897 0.0041323 2.72407 0.2183 -9.44946e-18 5.56568 -0.37943 0.114277 2.39765 0.25329 -1.68784e-17 6.50642 -1.28831 0.307035 1.76558 0.204748 -2.16702e-17 8.12491 -0.78234 0.559831 1.53102 -0.130435 -2.48435e-17 9.02658 1.34903 -0.0601102 0.997128 0.0996255 -1.10523e-17 4.09476 0.611966 0.0950907 -3.25038 -3.56109 -1.54981e-17 4.1244 0.360838 0.814284 -6.50591 -1.76095 -1.71918e-17 4.13237 0.654504 1.56089 -5.97732 0.542429 1.05481 -6.50798 6.44505 -2.40266 4.35385 -3.81927 11.0826 2.77992 -2.79636 -81.8786 22.1753 -5.82729 24.9873 0.0511653 0.117236 1.69123 -0.112152 -8.17687 20.7319 0.0424511 0.0972706 1.30953 -24.3592 -2.56589 -1.05481 -6.50797 6.44497 5.18681 5.98334 3.886 -11.0826 2.77992 -2.79636 78.4549 16.7319 5.14878 -24.9873 0.0511653 0.117236 -0.929864 -0.0314941 4.48524 -20.7319 0.042451 0.0972707 -1.40149 7.59983 4.75972 7.90195 -3.59782 1.73896 -0.696754 -0.786819 -21.9616 -0.72918 -33.1692 -0.560506 -1.42721 5.32702 -0.0266466 -1.99006 -34.5633 -5.17465 1.97574 -3.86961 15.19 0.66651 -8.45602 10.6902 2.48481e-17 -7.95139e-16 1.2424e-17 -7.90195 -3.59782 1.73896 -0.525853 2.81506 13.734 0.72918 -33.1692 -0.560506 1.74325 6.50173 0.0145839 1.99006 -34.5633 -5.17465 -3.08894 -5.49096 -15.1922 -0.66651 -8.45602 10.6902 -5.96354e-16 -5.59082e-16 -1.27471e-14 
315.705 78.4544 435.685 5.18316 -4.18782 60.2936 0 4.34476 -0.984994 -0.471664 2.85051 0.284965 0 4.80497 0.916596 -0.142101 2.59264 0.135229 -8.77771e-18 5.1242 0.0983897 0.00502197 2.72565 0.2129 -9.44946e-18 5.56568 -0.37943 0.116179 2.39896 0.247837 -1.68784e-17 6.50642 -1.28831 0.30887 1.76621 0.198823 -2.16702e-17 8.12491 -0.78234 0.560674 1.53032 -0.137212 -2.48435e-17 9.02658 1.34903 -0.0595778 0.996922 0.0994579 -1.10523e-17 4.09476 0.611966 0.102509 -3.24672 -3.53636 -1.54981e-17 4.1244 0.360838 0.812817 -6.49383 -1.74952 -1.71918e-17 4.13237 0.654504 1.55128 -5.95161 0.550836 1.05481 -6.50798 6.44505 -2.38088 4.3574 -3.82256 11.0826 2.77992 -2.79636 -81.88 22.2959 -5.84909 24.9873 0.0511653 0.117236 1.68754 -0.111641 -8.15889 20.7319 0.0424511 0.0972706 1.28237 -24.5132 -2.56453 -1.05481 -6.50797 6.44497 5.18191 5.98477 3.89936 -11.0826 2.77992 -2.79636 78.4396 16.7285 5.15849 -24.9873 0.0511653 0.117236 -0.929162 -0.0314427 4.48185 -20.7319 0.042451 0.0972707 -1.40492 7.64797 4.74631 7.90195 -3.59782 1.73896 -0.695079 -0.778025 -21.9535 -0.72918 -33.1692 -0.560506 -1.42282 5.31067 -0.0267684 -1.99006 -34.5633 -5.17465 1.97361 -3.86887 15.1896 0.66651 -8.45602 10.6902 2.48481e-17 -7.95139e-16 1.2424e-17 -7.90195 -3.59782 1.73896 -0.5235 2.81937 13.7298 0.72918 -33.1692 -0.560506 1.74436 6.50586 0.0145299 1.99006 -34.5633 -5.17465 -3.09367 -5.494 -15.1926 -0.66651 -8.45602 10.6902 -5.96354e-16 -5.59082e-16 -1.27471e-14 
315.704 78.454 435.687 5.1834 -4.18774 60.2955 0 4.34476 -0.984994 -0.47345 2.8485 0.281217 0 4.80497 0.916596 -0.142704 2.59219 0.131153 -8.77771e-18 5.1242 0.0983897 0.00501882 2.72666 0.208823 -9.44946e-18 5.56568 -0.37943 0.116739 2.40219 0.243626 -1.68784e-17 6.50642 -1.28831 0.309165 1.77025 0.194354 -2.16702e-17 8.12491 -0.78234 0.559995 1.53419 -0.141859 -2.48435e-17 9.02658 1.34903 -0.0592791 0.995901 0.098996 -1.10523e-17 4.09476 0.611966 0.106895 -3.24083 -3.51533 -1.54981e-17 4.1244 0.360838 0.800512 -6.50378 -1.74019 -1.71918e-17 4.13237 0.654504 1.53333 -5.96079 0.56379 1.05481 -6.50798 6.44505 -2.35547 4.35567 -3.82264 11.0826 2.77992 -2.79636 -81.8858 22.4094 -5.8634 24.9873 0.0511653 0.117236 1.68375 -0.111118 -8.14045 20.7319 0.0424511 0.0972706 1.24232 -24.6566 -2.58058 -1.05481 -6.50797 6.44497 5.16965 5.98207 3.90594 -11.0826 2.77992 -2.79636 78.437 16.7511 5.17605 -24.9873 0.0511653 0.117236 -0.925403 -0.0311681 4.46368 -20.7319 0.042451 0.0972707 -1.40754 7.65809 4.74862 7.90195 -3.59782 1.73896 -0.691563 -0.773839 -21.9407 -0.72918 -33.1692 -0.560506 -1.42078 5.30305 -0.0268247 -1.99006 -34.5633 -5.17465 1.97483 -3.86954 15.1893 0.66651 -8.45602 10.6902 2.48481e-17 -7.95139e-16 1.2424e-17 -7.90195 -3.59782 1.73896 -0.519165 2.82384 13.7349 0.72918 -33.1692 -0.560506 1.74402 6.50459 0.0145466 1.99006 -34.5633 -5.17465 -3.10312 -5.4949 -15.1918 -0.66651 -8.45602 10.6902 -5.96354e-16 -5.59082e-16 -1.27471e-14 
315.703 78.4544 435.689 5.19464 -4.18244 60.2951 0 4.34476 -0.984994 -0.478837 2.84762 0.278468 0 4.80497 0.916596 -0.146604 2.59286 0.127725 -8.77771e-18 5.1242 0.0983897 0.00227501 2.72908 0.205406 -9.44946e-18 5.56568 -0.37943 0.115154 2.40727 0.240091 -1.68784e-17 6.50642 -1.28831 0.308149 1.77639 0.19092 -2.16702e-17 8.12491 -0.78234 0.559123 1.54074 -0.145429 -2.48435e-17 9.02658 1.34903 -0.0588263 0.994786 0.0985341 -1.10523e-17 4.09476 0.611966 0.11241 -3.23671 -3.48486 -1.54981e-17 4.1244 0.360838 0.790156 -6.51477 -1.72653 -1.71918e-17 4.13237 0.654504 1.52228 -5.97313 0.576205 1.05481 -6.50798 6.44505 -2.33738 4.35493 -3.82433 11.0826 2.77992 -2.79636 -81.888 22.5199 -5.87963 24.9873 0.0511653 0.117236 1.68155 -0.110816 -8.12976 20.7319 0.0424511 0.0972706 1.2047 -24.7852 -2.59709 -1.05481 -6.50797 6.44497 5.16306 5.9783 3.91166 -11.0826 2.77992 -2.79636 78.433 16.7801 5.18802 -24.9873 0.0511653 0.117236 -0.923643 -0.03104 4.45518 -20.7319 0.042451 0.0972707 -1.4009 7.64382 4.75306 7.90195 -3.59782 1.73896 -0.696337 -0.766503 -21.9224 -0.72918 -33.1692 -0.560506 -1.4203 5.30128 -0.0268377 -1.99006 -34.5633 -5.17465 1.95734 -3.8652 15.1892 0.66651 -8.45602 10.6902 2.48481e-17 -7.95139e-16 1.2424e-17 -7.90195 -3.59782 1.73896 -0.524523 2.834 13.7387 0.72918 -33.1692 -0.560506 1.74437 6.50588 0.0145296 1.99006 -34.5633 -5.17465 -3.11313 -5.49793 -15.1921 -0.66651 -8.45602 10.6902 -5.96354e-16 -5.59082e-16 -1.27471e-14 
315.703 78.4546 435.69 5.19689 -4.18152 60.307 0 4.34476 -0.984994 -0.481953 2.84498 0.273131 0 4.80497 0.916596 -0.147912 2.59269 0.12195 -8.77771e-18 5.1242 0.0983897 0.00207389 2.73118 0.199645 -9.44946e-18 5.56568 -0.37943 0.116057 2.41324 0.234254 -1.68784e-17 6.50642 -1.28831 0.309004 1.78414 0.184738 -2.16702e-17 8.12491 -0.78234 0.558998 1.54931 -0.152212 -2.48435e-17 9.02658 1.34903 -0.0585662 0.993572 0.0983309 -1.10523e-17 4.09476 0.611966 0.116201 -3.24333 -3.46832 -1.54981e-17 4.1244 0.360838 0.785724 -6.51853 -1.71914 -1.71918e-17 4.13237 0.654504 1.51839 -5.97047 0.591753 1.05481 -6.50798 6.44505 -2.32773 4.3554 -3.82642 11.0826 2.77992 -2.79636 -81.8965 22.6296 -5.89777 24.9873 0.0511653 0.117236 1.68083 -0.110717 -8.12625 20.7319 0.0424511 0.0972706 1.18196 -24.8953 -2.58903 -1.05481 -6.50797 6.44497 5.1657 5.97696 3.92292 -11.0826 2.77992 -2.79636 78.4194 16.7977 5.20443 -24.9873 0.0511653 0.117236 -0.922818 -0.0309801 4.45119 -20.7319 0.042451 0.0972707 -1.39837 7.62303 4.75204 7.90195 -3.59782 1.73896 -0.696631 -0.773912 -21.9145 -0.72918 -33.1692 -0.560506 -1.42402 5.31512 -0.0267353 -1.99006 -34.5633 -5.17465 1.95288 -3.86647 15.1894 0.66651 -8.45602 10.6902 2.48481e-17 -7.95139e-16 1.2424e-17 -7.90195 -3.59782 1.73896 -0.522043 2.83798 13.7288 0.72918 -33.1692 -0.560506 1.74557 6.51036 0.0144711 1.99006 -34.5633 -5.17465 -3.12093 -5.4973 -15.1918 -0.66651 -8.45602 10.6902 -5.96354e-16 -5.59082e-16 -1.27471e-14 
315.703 78.4546 435.692 5.197 -4.18148 60.3084 0 4.34476 -0.984994 -0.48353 2.84884 0.268799 0 4.80497 0.916596 -0.148118 2.59576 0.117284 -8.77771e-18 5.1242 0.0983897 0.00262716 2.73306 0.195085 -9.44946e-18 5.56568 -0.37943 0.117343 2.41336 0.229678 -1.68784e-17 6.50642 -1.28831 0.310119 1.78272 0.179786 -2.16702e-17 8.12491 -0.78234 0.559127 1.54658 -0.157684 -2.48435e-17 9.02658 1.34903 -0.058456 0.993366 0.0984124 -1.10523e-17 4.09476 0.611966 0.118065 -3.27232 -3.45153 -1.54981e-17 4.1244 0.360838 0.782962 -6.51973 -1.71146 -1.71918e-17 4.13237 0.654504 1.51065 -5.95968 0.603813 1.05481 -6.50798 6.44505 -2.32131 4.36318 -3.83224 11.0826 2.77992 -2.79636 -81.9179 22.6963 -5.90713 24.9873 0.0511653 0.117236 1.67852 -0.1104 -8.11504 20.7319 0.0424511 0.0972706 1.18515 -24.9139 -2.56339 -1.05481 -6.50797 6.44497 5.1725 5.98548 3.93821 -11.0826 2.77992 -2.79636 78.4006 16.8026 5.21075 -24.9873 0.0511653 0.117236 -0.921211 -0.0308634 4.44342 -20.7319 0.042451 0.0972707 -1.38626 7.59789 4.7403 7.90195 -3.59782 1.73896 -0.693811 -0.769237 -21.8924 -0.72918 -33.1692 -0.560506 -1.42193 5.30736 -0.0267929 -1.99006 -34.5633 -5.17465 1.95986 -3.86433 15.1888 0.66651 -8.45602 10.6902 2.48481e-17 -7.95139e-16 1.2424e-17 -7.90195 -3.59782 1.73896 -0.519575 2.8403 13.7313 0.72918 -33.1692 -0.560506 1.74648 6.51374 0.0144268 1.99006 -34.5633 -5.17465 -3.11533 -5.50189 -15.1921 -0.66651 -8.45602 10.6902 -5.96354e-16 -5.59082e-16 -1.27471e-14 
315.703 78.4545 435.693 5.20378 -4.16462 60.3197 0 4.34476 -0.984994 -0.490326 2.85191 0.265979 0 4.80497 0.916596 -0.152969 2.59836 0.113456 -8.77771e-18 5.1242 0.0983897 -0.000629752 2.7346 0.191324 -9.44946e-18 5.56568 -0.37943 0.115607 2.41379 0.225949 -1.68784e-17 6.50642 -1.28831 0.309202 1.78155 0.176211 -2.16702e-17 8.12491 -0.78234 0.55868 1.54403 -0.161637 -2.48435e-17 9.02658 1.34903 -0.0582674 0.993296 0.0984486 -1.10523e-17 4.09476 0.611966 0.120102 -3.29782 -3.428 -1.54981e-17 4.1244 0.360838 0.783423 -6.5164 -1.7007 -1.71918e-17 4.13237 0.654504 1.49916 -5.94131 0.602507 1.05481 -6.50798 6.44505 -2.30386 4.36907 -3.83447 11.0826 2.77992 -2.79636 -81.9571 22.7384 -5.92257 24.9873 0.0511653 0.117236 1.67359 -0.109724 -8.09105 20.7319 0.0424511 0.0972706 1.20193 -24.8735 -2.52474 -1.05481 -6.50797 6.44497 5.18171 5.99527 3.95276 -11.0826 2.77992 -2.79636 78.3835 16.8012 5.21574 -24.9873 0.0511653 0.117236 -0.916476 -0.030521 4.42054 -20.7319 0.042451 0.0972707 -1.37316 7.57165 4.73296 7.90195 -3.59782 1.73896 -0.70679 -0.769556 -21.8825 -0.72918 -33.1692 -0.560506 -1.41967 5.29895 -0.0268549 -1.99006 -34.5633 -5.17465 1.93561 -3.85861 15.1888 0.66651 -8.45602 10.6902 2.48481e-17 -7.95139e-16 1.2424e-17 -7.90195 -3.59782 1.73896 -0.534059 2.84408 13.7275 0.72918 -33.1692 -0.560506 1.74617 6.51257 0.014442 1.99006 -34.5633 -5.17465 -3.12397 -5.51463 -15.1931 -0.66651 -8.45602 10.6902 -5.96354e-16 -5.59082e-16 -1.27471e-14 
315.702 78.4537 435.695 5.20036 -4.1509 60.3247 0 4.34476 -0.984994 -0.494615 2.86054 0.263488 0 4.80497 0.916596 -0.155551 2.60393 0.110013 -8.77771e-18 5.1242 0.0983897 -0.00210639 2.73592 0.187891 -9.44946e-18 5.56568 -0.37943 0.115072 2.40873 0.222548 -1.68784e-17 6.50642 -1.28831 0.308865 1.77155 0.172778 -2.16702e-17 8.12491 -0.78234 0.55817 1.53032 -0.165388 -2.48435e-17 9.02658 1.34903 -0.0585034 0.99369 0.0984958 -1.10523e-17 4.09476 0.611966 0.122203 -3.3326 -3.39821 -1.54981e-17 4.1244 0.360838 0.789834 -6.50632 -1.68686 -1.71918e-17 4.13237 0.654504 1.49736 -5.91133 0.603645 1.05481 -6.50798 6.44505 -2.28857 4.37961 -3.83864 11.0826 2.77992 -2.79636 -82.0288 22.6765 -5.92422 24.9873 0.0511653 0.117236 1.6646 -0.108497 -8.04734 20.7319 0.0424511 0.0972706 1.28922 -24.629 -2.43831 -1.05481 -6.50797 6.44497 5.18701 6.00927 3.96369 -11.0826 2.77992 -2.79636 78.384 16.7661 5.20994 -24.9873 0.0511653 0.117236 -0.909633 -0.0300294 4.38747 -20.7319 0.042451 0.0972707 -1.37143 7.5769 4.73294 7.90195 -3.59782 1.73896 -0.71284 -0.776408 -21.8709 -0.72918 -33.1692 -0.560506 -1.41751 5.29088 -0.0269141 -1.99006 -34.5633 -5.17465 1.92628 -3.85898 15.189 0.66651 -8.45602 10.6902 2.48481e-17 -7.95139e-16 1.2424e-17 -7.90195 -3.59782 1.73896 -0.540112 2.84074 13.7285 0.72918 -33.1692 -0.560506 1.74536 6.50956 0.0144816 1.99006 -34.5633 -5.17465 -3.13394 -5.52605 -15.1936 -0.66651 -8.45602 10.6902 -5.96354e-16 -5.59082e-16 -1.27471e-14 
315.702 78.4528 435.696 5.18947 -4.1545 60.3375 0 4.34476 -0.984994 -0.494461 2.87164 0.258554 0 4.80497 0.916596 -0.153808 2.61156 0.104389 -8.77771e-18 5.1242 0.0983897 6.83989e-05 2.73903 0.182183 -9.44946e-18 5.56568 -0.37943 0.117555 2.40489 0.216775 -1.68784e-17 6.50642 -1.28831 0.310319 1.76203 0.166425 -2.16702e-17 8.12491 -0.78234 0.557685 1.51695 -0.172294 -2.48435e-17 9.02658 1.34903 -0.0587046 0.993701 0.0981911 -1.10523e-17 4.09476 0.611966 0.125999 -3.34751 -3.37571 -1.54981e-17 4.1244 0.360838 0.798151 -6.48658 -1.67625 -1.71918e-17 4.13237 0.654504 1.5077 -5.86479 0.607591 1.05481 -6.50798 6.44505 -2.28272 4.39195 -3.84622 11.0826 2.77992 -2.79636 -82.0923 22.6102 -5.91551 24.9873 0.0511653 0.117236 1.65035 -0.106566 -7.97804 20.7319 0.0424511 0.0972706 1.33964 -24.3644 -2.37953 -1.05481 -6.50797 6.44497 5.18901 6.02055 3.97352 -11.0826 2.77992 -2.79636 78.3863 16.6955 5.20342 -24.9873 0.0511653 0.117236 -0.90163 -0.0294596 4.3488 -20.7319 0.042451 0.0972707 -1.39272 7.61857 4.75446 7.90195 -3.59782 1.73896 -0.701569 -0.785881 -21.855 -0.72918 -33.1692 -0.560506 -1.41815 5.29326 -0.0268967 -1.99006 -34.5633 -5.17465 1.92667 -3.87161 15.1897 0.66651 -8.45602 10.6902 2.48481e-17 -7.95139e-16 1.2424e-17 -7.90195 -3.59782 1.73896 -0.52689 2.84538 13.7267 0.72918 -33.1692 -0.560506 1.74171 6.49601 0.0146586 1.99006 -34.5633 -5.17465 -3.14283 -5.52379 -15.1924 -0.66651 -8.45602 10.6902 -5.96354e-16 -5.59082e-16 -1.27471e-14 
315.702 78.4507 435.697 5.17163 -4.14914 60.3391 0 4.34476 -0.984994 -0.493809 2.88017 0.2548 0 4.80497 0.916596 -0.152666 2.61713 0.100082 -8.77771e-18 5.1242 0.0983897 0.000878014 2.74044 0.177539 -9.44946e-18 5.56568 -0.37943 0.117943 2.39979 0.211857 -1.68784e-17 6.50642 -1.28831 0.309089 1.75197 0.161321 -2.16702e-17 8.12491 -0.78234 0.554126 1.50329 -0.176733 -2.48435e-17 9.02658 1.34903 -0.0588907 0.993691 0.0974617 -1.10523e-17 4.09476 0.611966 0.125057 -3.36384 -3.36021 -1.54981e-17 4.1244 0.360838 0.78396 -6.47186 -1.66943 -1.71918e-17 4.13237 0.654504 1.50404 -5.83445 0.613511 1.05481 -6.50798 6.44505 -2.29085 4.40751 -3.85791 11.0826 2.77992 -2.79636 -82.13 22.5278 -5.88941 24.9873 0.0511653 0.117236 1.63477 -0.104475 -7.90225 20.7319 0.0424511 0.0972706 1.37091 -24.1596 -2.36959 -1.05481 -6.50797 6.44497 5.18341 6.0266 3.97563 -11.0826 2.77992 -2.79636 78.4009 16.6231 5.18731 -24.9873 0.0511653 0.117236 -0.895588 -0.029033 4.3196 -20.7319 0.042451 0.0972707 -1.42019 7.67117 4.77852 7.90195 -3.59782 1.73896 -0.692141 -0.801004 -21.8259 -0.72918 -33.1692 -0.560506 -1.41714 5.28953 -0.026924 -1.99006 -34.5633 -5.17465 1.9188 -3.88987 15.1909 0.66651 -8.45602 10.6902 2.48481e-17 -7.95139e-16 1.2424e-17 -7.90195 -3.59782 1.73896 -0.516368 2.83996 13.7157 0.72918 -33.1692 -0.560506 1.73777 6.48139 0.0148485 1.99006 -34.5633 -5.17465 -3.16639 -5.52716 -15.1907 -0.66651 -8.45602 10.6902 -5.96354e-16 -5.59082e-16 -1.27471e-14 
315.702 78.4485 435.699 5.15893 -4.12582 60.3387 0 4.34476 -0.984994 -0.500359 2.88674 0.254524 0 4.80497 0.916596 -0.15793 2.62068 0.0986523 -8.77771e-18 5.1242 0.0983897 -0.00336271 2.74064 0.175977 -9.44946e-18 5.56568 -0.37943 0.114765 2.39428 0.210056 -1.68784e-17 6.50642 -1.28831 0.306652 1.74266 0.159968 -2.16702e-17 8.12491 -0.78234 0.55238 1.49132 -0.177797 -2.48435e-17 9.02658 1.34903 -0.0586855 0.993691 0.0969179 -1.10523e-17 4.09476 0.611966 0.123732 -3.36846 -3.3618 -1.54981e-17 4.1244 0.360838 0.77491 -6.45729 -1.67037 -1.71918e-17 4.13237 0.654504 1.50268 -5.80687 0.622261 1.05481 -6.50798 6.44505 -2.30205 4.42239 -3.8644 11.0826 2.77992 -2.79636 -82.1343 22.4885 -5.84984 24.9873 0.0511653 0.117236 1.62335 -0.102956 -7.84675 20.7319 0.0424511 0.0972706 1.34699 -24.123 -2.41887 -1.05481 -6.50797 6.44497 5.18263 6.03391 3.97458 -11.0826 2.77992 -2.79636 78.4098 16.5584 5.16561 -24.9873 0.0511653 0.117236 -0.891044 -0.0287143 4.29764 -20.7319 0.042451 0.0972707 -1.43903 7.69602 4.80681 7.90195 -3.59782 1.73896 -0.706071 -0.836154 -21.7979 -0.72918 -33.1692 -0.560506 -1.42305 5.31152 -0.0267621 -1.99006 -34.5633 -5.17465 1.92197 -3.89694 15.1921 0.66651 -8.45602 10.6902 2.48481e-17 -7.95139e-16 1.2424e-17 -7.90195 -3.59782 1.73896 -0.527653 2.8288 13.7117 0.72918 -33.1692 -0.560506 1.73484 6.47052 0.0149892 1.99006 -34.5633 -5.17465 -3.17286 -5.55081 -15.1918 -0.66651 -8.45602 10.6902 -5.96354e-16 -5.59082e-16 -1.27471e-14 
315.701 78.4456 435.701 5.13571 -4.10578 60.3386 0 4.34476 -0.984994 -0.502382 2.89039 0.254164 0 4.80497 0.916596 -0.15997 2.62149 0.0978075 -8.77771e-18 5.1242 0.0983897 -0.0055141 2.73795 0.174984 -9.44946e-18 5.56568 -0.37943 0.112514 2.38583 0.208786 -1.68784e-17 6.50642 -1.28831 0.303909 1.73135 0.15902 -2.16702e-17 8.12491 -0.78234 0.549013 1.47747 -0.177886 -2.48435e-17 9.02658 1.34903 -0.0585999 0.994268 0.096443 -1.10523e-17 4.09476 0.611966 0.119688 -3.375 -3.36243 -1.54981e-17 4.1244 0.360838 0.753314 -6.44968 -1.6712 -1.71918e-17 4.13237 0.654504 1.49354 -5.79174 0.626946 1.05481 -6.50798 6.44505 -2.30996 4.43546 -3.86675 11.0826 2.77992 -2.79636 -82.1346 22.4698 -5.79562 24.9873 0.0511653 0.117236 1.61982 -0.102489 -7.82961 20.7319 0.0424511 0.0972706 1.31687 -24.1457 -2.46939 -1.05481 -6.50797 6.44497 5.18026 6.0395 3.96934 -11.0826 2.77992 -2.79636 78.4178 16.536 5.13425 -24.9873 0.0511653 0.117236 -0.89112 -0.0287195 4.29801 -20.7319 0.042451 0.0972707 -1.44488 7.66826 4.83995 7.90195 -3.59782 1.73896 -0.707163 -0.864796 -21.7843 -0.72918 -33.1692 -0.560506 -1.42268 5.31014 -0.0267723 -1.99006 -34.5633 -5.17465 1.91503 -3.91504 15.1932 0.66651 -8.45602 10.6902 2.48481e-17 -7.95139e-16 1.2424e-17 -7.90195 -3.59782 1.73896 -0.530148 2.81828 13.7097 0.72918 -33.1692 -0.560506 1.72781 6.44444 0.0153241 1.99006 -34.5633 -5.17465 -3.17983 -5.57128 -15.1926 -0.66651 -8.45602 10.6902 -5.96354e-16 -5.59082e-16 -1.27471e-14 
315.7 78.4441 435.704 5.12575 -4.093 60.3226 0 4.34476 -0.984994 -0.505448 2.89151 0.255167 0 4.80497 0.916596 -0.162854 2.62128 0.0981354 -8.77771e-18 5.1242 0.0983897 -0.00802084 2.73586 0.17516 -9.44946e-18 5.56568 -0.37943 0.110441 2.38044 0.208758 -1.68784e-17 6.50642 -1.28831 0.30233 1.72497 0.159369 -2.16702e-17 8.12491 -0.78234 0.547879 1.46984 -0.177191 -2.48435e-17 9.02658 1.34903 -0.0584009 0.994921 0.0961425 -1.10523e-17 4.09476 0.611966 0.117118 -3.36454 -3.37164 -1.54981e-17 4.1244 0.360838 0.743743 -6.43535 -1.67574 -1.71918e-17 4.13237 0.654504 1.48675 -5.77635 0.638284 1.05481 -6.50798 6.44505 -2.31347 4.43695 -3.85361 11.0826 2.77992 -2.79636 -82.1375 22.4459 -5.73749 24.9873 0.0511653 0.117236 1.62134 -0.10269 -7.837 20.7319 0.0424511 0.0972706 1.29704 -24.1614 -2.50354 -1.05481 -6.50797 6.44497 5.17848 6.03386 3.95452 -11.0826 2.77992 -2.79636 78.4348 16.4842 5.10371 -24.9873 0.0511653 0.117236 -0.896235 -0.0290785 4.32273 -20.7319 0.042451 0.0972707 -1.46842 7.7049 4.83966 7.90195 -3.59782 1.73896 -0.705685 -0.869668 -21.7588 -0.72918 -33.1692 -0.560506 -1.41842 5.29428 -0.0268892 -1.99006 -34.5633 -5.17465 1.90806 -3.92319 15.1934 0.66651 -8.45602 10.6902 2.48481e-17 -7.95139e-16 1.2424e-17 -7.90195 -3.59782 1.73896 -0.530614 2.81845 13.7158 0.72918 -33.1692 -0.560506 1.72137 6.42054 0.0156283 1.99006 -34.5633 -5.17465 -3.19271 -5.58052 -15.1927 -0.66651 -8.45602 10.6902 -5.96354e-16 -5.59082e-16 -1.27471e-14 
315.699 78.4427 435.707 5.11866 -4.08066 60.3086 0 4.34476 -0.984994 -0.510469 2.8934 0.256869 0 4.80497 0.916596 -0.167305 2.6219 0.0990545 -8.77771e-18 5.1242 0.0983897 -0.0115637 2.73495 0.176023 -9.44946e-18 5.56568 -0.37943 0.107914 2.37686 0.209474 -1.68784e-17 6.50642 -1.28831 0.301126 1.7206 0.160476 -2.16702e-17 8.12491 -0.78234 0.548058 1.46452 -0.176148 -2.48435e-17 9.02658 1.34903 -0.0581321 0.99535 0.0961057 -1.10523e-17 4.09476 0.611966 0.116491 -3.34478 -3.37876 -1.54981e-17 4.1244 0.360838 0.739195 -6.42372 -1.67917 -1.71918e-17 4.13237 0.654504 1.47801 -5.76781 0.637868 1.05481 -6.50798 6.44505 -2.31238 4.43308 -3.83533 11.0826 2.77992 -2.79636 -82.1411 22.4382 -5.67914 24.9873 0.0511653 0.117236 1.62756 -0.103514 -7.8672 20.7319 0.0424511 0.0972706 1.28176 -24.2177 -2.53102 -1.05481 -6.50797 6.44497 5.17814 6.0263 3.94077 -11.0826 2.77992 -2.79636 78.4442 16.4321 5.07495 -24.9873 0.0511653 0.117236 -0.902445 -0.0295174 4.35274 -20.7319 0.042451 0.0972707 -1.48038 7.73043 4.83866 7.90195 -3.59782 1.73896 -0.710616 -0.87876 -21.7221 -0.72918 -33.1692 -0.560506 -1.4175 5.29087 -0.0269142 -1.99006 -34.5633 -5.17465 1.92593 -3.9221 15.1932 0.66651 -8.45602 10.6902 2.48481e-17 -7.95139e-16 1.2424e-17 -7.90195 -3.59782 1.73896 -0.532811 2.81407 13.7275 0.72918 -33.1692 -0.560506 1.71869 6.41059 0.0157541 1.99006 -34.5633 -5.17465 -3.2003 -5.59194 -15.1934 -0.66651 -8.45602 10.6902 -5.96354e-16 -5.59082e-16 -1.27471e-14 
315.697 78.4415 435.71 5.10472 -4.08524 60.2917 0 4.34476 -0.984994 -0.509687 2.89721 0.258986 0 4.80497 0.916596 -0.166884 2.62356 0.101221 -8.77771e-18 5.1242 0.0983897 -0.0111816 2.73457 0.178315 -9.44946e-18 5.56568 -0.37943 0.10839 2.37313 0.211752 -1.68784e-17 6.50642 -1.28831 0.302251 1.71551 0.162729 -2.16702e-17 8.12491 -0.78234 0.549998 1.45857 -0.174279 -2.48435e-17 9.02658 1.34903 -0.0576146 0.996008 0.0963927 -1.10523e-17 4.09476 0.611966 0.119277 -3.31348 -3.37991 -1.54981e-17 4.1244 0.360838 0.74365 -6.40468 -1.67935 -1.71918e-17 4.13237 0.654504 1.47558 -5.75342 0.637463 1.05481 -6.50798 6.44505 -2.30787 4.42865 -3.8195 11.0826 2.77992 -2.79636 -82.1462 22.4446 -5.62556 24.9873 0.0511653 0.117236 1.6357 -0.104599 -7.90678 20.7319 0.0424511 0.0972706 1.257 -24.3256 -2.56335 -1.05481 -6.50797 6.44497 5.17884 6.02276 3.93023 -11.0826 2.77992 -2.79636 78.446 16.3778 5.0471 -24.9873 0.0511653 0.117236 -0.90744 -0.0298727 4.37687 -20.7319 0.042451 0.0972707 -1.48168 7.73048 4.82742 7.90195 -3.59782 1.73896 -0.693466 -0.876638 -21.6966 -0.72918 -33.1692 -0.560506 -1.41299 5.27406 -0.0270365 -1.99006 -34.5633 -5.17465 1.93521 -3.93335 15.1938 0.66651 -8.45602 10.6902 2.48481e-17 -7.95139e-16 1.2424e-17 -7.90195 -3.59782 1.73896 -0.516718 2.80812 13.7453 0.72918 -33.1692 -0.560506 1.71701 6.40433 0.0158331 1.99006 -34.5633 -5.17465 -3.19896 -5.59269 -15.1936 -0.66651 -8.45602 10.6902 -5.96354e-16 -5.59082e-16 -1.27471e-14 
315.696 78.441 435.713 5.10223 -4.08622 60.2779 0 4.34476 -0.984994 -0.50976 2.90019 0.260883 0 4.80497 0.916596 -0.16757 2.62479 0.103173 -8.77771e-18 5.1242 0.0983897 -0.012049 2.73424 0.180362 -9.44946e-18 5.56568 -0.37943 0.107442 2.37041 0.213767 -1.68784e-17 6.50642 -1.28831 0.301664 1.71181 0.164934 -2.16702e-17 8.12491 -0.78234 0.550088 1.45425 -0.171831 -2.48435e-17 9.02658 1.34903 -0.057273 0.996512 0.0966839 -1.10523e-17 4.09476 0.611966 0.122571 -3.29285 -3.35922 -1.54981e-17 4.1244 0.360838 0.737667 -6.39188 -1.66976 -1.71918e-17 4.13237 0.654504 1.46886 -5.7453 0.641292 1.05481 -6.50798 6.44505 -2.29918 4.42343 -3.805 11.0826 2.77992 -2.79636 -82.1527 22.4485 -5.58094 24.9873 0.0511653 0.117236 1.64454 -0.105784 -7.94979 20.7319 0.0424511 0.0972706 1.2411 -24.4036 -2.57803 -1.05481 -6.50797 6.44497 5.1778 6.02159 3.92224 -11.0826 2.77992 -2.79636 78.4429 16.3506 5.01761 -24.9873 0.0511653 0.117236 -0.910705 -0.0301061 4.39265 -20.7319 0.042451 0.0972707 -1.47131 7.64938 4.81933 7.90195 -3.59782 1.73896 -0.684435 -0.870549 -21.6786 -0.72918 -33.1692 -0.560506 -1.41006 5.26317 -0.0271151 -1.99006 -34.5633 -5.17465 1.92986 -3.93873 15.1941 0.66651 -8.45602 10.6902 2.48481e-17 -7.95139e-16 1.2424e-17 -7.90195 -3.59782 1.73896 -0.5112 2.80529 13.7643 0.72918 -33.1692 -0.560506 1.71804 6.40815 0.015785 1.99006 -34.5633 -5.17465 -3.19548 -5.59669 -15.1936 -0.66651 -8.45602 10.6902 -5.96354e-16 -5.59082e-16 -1.27471e-14 
315.695 78.441 435.715 5.09622 -4.10284 60.2771 0 4.34476 -0.984994 -0.503773 2.89964 0.26047 0 4.80497 0.916596 -0.162706 2.62432 0.103461 -8.77771e-18 5.1242 0.0983897 -0.00829913 2.73356 0.180706 -9.44946e-18 5.56568 -0.37943 0.110089 2.36994 0.214126 -1.68784e-17 6.50642 -1.28831 0.303135 1.71149 0.164847 -2.16702e-17 8.12491 -0.78234 0.550294 1.45394 -0.171941 -2.48435e-17 9.02658 1.34903 -0.057228 0.996598 0.0969597 -1.10523e-17 4.09476 0.611966 0.129513 -3.25981 -3.32436 -1.54981e-17 4.1244 0.360838 0.739147 -6.37811 -1.65358 -1.71918e-17 4.13237 0.654504 1.4662 -5.74047 0.649487 1.05481 -6.50798 6.44505 -2.28627 4.41107 -3.78693 11.0826 2.77992 -2.79636 -82.1759 22.4169 -5.55188 24.9873 0.0511653 0.117236 1.6525 -0.106857 -7.98849 20.7319 0.0424511 0.0972706 1.25882 -24.3775 -2.56254 -1.05481 -6.50797 6.44497 5.17423 6.01417 3.90844 -11.0826 2.77992 -2.79636 78.4448 16.3238 4.98653 -24.9873 0.0511653 0.117236 -0.912983 -0.0302695 4.40366 -20.7319 0.042451 0.0972707 -1.46366 7.55948 4.83008 7.90195 -3.59782 1.73896 -0.661502 -0.863792 -21.6692 -0.72918 -33.1692 -0.560506 -1.40913 5.2597 -0.02714 -1.99006 -34.5633 -5.17465 1.93298 -3.95122 15.1947 0.66651 -8.45602 10.6902 2.48481e-17 -7.95139e-16 1.2424e-17 -7.90195 -3.59782 1.73896 -0.487977 2.81342 13.769 0.72918 -33.1692 -0.560506 1.71633 6.4018 0.0158649 1.99006 -34.5633 -5.17465 -3.2011 -5.58301 -15.1918 -0.66651 -8.45602 10.6902 -5.96354e-16 -5.59082e-16 -1.27471e-14 
315.694 78.4405 435.718 5.08426 -4.11018 60.2776 0 4.34476 -0.984994 -0.497687 2.89624 0.260159 0 4.80497 0.916596 -0.157685 2.62176 0.103949 -8.77771e-18 5.1242 0.0983897 -0.00428735 2.73139 0.181273 -9.44946e-18 5.56568 -0.37943 0.113089 2.36901 0.214803 -1.68784e-17 6.50642 -1.28831 0.30514 1.71142 0.165021 -2.16702e-17 8.12491 -0.78234 0.551257 1.4542 -0.172005 -2.48435e-17 9.02658 1.34903 -0.0571017 0.996735 0.0973073 -1.10523e-17 4.09476 0.611966 0.135868 -3.23782 -3.29633 -1.54981e-17 4.1244 0.360838 0.748342 -6.36791 -1.64027 -1.71918e-17 4.13237 0.654504 1.45899 -5.7402 0.655253 1.05481 -6.50798 6.44505 -2.27384 4.39862 -3.76885 11.0826 2.77992 -2.79636 -82.2062 22.3765 -5.53008 24.9873 0.0511653 0.117236 1.65931 -0.107777 -8.02158 20.7319 0.0424511 0.0972706 1.2899 -24.2903 -2.5498 -1.05481 -6.50797 6.44497 5.17125 6.00807 3.89568 -11.0826 2.77992 -2.79636 78.4419 16.2938 4.95616 -24.9873 0.0511653 0.117236 -0.915625 -0.0304596 4.41643 -20.7319 0.042451 0.0972707 -1.44456 7.49393 4.82807 7.90195 -3.59782 1.73896 -0.643781 -0.862017 -21.663 -0.72918 -33.1692 -0.560506 -1.40581 5.24733 -0.0272283 -1.99006 -34.5633 -5.17465 1.93573 -3.96214 15.1952 0.66651 -8.45602 10.6902 2.48481e-17 -7.95139e-16 1.2424e-17 -7.90195 -3.59782 1.73896 -0.469439 2.81199 13.767 0.72918 -33.1692 -0.560506 1.71493 6.39661 0.0159302 1.99006 -34.5633 -5.17465 -3.20902 -5.57678 -15.1912 -0.66651 -8.45602 10.6902 -5.96354e-16 -5.59082e-16 -1.27471e-14 
315.694 78.4405 435.72 5.08288 -4.11083 60.2776 0 4.34476 -0.984994 -0.494637 2.89398 0.261873 0 4.80497 0.916596 -0.155834 2.62002 0.106269 -8.77771e-18 5.1242 0.0983897 -0.00318288 2.73011 0.183708 -9.44946e-18 5.56568 -0.37943 0.113425 2.36888 0.217375 -1.68784e-17 6.50642 -1.28831 0.305234 1.71215 0.167651 -2.16702e-17 8.12491 -0.78234 0.551486 1.45569 -0.169185 -2.48435e-17 9.02658 1.34903 -0.0570007 0.996836 0.0978304 -1.10523e-17 4.09476 0.611966 0.136406 -3.22546 -3.28665 -1.54981e-17 4.1244 0.360838 0.747914 -6.36536 -1.63571 -1.71918e-17 4.13237 0.654504 1.45119 -5.74167 0.656638 1.05481 -6.50798 6.44505 -2.26287 4.38914 -3.75566 11.0826 2.77992 -2.79636 -82.2222 22.3577 -5.52276 24.9873 0.0511653 0.117236 1.66479 -0.108522 -8.04824 20.7319 0.0424511 0.0972706 1.30493 -24.2377 -2.54884 -1.05481 -6.50797 6.44497 5.17753 6.00782 3.88781 -11.0826 2.77992 -2.79636 78.4336 16.2733 4.93204 -24.9873 0.0511653 0.117236 -0.916195 -0.0305006 4.41918 -20.7319 0.042451 0.0972707 -1.42469 7.41451 4.82204 7.90195 -3.59782 1.73896 -0.638073 -0.867755 -21.6539 -0.72918 -33.1692 -0.560506 -1.40841 5.25701 -0.0271593 -1.99006 -34.5633 -5.17465 1.92663 -3.96796 15.1957 0.66651 -8.45602 10.6902 2.48481e-17 -7.95139e-16 1.2424e-17 -7.90195 -3.59782 1.73896 -0.464163 2.81276 13.7736 0.72918 -33.1692 -0.560506 1.71534 6.39813 0.0159111 1.99006 -34.5633 -5.17465 -3.21037 -5.57781 -15.1912 -0.66651 -8.45602 10.6902 -5.96354e-16 -5.59082e-16 -1.27471e-14 
315.693 78.4405 435.722 5.08288 -4.11083 60.2776 0 4.34476 -0.984994 -0.493601 2.89431 0.263525 0 4.80497 0.916596 -0.155345 2.61993 0.108371 -8.77771e-18 5.1242 0.0983897 -0.00280931 2.72974 0.186043 -9.44946e-18 5.56568 -0.37943 0.113662 2.36821 0.219921 -1.68784e-17 6.50642 -1.28831 0.305953 1.7113 0.170276 -2.16702e-17 8.12491 -0.78234 0.553021 1.45532 -0.166733 -2.48435e-17 9.02658 1.34903 -0.0568597 0.997292 0.098751 -1.10523e-17 4.09476 0.611966 0.134578 -3.22058 -3.29446 -1.54981e-17 4.1244 0.360838 0.748536 -6.36418 -1.63912 -1.71918e-17 4.13237 0.654504 1.44658 -5.74505 0.652742 1.05481 -6.50798 6.44505 -2.25234 4.38377 -3.748 11.0826 2.77992 -2.79636 -82.2295 22.3637 -5.52234 24.9873 0.0511653 0.117236 1.6704 -0.109288 -8.07553 20.7319 0.0424511 0.0972706 1.30843 -24.2178 -2.55313 -1.05481 -6.50797 6.44497 5.19656 6.01599 3.8897 -11.0826 2.77992 -2.79636 78.4168 16.2426 4.91259 -24.9873 0.0511653 0.117236 -0.914722 -0.0303944 4.41206 -20.7319 0.042451 0.0972707 -1.41112 7.34825 4.80879 7.90195 -3.59782 1.73896 -0.634455 -0.866659 -21.6338 -0.72918 -33.1692 -0.560506 -1.40803 5.25561 -0.0271693 -1.99006 -34.5633 -5.17465 1.92519 -3.96969 15.1961 0.66651 -8.45602 10.6902 2.48481e-17 -7.95139e-16 1.2424e-17 -7.90195 -3.59782 1.73896 -0.461028 2.81355 13.7795 0.72918 -33.1692 -0.560506 1.71636 6.40193 0.0158633 1.99006 -34.5633 -5.17465 -3.20512 -5.58232 -15.1919 -0.66651 -8.45602 10.6902 -5.96354e-16 -5.59082e-16 -1.27471e-14 
315.693 78.4401 435.723 5.07164 -4.11613 60.278 0 4.34476 -0.984994 -0.488178 2.89358 0.263652 0 4.80497 0.916596 -0.151006 2.61901 0.109412 -8.77771e-18 5.1242 0.0983897 0.000577393 2.72818 0.187235 -9.44946e-18 5.56568 -0.37943 0.116003 2.36608 0.221292 -1.68784e-17 6.50642 -1.28831 0.307488 1.7087 0.171316 -2.16702e-17 8.12491 -0.78234 0.553757 1.45259 -0.165728 -2.48435e-17 9.02658 1.34903 -0.0569456 0.99785 0.0997358 -1.10523e-17 4.09476 0.611966 0.13104 -3.21471 -3.30564 -1.54981e-17 4.1244 0.360838 0.742647 -6.36068 -1.64428 -1.71918e-17 4.13237 0.654504 1.43234 -5.74612 0.643287 1.05481 -6.50798 6.44505 -2.23695 4.37852 -3.7412 11.0826 2.77992 -2.79636 -82.2487 22.3734 -5.52147 24.9873 0.0511653 0.117236 1.67564 -0.110004 -8.10101 20.7319 0.0424511 0.0972706 1.31885 -24.1754 -2.55243 -1.05481 -6.50797 6.44497 5.21351 6.02658 3.89322 -11.0826 2.77992 -2.79636 78.4008 16.2258 4.89614 -24.9873 0.0511653 0.117236 -0.911016 -0.0301283 4.39416 -20.7319 0.042451 0.0972707 -1.39868 7.2901 4.80436 7.90195 -3.59782 1.73896 -0.621231 -0.87293 -21.6167 -0.72918 -33.1692 -0.560506 -1.40805 5.25567 -0.0271689 -1.99006 -34.5633 -5.17465 1.93375 -3.97783 15.1964 0.66651 -8.45602 10.6902 2.48481e-17 -7.95139e-16 1.2424e-17 -7.90195 -3.59782 1.73896 -0.445798 2.80324 13.7798 0.72918 -33.1692 -0.560506 1.71918 6.41238 0.0157316 1.99006 -34.5633 -5.17465 -3.2134 -5.57859 -15.1909 -0.66651 -8.45602 10.6902 -5.96354e-16 -5.59082e-16 -1.27471e-14 
315.692 78.4393 435.725 5.06493 -4.10548 60.2778 0 4.34476 -0.984994 -0.487742 2.89116 0.262963 0 4.80497 0.916596 -0.150624 2.6167 0.10896 -8.77771e-18 5.1242 0.0983897 0.00101419 2.72521 0.186863 -9.44946e-18 5.56568 -0.37943 0.116417 2.36251 0.221045 -1.68784e-17 6.50642 -1.28831 0.307874 1.70485 0.171012 -2.16702e-17 8.12491 -0.78234 0.554014 1.44835 -0.166007 -2.48435e-17 9.02658 1.34903 -0.057056 0.998615 0.100579 -1.10523e-17 4.09476 0.611966 0.126383 -3.20377 -3.32629 -1.54981e-17 4.1244 0.360838 0.73607 -6.34763 -1.6539 -1.71918e-17 4.13237 0.654504 1.41931 -5.73875 0.636039 1.05481 -6.50798 6.44505 -2.21985 4.37419 -3.73136 11.0826 2.77992 -2.79636 -82.2707 22.3763 -5.51916 24.9873 0.0511653 0.117236 1.6798 -0.110575 -8.12124 20.7319 0.0424511 0.0972706 1.3344 -24.1324 -2.54309 -1.05481 -6.50797 6.44497 5.23034 6.03598 3.89479 -11.0826 2.77992 -2.79636 78.3935 16.1937 4.87542 -24.9873 0.0511653 0.117236 -0.908074 -0.0299178 4.37994 -20.7319 0.042451 0.0972707 -1.4042 7.27512 4.79749 7.90195 -3.59782 1.73896 -0.620868 -0.881053 -21.5996 -0.72918 -33.1692 -0.560506 -1.40665 5.25045 -0.0272061 -1.99006 -34.5633 -5.17465 1.92021 -3.9833 15.1962 0.66651 -8.45602 10.6902 -3.29275e-16 -8.06205e-16 2.34904e-17 -7.90195 -3.59782 1.73896 -0.446856 2.79417 13.7789 0.72918 -33.1692 -0.560506 1.72002 6.4155 0.0156921 1.99006 -34.5633 -5.17465 -3.22128 -5.58846 -15.1918 -0.66651 -8.45602 10.6902 -5.96354e-16 -5.59082e-16 -1.27471e-14 
315.692 78.4393 435.726 5.06515 -4.10384 60.2897 0 4.34476 -0.984994 -0.488482 2.89071 0.261198 0 4.80497 0.916596 -0.150877 2.6158 0.107152 -8.77771e-18 5.1242 0.0983897 0.000985804 2.72329 0.185055 -9.44946e-18 5.56568 -0.37943 0.116558 2.3591 0.219248 -1.68784e-17 6.50642 -1.28831 0.307761 1.70052 0.169202 -2.16702e-17 8.12491 -0.78234 0.553434 1.44308 -0.167735 -2.48435e-17 9.02658 1.34903 -0.0572057 0.999336 0.101155 -1.10523e-17 4.09476 0.611966 0.12458 -3.18619 -3.33013 -1.54981e-17 4.1244 0.360838 0.724835 -6.33602 -1.65597 -1.71918e-17 4.13237 0.654504 1.40407 -5.72767 0.617309 1.05481 -6.50798 6.44505 -2.20239 4.37005 -3.72198 11.0826 2.77992 -2.79636 -82.2883 22.3775 -5.52143 24.9873 0.0511653 0.117236 1.68252 -0.110949 -8.13446 20.7319 0.0424511 0.0972706 1.35273 -24.1184 -2.52693 -1.05481 -6.50797 6.44497 5.24326 6.04298 3.89566 -11.0826 2.77992 -2.79636 78.3984 16.1352 4.85223 -24.9873 0.0511653 0.117236 -0.904453 -0.0296597 4.36244 -20.7319 0.042451 0.0972707 -1.41806 7.29721 4.79734 7.90195 -3.59782 1.73896 -0.619728 -0.888285 -21.6032 -0.72918 -33.1692 -0.560506 -1.40908 5.25951 -0.0271413 -1.99006 -34.5633 -5.17465 1.91268 -3.98627 15.1968 0.66651 -8.45602 10.6902 -1.8598e-17 -7.96496e-16 1.37817e-17 -7.90195 -3.59782 1.73896 -0.445034 2.80814 13.7739 0.72918 -33.1692 -0.560506 1.71496 6.39673 0.0159286 1.99006 -34.5633 -5.17465 -3.22199 -5.58957 -15.1916 -0.66651 -8.45602 10.6902 -5.96354e-16 -5.59082e-16 -1.27471e-14 
315.691 78.4383 435.728 5.05993 -4.09252 60.2909 0 4.34476 -0.984994 -0.492523 2.88824 0.259115 0 4.80497 0.916596 -0.153739 2.61325 0.104615 -8.77771e-18 5.1242 0.0983897 -0.000926772 2.72011 0.182597 -9.44946e-18 5.56568 -0.37943 0.115538 2.35478 0.216778 -1.68784e-17 6.50642 -1.28831 0.307116 1.69556 0.166809 -2.16702e-17 8.12491 -0.78234 0.552953 1.43718 -0.170129 -2.48435e-17 9.02658 1.34903 -0.0570361 0.999796 0.101354 -1.10523e-17 4.09476 0.611966 0.126558 -3.1697 -3.31981 -1.54981e-17 4.1244 0.360838 0.716623 -6.32856 -1.65137 -1.71918e-17 4.13237 0.654504 1.38803 -5.7272 0.612971 1.05481 -6.50798 6.44505 -2.17942 4.36739 -3.71416 11.0826 2.77992 -2.79636 -82.2947 22.4071 -5.52144 24.9873 0.0511653 0.117236 1.68313 -0.111034 -8.13746 20.7319 0.0424511 0.0972706 1.33373 -24.1698 -2.51755 -1.05481 -6.50797 6.44497 5.24959 6.04795 3.89644 -11.0826 2.77992 -2.79636 78.4061 16.0989 4.8283 -24.9873 0.0511653 0.117236 -0.901331 -0.0294381 4.34736 -20.7319 0.042451 0.0972707 -1.43229 7.29993 4.80402 7.90195 -3.59782 1.73896 -0.620579 -0.892755 -21.5945 -0.72918 -33.1692 -0.560506 -1.40621 5.24882 -0.0272178 -1.99006 -34.5633 -5.17465 1.89921 -3.9911 15.1967 0.66651 -8.45602 10.6902 2.48481e-17 -7.95139e-16 1.2424e-17 -7.90195 -3.59782 1.73896 -0.446491 2.82077 13.7634 0.72918 -33.1692 -0.560506 1.70582 6.36279 0.0163521 1.99006 -34.5633 -5.17465 -3.23592 -5.5954 -15.1917 -0.66651 -8.45602 10.6902 -5.96354e-16 -5.59082e-16 -1.27471e-14 
315.69 78.4381 435.73 5.0584 -4.09139 60.279 0 4.34476 -0.984994 -0.496257 2.88862 0.257347 0 4.80497 0.916596 -0.156419 2.6131 0.102387 -8.77771e-18 5.1242 0.0983897 -0.00286653 2.71919 0.180479 -9.44946e-18 5.56568 -0.37943 0.114302 2.35212 0.214574 -1.68784e-17 6.50642 -1.28831 0.306185 1.69173 0.164691 -2.16702e-17 8.12491 -0.78234 0.552104 1.43233 -0.172249 -2.48435e-17 9.02658 1.34903 -0.0568418 0.999717 0.101253 -1.10523e-17 4.09476 0.611966 0.130348 -3.16015 -3.29393 -1.54981e-17 4.1244 0.360838 0.703526 -6.32402 -1.6397 -1.71918e-17 4.13237 0.654504 1.37447 -5.7211 0.615539 1.05481 -6.50798 6.44505 -2.16306 4.36885 -3.71457 11.0826 2.77992 -2.79636 -82.2893 22.4573 -5.52167 24.9873 0.0511653 0.117236 1.6823 -0.110919 -8.13339 20.7319 0.0424511 0.0972706 1.30021 -24.268 -2.51871 -1.05481 -6.50797 6.44497 5.25478 6.05289 3.9004 -11.0826 2.77992 -2.79636 78.4125 16.0931 4.81289 -24.9873 0.0511653 0.117236 -0.898742 -0.0292549 4.33484 -20.7319 0.042451 0.0972707 -1.42794 7.28062 4.81692 7.90195 -3.59782 1.73896 -0.61551 -0.890383 -21.5715 -0.72918 -33.1692 -0.560506 -1.40473 5.24332 -0.0272568 -1.99006 -34.5633 -5.17465 1.89965 -3.99284 15.1968 0.66651 -8.45602 10.6902 3.78971e-16 -7.84072e-16 1.35769e-18 -7.90195 -3.59782 1.73896 -0.441438 2.83923 13.7764 0.72918 -33.1692 -0.560506 1.69677 6.32919 0.0167659 1.99006 -34.5633 -5.17465 -3.24028 -5.59393 -15.1913 -0.66651 -8.45602 10.6902 -5.96354e-16 -5.59082e-16 -1.27471e-14 
315.689 78.4372 435.732 5.05297 -4.08013 60.2774 0 4.34476 -0.984994 -0.501792 2.88549 0.254528 0 4.80497 0.916596 -0.160359 2.61065 0.0989336 -8.77771e-18 5.1242 0.0983897 -0.00553178 2.71681 0.177151 -9.44946e-18 5.56568 -0.37943 0.112924 2.34978 0.211184 -1.68784e-17 6.50642 -1.28831 0.305435 1.68963 0.161417 -2.16702e-17 8.12491 -0.78234 0.551574 1.42958 -0.175854 -2.48435e-17 9.02658 1.34903 -0.0566116 0.999504 0.101131 -1.10523e-17 4.09476 0.611966 0.133434 -3.15926 -3.27209 -1.54981e-17 4.1244 0.360838 0.693581 -6.31721 -1.63001 -1.71918e-17 4.13237 0.654504 1.36626 -5.71046 0.626968 1.05481 -6.50798 6.44505 -2.14642 4.37081 -3.71046 11.0826 2.77992 -2.79636 -82.2887 22.5199 -5.52373 24.9873 0.0511653 0.117236 1.68193 -0.110868 -8.13159 20.7319 0.0424511 0.0972706 1.27281 -24.3649 -2.52619 -1.05481 -6.50797 6.44497 5.26605 6.05676 3.90345 -11.0826 2.77992 -2.79636 78.4165 16.0833 4.80062 -24.9873 0.0511653 0.117236 -0.898446 -0.0292341 4.33342 -20.7319 0.042451 0.0972707 -1.43385 7.27236 4.82537 7.90195 -3.59782 1.73896 -0.618808 -0.909985 -21.5601 -0.72918 -33.1692 -0.560506 -1.40934 5.26049 -0.0271344 -1.99006 -34.5633 -5.17465 1.89203 -3.99923 15.1974 0.66651 -8.45602 10.6902 6.82942e-17 -7.93781e-16 1.10664e-17 -7.90195 -3.59782 1.73896 -0.445037 2.84199 13.7882 0.72918 -33.1692 -0.560506 1.69234 6.31276 0.0169663 1.99006 -34.5633 -5.17465 -3.23833 -5.60513 -15.1925 -0.66651 -8.45602 10.6902 -5.96354e-16 -5.59082e-16 -1.27471e-14 
315.689 78.4371 435.734 5.05231 -4.07874 60.2773 0 4.34476 -0.984994 -0.505366 2.88718 0.251835 0 4.80497 0.916596 -0.162578 2.61093 0.0957445 -8.77771e-18 5.1242 0.0983897 -0.00675632 2.71512 0.174138 -9.44946e-18 5.56568 -0.37943 0.11267 2.34464 0.208137 -1.68784e-17 6.50642 -1.28831 0.305573 1.68277 0.158299 -2.16702e-17 8.12491 -0.78234 0.551617 1.421 -0.179478 -2.48435e-17 9.02658 1.34903 -0.0562749 1.00013 0.10122 -1.10523e-17 4.09476 0.611966 0.13701 -3.16957 -3.24992 -1.54981e-17 4.1244 0.360838 0.688445 -6.30623 -1.61991 -1.71918e-17 4.13237 0.654504 1.36625 -5.6868 0.638529 1.05481 -6.50798 6.44505 -2.1378 4.37937 -3.71195 11.0826 2.77992 -2.79636 -82.2899 22.5949 -5.51718 24.9873 0.0511653 0.117236 1.68192 -0.110868 -8.13158 20.7319 0.0424511 0.0972706 1.24841 -24.4636 -2.53013 -1.05481 -6.50797 6.44497 5.27908 6.06671 3.91176 -11.0826 2.77992 -2.79636 78.4128 16.0757 4.78322 -24.9873 0.0511653 0.117236 -0.899088 -0.0292794 4.33652 -20.7319 0.042451 0.0972707 -1.43357 7.26402 4.82879 7.90195 -3.59782 1.73896 -0.614756 -0.912825 -21.5466 -0.72918 -33.1692 -0.560506 -1.4101 5.2633 -0.0271142 -1.99006 -34.5633 -5.17465 1.88801 -4.00238 15.1971 0.66651 -8.45602 10.6902 2.48481e-17 -7.95139e-16 1.2424e-17 -7.90195 -3.59782 1.73896 -0.440753 2.85359 13.7896 0.72918 -33.1692 -0.560506 1.68741 6.29443 0.0171883 1.99006 -34.5633 -5.17465 -3.24502 -5.60334 -15.1922 -0.66651 -8.45602 10.6902 -5.96354e-16 -5.59082e-16 -1.27471e-14 
315.688 78.4371 435.736 5.05231 -4.07874 60.2773 0 4.34476 -0.984994 -0.507707 2.88381 0.249751 0 4.80497 0.916596 -0.163934 2.60855 0.093234 -8.77771e-18 5.1242 0.0983897 -0.00744554 2.71303 0.17165 -9.44946e-18 5.56568 -0.37943 0.112589 2.3428 0.205603 -1.68784e-17 6.50642 -1.28831 0.305622 1.68148 0.155751 -2.16702e-17 8.12491 -0.78234 0.551395 1.41936 -0.182335 -2.48435e-17 9.02658 1.34903 -0.0560605 1.00034 0.101234 -1.10523e-17 4.09476 0.611966 0.13987 -3.17606 -3.22788 -1.54981e-17 4.1244 0.360838 0.681261 -6.29903 -1.61003 -1.71918e-17 4.13237 0.654504 1.35447 -5.67285 0.646769 1.05481 -6.50798 6.44505 -2.12406 4.37997 -3.70581 11.0826 2.77992 -2.79636 -82.3074 22.648 -5.51197 24.9873 0.0511653 0.117236 1.68206 -0.110886 -8.13224 20.7319 0.0424511 0.0972706 1.24066 -24.5051 -2.53171 -1.05481 -6.50797 6.44497 5.2902 6.06938 3.91403 -11.0826 2.77992 -2.79636 78.4167 16.0528 4.77318 -24.9873 0.0511653 0.117236 -0.89911 -0.0292809 4.33663 -20.7319 0.042451 0.0972707 -1.44354 7.28599 4.82447 7.90195 -3.59782 1.73896 -0.608419 -0.906617 -21.5385 -0.72918 -33.1692 -0.560506 -1.40709 5.25212 -0.0271942 -1.99006 -34.5633 -5.17465 1.87922 -4.00474 15.1973 0.66651 -8.45602 10.6902 2.48481e-17 -7.95139e-16 1.2424e-17 -7.90195 -3.59782 1.73896 -0.435607 2.86246 13.7934 0.72918 -33.1692 -0.560506 1.68434 6.28304 0.0173255 1.99006 -34.5633 -5.17465 -3.24937 -5.60155 -15.192 -0.66651 -8.45602 10.6902 -5.96354e-16 -5.59082e-16 -1.27471e-14 
315.687 78.4362 435.738 5.04699 -4.06745 60.2771 0 4.34476 -0.984994 -0.510877 2.87866 0.248295 0 4.80497 0.916596 -0.166115 2.60467 0.0913144 -8.77771e-18 5.1242 0.0983897 -0.00878752 2.70946 0.169741 -9.44946e-18 5.56568 -0.37943 0.112033 2.33978 0.203685 -1.68784e-17 6.50642 -1.28831 0.305504 1.67907 0.153853 -2.16702e-17 8.12491 -0.78234 0.551411 1.41631 -0.184508 -2.48435e-17 9.02658 1.34903 -0.0560086 1.00025 0.101284 -1.10523e-17 4.09476 0.611966 0.140822 -3.18227 -3.2174 -1.54981e-17 4.1244 0.360838 0.677652 -6.29436 -1.60539 -1.71918e-17 4.13237 0.654504 1.34003 -5.66676 0.65326 1.05481 -6.50798 6.44505 -2.10857 4.37845 -3.69623 11.0826 2.77992 -2.79636 -82.3392 22.6665 -5.49903 24.9873 0.0511653 0.117236 1.68201 -0.11088 -8.13201 20.7319 0.0424511 0.0972706 1.25355 -24.4656 -2.52224 -1.05481 -6.50797 6.44497 5.2956 6.07114 3.91271 -11.0826 2.77992 -2.79636 78.4244 16.0323 4.76214 -24.9873 0.0511653 0.117236 -0.898104 -0.0292099 4.33176 -20.7319 0.042451 0.0972707 -1.44858 7.32432 4.82017 7.90195 -3.59782 1.73896 -0.611445 -0.919421 -21.5199 -0.72918 -33.1692 -0.560506 -1.4084 5.25699 -0.0271594 -1.99006 -34.5633 -5.17465 1.87612 -4.00803 15.1974 0.66651 -8.45602 10.6902 2.48481e-17 -7.95139e-16 1.2424e-17 -7.90195 -3.59782 1.73896 -0.438595 2.85793 13.8016 0.72918 -33.1692 -0.560506 1.68338 6.27949 0.0173682 1.99006 -34.5633 -5.17465 -3.255 -5.61202 -15.1925 -0.66651 -8.45602 10.6902 -5.96354e-16 -5.59082e-16 -1.27471e-14 
315.687 78.4364 435.739 5.0472 -4.06581 60.289 0 4.34476 -0.984994 -0.511715 2.87911 0.246857 0 4.80497 0.916596 -0.166187 2.6044 0.089654 -8.77771e-18 5.1242 0.0983897 -0.00844168 2.70779 0.168107 -9.44946e-18 5.56568 -0.37943 0.112763 2.33591 0.202086 -1.68784e-17 6.50642 -1.28831 0.306248 1.67383 0.152096 -2.16702e-17 8.12491 -0.78234 0.551906 1.40964 -0.186642 -2.48435e-17 9.02658 1.34903 -0.0560853 1.00059 0.101562 -1.10523e-17 4.09476 0.611966 0.141342 -3.19167 -3.21179 -1.54981e-17 4.1244 0.360838 0.679505 -6.28593 -1.60274 -1.71918e-17 4.13237 0.654504 1.3394 -5.64661 0.650663 1.05481 -6.50798 6.44505 -2.10313 4.38162 -3.69366 11.0826 2.77992 -2.79636 -82.3759 22.6482 -5.48551 24.9873 0.0511653 0.117236 1.68072 -0.110703 -8.12574 20.7319 0.0424511 0.0972706 1.28633 -24.3972 -2.50141 -1.05481 -6.50797 6.44497 5.30494 6.07878 3.91615 -11.0826 2.77992 -2.79636 78.4272 15.9902 4.74723 -24.9873 0.0511653 0.117236 -0.895308 -0.0290129 4.31825 -20.7319 0.042451 0.0972707 -1.44563 7.36299 4.8144 7.90195 -3.59782 1.73896 -0.610619 -0.924099 -21.5152 -0.72918 -33.1692 -0.560506 -1.40981 5.26221 -0.027122 -1.99006 -34.5633 -5.17465 1.87433 -4.00846 15.1977 0.66651 -8.45602 10.6902 2.48481e-17 -7.95139e-16 1.2424e-17 -7.90195 -3.59782 1.73896 -0.436922 2.86414 13.8049 0.72918 -33.1692 -0.560506 1.682 6.27436 0.0174296 1.99006 -34.5633 -5.17465 -3.25436 -5.61357 -15.1925 -0.66651 -8.45602 10.6902 -5.96354e-16 -5.59082e-16 -1.27471e-14 
315.686 78.4367 435.741 5.04731 -4.06578 60.2905 0 4.34476 -0.984994 -0.511489 2.88267 0.246598 0 4.80497 0.916596 -0.165474 2.60629 0.0892751 -8.77771e-18 5.1242 0.0983897 -0.00746554 2.70779 0.167824 -9.44946e-18 5.56568 -0.37943 0.113919 2.3327 0.201898 -1.68784e-17 6.50642 -1.28831 0.307593 1.66835 0.151716 -2.16702e-17 8.12491 -0.78234 0.553358 1.40305 -0.187473 -2.48435e-17 9.02658 1.34903 -0.0560643 1.00107 0.101849 -1.10523e-17 4.09476 0.611966 0.141758 -3.19927 -3.21811 -1.54981e-17 4.1244 0.360838 0.689741 -6.27385 -1.60517 -1.71918e-17 4.13237 0.654504 1.34943 -5.62212 0.652329 1.05481 -6.50798 6.44505 -2.1042 4.38897 -3.69863 11.0826 2.77992 -2.79636 -82.3999 22.6333 -5.47132 24.9873 0.0511653 0.117236 1.67752 -0.110262 -8.11016 20.7319 0.0424511 0.0972706 1.29043 -24.3764 -2.50076 -1.05481 -6.50797 6.44497 5.31327 6.09173 3.92297 -11.0826 2.77992 -2.79636 78.423 15.9765 4.73715 -24.9873 0.0511653 0.117236 -0.890467 -0.0286734 4.29486 -20.7319 0.042451 0.0972707 -1.43895 7.35517 4.81856 7.90195 -3.59782 1.73896 -0.603671 -0.920594 -21.5127 -0.72918 -33.1692 -0.560506 -1.40814 5.25602 -0.0271664 -1.99006 -34.5633 -5.17465 1.85507 -4.013 15.1984 0.66651 -8.45602 10.6902 -3.2927e-16 -8.06205e-16 2.34902e-17 -7.90195 -3.59782 1.73896 -0.432676 2.87123 13.8091 0.72918 -33.1692 -0.560506 1.67993 6.26665 0.0175219 1.99006 -34.5633 -5.17465 -3.25802 -5.61158 -15.1919 -0.66651 -8.45602 10.6902 -5.96354e-16 -5.59082e-16 -1.27471e-14 
315.686 78.4367 435.743 5.05321 -4.04919 60.2899 0 4.34476 -0.984994 -0.51801 2.88868 0.247094 0 4.80497 0.916596 -0.170418 2.60956 0.0888077 -8.77771e-18 5.1242 0.0983897 -0.0109361 2.7082 0.167414 -9.44946e-18 5.56568 -0.37943 0.111864 2.32795 0.201497 -1.68784e-17 6.50642 -1.28831 0.307087 1.6603 0.151553 -2.16702e-17 8.12491 -0.78234 0.554441 1.393 -0.188017 -2.48435e-17 9.02658 1.34903 -0.0560455 1.00186 0.102068 -1.10523e-17 4.09476 0.611966 0.141766 -3.2068 -3.22704 -1.54981e-17 4.1244 0.360838 0.695612 -6.26524 -1.60899 -1.71918e-17 4.13237 0.654504 1.36865 -5.60591 0.653724 1.05481 -6.50798 6.44505 -2.10935 4.39891 -3.70429 11.0826 2.77992 -2.79636 -82.413 22.6302 -5.44973 24.9873 0.0511653 0.117236 1.67457 -0.109859 -8.09583 20.7319 0.0424511 0.0972706 1.28069 -24.3794 -2.52247 -1.05481 -6.50797 6.44497 5.31843 6.10539 3.92837 -11.0826 2.77992 -2.79636 78.4308 15.9729 4.72094 -24.9873 0.0511653 0.117236 -0.885945 -0.0283581 4.27301 -20.7319 0.042451 0.0972707 -1.44573 7.34992 4.83022 7.90195 -3.59782 1.73896 -0.618178 -0.920161 -21.4886 -0.72918 -33.1692 -0.560506 -1.4062 5.2488 -0.0272179 -1.99006 -34.5633 -5.17465 1.8557 -4.00135 15.1982 0.66651 -8.45602 10.6902 -1.86027e-17 -7.96497e-16 1.37819e-17 -7.90195 -3.59782 1.73896 -0.446434 2.87126 13.8124 0.72918 -33.1692 -0.560506 1.68054 6.26892 0.0174947 1.99006 -34.5633 -5.17465 -3.26512 -5.62412 -15.1924 -0.66651 -8.45602 10.6902 -5.96354e-16 -5.59082e-16 -1.27471e-14 
315.685 78.4367 435.745 5.05394 -4.04716 60.2898 0 4.34476 -0.984994 -0.519109 2.89334 0.247195 0 4.80497 0.916596 -0.170798 2.61209 0.0887109 -8.77771e-18 5.1242 0.0983897 -0.010723 2.70831 0.167441 -9.44946e-18 5.56568 -0.37943 0.112621 2.32401 0.201615 -1.68784e-17 6.50642 -1.28831 0.308538 1.6536 0.151548 -2.16702e-17 8.12491 -0.78234 0.556512 1.38477 -0.18862 -2.48435e-17 9.02658 1.34903 -0.0560312 1.00253 0.102501 -1.10523e-17 4.09476 0.611966 0.141306 -3.2104 -3.24298 -1.54981e-17 4.1244 0.360838 0.707315 -6.25314 -1.61581 -1.71918e-17 4.13237 0.654504 1.37521 -5.58186 0.651751 1.05481 -6.50798 6.44505 -2.10774 4.40511 -3.7064 11.0826 2.77992 -2.79636 -82.4391 22.6126 -5.43129 24.9873 0.0511653 0.117236 1.67338 -0.109695 -8.09001 20.7319 0.0424511 0.0972706 1.29204 -24.3393 -2.51495 -1.05481 -6.50797 6.44497 5.32622 6.11774 3.93193 -11.0826 2.77992 -2.79636 78.4372 15.9449 4.70436 -24.9873 0.0511653 0.117236 -0.881655 -0.0280606 4.25228 -20.7319 0.042451 0.0972707 -1.44651 7.36944 4.82633 7.90195 -3.59782 1.73896 -0.614858 -0.922119 -21.4713 -0.72918 -33.1692 -0.560506 -1.40701 5.25182 -0.0271964 -1.99006 -34.5633 -5.17465 1.84453 -4.00481 15.1987 0.66651 -8.45602 10.6902 3.78967e-16 -7.84072e-16 1.35784e-18 -7.90195 -3.59782 1.73896 -0.445144 2.8746 13.8159 0.72918 -33.1692 -0.560506 1.68013 6.2674 0.0175129 1.99006 -34.5633 -5.17465 -3.26354 -5.62792 -15.1924 -0.66651 -8.45602 10.6902 -5.96354e-16 -5.59082e-16 -1.27471e-14 
315.685 78.4369 435.746 5.0548 -4.04691 60.3017 0 4.34476 -0.984994 -0.518252 2.89938 0.246817 0 4.80497 0.916596 -0.169399 2.61537 0.0883664 -8.77771e-18 5.1242 0.0983897 -0.009051 2.70844 0.16724 -9.44946e-18 5.56568 -0.37943 0.114477 2.31897 0.201564 -1.68784e-17 6.50642 -1.28831 0.310627 1.64503 0.151206 -2.16702e-17 8.12491 -0.78234 0.558678 1.37404 -0.189538 -2.48435e-17 9.02658 1.34903 -0.0560145 1.00367 0.103146 -1.10523e-17 4.09476 0.611966 0.140391 -3.21876 -3.2597 -1.54981e-17 4.1244 0.360838 0.718646 -6.24351 -1.62289 -1.71918e-17 4.13237 0.654504 1.38484 -5.56144 0.64241 1.05481 -6.50798 6.44505 -2.10087 4.41084 -3.70725 11.0826 2.77992 -2.79636 -82.4768 22.5942 -5.41028 24.9873 0.0511653 0.117236 1.67161 -0.109454 -8.08144 20.7319 0.0424511 0.0972706 1.30696 -24.2936 -2.50795 -1.05481 -6.50797 6.44497 5.33295 6.13387 3.93851 -11.0826 2.77992 -2.79636 78.4376 15.9084 4.68153 -24.9873 0.0511653 0.117236 -0.875412 -0.0276303 4.22212 -20.7319 0.042451 0.0972707 -1.44685 7.39432 4.81812 7.90195 -3.59782 1.73896 -0.609407 -0.90932 -21.4635 -0.72918 -33.1692 -0.560506 -1.40051 5.2276 -0.0273678 -1.99006 -34.5633 -5.17465 1.83284 -4.00427 15.1987 0.66651 -8.45602 10.6902 6.82989e-17 -7.93781e-16 1.10662e-17 -7.90195 -3.59782 1.73896 -0.442058 2.88313 13.8139 0.72918 -33.1692 -0.560506 1.67817 6.26012 0.0175997 1.99006 -34.5633 -5.17465 -3.26631 -5.62726 -15.1918 -0.66651 -8.45602 10.6902 -5.96354e-16 -5.59082e-16 -1.27471e-14 
315.684 78.4355 435.748 5.03941 -4.04052 60.3072 0 4.34476 -0.984994 -0.516514 2.89987 0.246786 0 4.80497 0.916596 -0.167335 2.61486 0.0885249 -8.77771e-18 5.1242 0.0983897 -0.00687817 2.7062 0.167453 -9.44946e-18 5.56568 -0.37943 0.11665 2.31387 0.201929 -1.68784e-17 6.50642 -1.28831 0.312895 1.63775 0.151234 -2.16702e-17 8.12491 -0.78234 0.560903 1.36527 -0.189964 -2.48435e-17 9.02658 1.34903 -0.0561197 1.00426 0.103821 -1.10523e-17 4.09476 0.611966 0.137451 -3.21857 -3.28738 -1.54981e-17 4.1244 0.360838 0.727449 -6.23848 -1.63511 -1.71918e-17 4.13237 0.654504 1.38824 -5.55831 0.635465 1.05481 -6.50798 6.44505 -2.08904 4.41069 -3.70058 11.0826 2.77992 -2.79636 -82.5276 22.5566 -5.38146 24.9873 0.0511653 0.117236 1.67028 -0.109271 -8.07493 20.7319 0.0424511 0.0972706 1.33111 -24.2062 -2.51758 -1.05481 -6.50797 6.44497 5.33817 6.14722 3.9391 -11.0826 2.77992 -2.79636 78.443 15.8594 4.66012 -24.9873 0.0511653 0.117236 -0.867328 -0.0270782 4.18306 -20.7319 0.042451 0.0972707 -1.45851 7.43381 4.81135 7.90195 -3.59782 1.73896 -0.604703 -0.926658 -21.4462 -0.72918 -33.1692 -0.560506 -1.40096 5.22928 -0.0273559 -1.99006 -34.5633 -5.17465 1.84074 -4.01289 15.1992 0.66651 -8.45602 10.6902 2.48481e-17 -7.95139e-16 1.2424e-17 -7.90195 -3.59782 1.73896 -0.435266 2.88035 13.8055 0.72918 -33.1692 -0.560506 1.67338 6.24233 0.0178108 1.99006 -34.5633 -5.17465 -3.27495 -5.63264 -15.1913 -0.66651 -8.45602 10.6902 -5.96354e-16 -5.59082e-16 -1.27471e-14 
315.684 78.4354 435.749 5.03837 -4.03949 60.3196 0 4.34476 -0.984994 -0.515147 2.9041 0.24699 0 4.80497 0.916596 -0.166027 2.61683 0.0889617 -8.77771e-18 5.1242 0.0983897 -0.00578124 2.70551 0.167907 -9.44946e-18 5.56568 -0.37943 0.117454 2.30885 0.202488 -1.68784e-17 6.50642 -1.28831 0.313484 1.6295 0.15177 -2.16702e-17 8.12491 -0.78234 0.561364 1.35526 -0.189176 -2.48435e-17 9.02658 1.34903 -0.05626 1.00523 0.104628 -1.10523e-17 4.09476 0.611966 0.131646 -3.22913 -3.31132 -1.54981e-17 4.1244 0.360838 0.722644 -6.24093 -1.64589 -1.71918e-17 4.13237 0.654504 1.37565 -5.55408 0.617641 1.05481 -6.50798 6.44505 -2.07702 4.41348 -3.69824 11.0826 2.77992 -2.79636 -82.5674 22.5127 -5.36004 24.9873 0.0511653 0.117236 1.66838 -0.109012 -8.06569 20.7319 0.0424511 0.0972706 1.3585 -24.0793 -2.50087 -1.05481 -6.50797 6.44497 5.35119 6.16617 3.94536 -11.0826 2.77992 -2.79636 78.4473 15.7774 4.63362 -24.9873 0.0511653 0.117236 -0.857098 -0.0263874 4.13364 -20.7319 0.042451 0.0972707 -1.46894 7.48973 4.7931 7.90195 -3.59782 1.73896 -0.599812 -0.924704 -21.4445 -0.72918 -33.1692 -0.560506 -1.39865 5.22067 -0.0274163 -1.99006 -34.5633 -5.17465 1.82752 -4.01621 15.1996 0.66651 -8.45602 10.6902 2.48481e-17 -7.95139e-16 1.2424e-17 -7.90195 -3.59782 1.73896 -0.432979 2.88942 13.8006 0.72918 -33.1692 -0.560506 1.66985 6.22924 0.0179652 1.99006 -34.5633 -5.17465 -3.27292 -5.63426 -15.1908 -0.66651 -8.45602 10.6902 -5.96354e-16 -5.59082e-16 -1.27471e-14 
315.683 78.4347 435.75 5.03315 -4.02816 60.3208 0 4.34476 -0.984994 -0.518095 2.90373 0.248164 0 4.80497 0.916596 -0.168392 2.6166 0.0898453 -8.77771e-18 5.1242 0.0983897 -0.00754414 2.7051 0.168813 -9.44946e-18 5.56568 -0.37943 0.116165 2.30793 0.203509 -1.68784e-17 6.50642 -1.28831 0.312993 1.62735 0.153093 -2.16702e-17 8.12491 -0.78234 0.561958 1.35306 -0.187493 -2.48435e-17 9.02658 1.34903 -0.0563794 1.00519 0.105491 -1.10523e-17 4.09476 0.611966 0.125564 -3.23661 -3.33162 -1.54981e-17 4.1244 0.360838 0.713188 -6.24544 -1.65513 -1.71918e-17 4.13237 0.654504 1.35276 -5.56419 0.606714 1.05481 -6.50798 6.44505 -2.05562 4.41086 -3.69292 11.0826 2.77992 -2.79636 -82.5949 22.4816 -5.34667 24.9873 0.0511653 0.117236 1.66509 -0.108564 -8.04971 20.7319 0.0424511 0.0972706 1.3645 -23.9829 -2.49406 -1.05481 -6.50797 6.44497 5.3709 6.18545 3.95478 -11.0826 2.77992 -2.79636 78.4412 15.7004 4.61794 -24.9873 0.0511653 0.117236 -0.843378 -0.0254748 4.06736 -20.7319 0.042451 0.0972707 -1.4835 7.53115 4.78151 7.90195 -3.59782 1.73896 -0.602214 -0.928104 -21.4248 -0.72918 -33.1692 -0.560506 -1.39527 5.20808 -0.0275039 -1.99006 -34.5633 -5.17465 1.82402 -4.01614 15.1997 0.66651 -8.45602 10.6902 3.78967e-16 -7.84072e-16 1.35784e-18 -7.90195 -3.59782 1.73896 -0.436804 2.87938 13.81 0.72918 -33.1692 -0.560506 1.67151 6.2354 0.0178926 1.99006 -34.5633 -5.17465 -3.27664 -5.64525 -15.1914 -0.66651 -8.45602 10.6902 -5.96354e-16 -5.59082e-16 -1.27471e-14 
315.683 78.4353 435.751 5.04459 -4.02123 60.3323 0 4.34476 -0.984994 -0.524741 2.90291 0.249104 0 4.80497 0.916596 -0.173825 2.61705 0.090057 -8.77771e-18 5.1242 0.0983897 -0.0118156 2.70702 0.168918 -9.44946e-18 5.56568 -0.37943 0.113001 2.31212 0.203652 -1.68784e-17 6.50642 -1.28831 0.311078 1.6313 0.153892 -2.16702e-17 8.12491 -0.78234 0.56171 1.35818 -0.186061 -2.48435e-17 9.02658 1.34903 -0.0564833 1.00439 0.106338 -1.10523e-17 4.09476 0.611966 0.119129 -3.24059 -3.34551 -1.54981e-17 4.1244 0.360838 0.695166 -6.25278 -1.66175 -1.71918e-17 4.13237 0.654504 1.33079 -5.57333 0.591941 1.05481 -6.50798 6.44505 -2.03285 4.40541 -3.68685 11.0826 2.77992 -2.79636 -82.6075 22.455 -5.3444 24.9873 0.0511653 0.117236 1.66018 -0.107896 -8.02582 20.7319 0.0424511 0.0972706 1.36523 -23.9372 -2.48231 -1.05481 -6.50797 6.44497 5.39972 6.20434 3.96797 -11.0826 2.77992 -2.79636 78.4341 15.5799 4.61085 -24.9873 0.0511653 0.117236 -0.826067 -0.0243461 3.98374 -20.7319 0.042451 0.0972707 -1.50546 7.6124 4.75669 7.90195 -3.59782 1.73896 -0.612742 -0.936566 -21.4151 -0.72918 -33.1692 -0.560506 -1.40173 5.23213 -0.0273359 -1.99006 -34.5633 -5.17465 1.81626 -4.01 15.2 0.66651 -8.45602 10.6902 6.82989e-17 -7.93781e-16 1.10662e-17 -7.90195 -3.59782 1.73896 -0.445846 2.88584 13.8063 0.72918 -33.1692 -0.560506 1.67355 6.24297 0.0178033 1.99006 -34.5633 -5.17465 -3.28066 -5.65034 -15.1911 -0.66651 -8.45602 10.6902 -5.96354e-16 -5.59082e-16 -1.27471e-14 
315.683 78.4361 435.753 5.05731 -4.01524 60.3333 0 4.34476 -0.984994 -0.532695 2.90608 0.251567 0 4.80497 0.916596 -0.180228 2.62017 0.0916201 -8.77771e-18 5.1242 0.0983897 -0.0165963 2.71085 0.170592 -9.44946e-18 5.56568 -0.37943 0.109711 2.3166 0.205494 -1.68784e-17 6.50642 -1.28831 0.309958 1.63396 0.156437 -2.16702e-17 8.12491 -0.78234 0.563452 1.36237 -0.183244 -2.48435e-17 9.02658 1.34903 -0.0563583 1.00378 0.107669 -1.10523e-17 4.09476 0.611966 0.113484 -3.26588 -3.3567 -1.54981e-17 4.1244 0.360838 0.684351 -6.26003 -1.66668 -1.71918e-17 4.13237 0.654504 1.30734 -5.57717 0.58658 1.05481 -6.50798 6.44505 -2.01636 4.40763 -3.69092 11.0826 2.77992 -2.79636 -82.6066 22.442 -5.34368 24.9873 0.0511653 0.117236 1.65408 -0.107071 -7.99618 20.7319 0.0424511 0.0972706 1.35496 -23.9449 -2.48265 -1.05481 -6.50797 6.44497 5.44894 6.23947 3.99639 -11.0826 2.77992 -2.79636 78.3985 15.454 4.60841 -24.9873 0.0511653 0.117236 -0.804218 -0.0229579 3.87821 -20.7319 0.042451 0.0972707 -1.52556 7.69125 4.73198 7.90195 -3.59782 1.73896 -0.62065 -0.929191 -21.3905 -0.72918 -33.1692 -0.560506 -1.40178 5.23234 -0.0273344 -1.99006 -34.5633 -5.17465 1.81029 -3.9994 15.1997 0.66651 -8.45602 10.6902 3.78967e-16 -7.84072e-16 1.35784e-18 -7.90195 -3.59782 1.73896 -0.454492 2.89592 13.8056 0.72918 -33.1692 -0.560506 1.67414 6.24517 0.0177772 1.99006 -34.5633 -5.17465 -3.27834 -5.65571 -15.1917 -0.66651 -8.45602 10.6902 -5.96354e-16 -5.59082e-16 -1.27471e-14 
315.683 78.4359 435.754 5.05528 -4.00268 60.3488 0 4.34476 -0.984994 -0.540488 2.90674 0.252462 0 4.80497 0.916596 -0.186003 2.62174 0.0916336 -8.77771e-18 5.1242 0.0983897 -0.0205551 2.71366 0.17076 -9.44946e-18 5.56568 -0.37943 0.107415 2.32136 0.205871 -1.68784e-17 6.50642 -1.28831 0.309642 1.63724 0.157367 -2.16702e-17 8.12491 -0.78234 0.565609 1.36726 -0.182279 -2.48435e-17 9.02658 1.34903 -0.0561311 1.0031 0.109211 -1.10523e-17 4.09476 0.611966 0.107972 -3.30302 -3.3655 -1.54981e-17 4.1244 0.360838 0.673421 -6.27145 -1.67046 -1.71918e-17 4.13237 0.654504 1.29162 -5.58348 0.575481 1.05481 -6.50798 6.44505 -1.99738 4.41053 -3.69243 11.0826 2.77992 -2.79636 -82.6104 22.4431 -5.34555 24.9873 0.0511653 0.117236 1.64719 -0.106141 -7.96265 20.7319 0.0424511 0.0972706 1.33427 -23.9788 -2.50371 -1.05481 -6.50797 6.44497 5.5075 6.28205 4.02915 -11.0826 2.77992 -2.79636 78.3519 15.3028 4.61034 -24.9873 0.0511653 0.117236 -0.778135 -0.0213534 3.75224 -20.7319 0.042451 0.0972707 -1.56034 7.77725 4.71681 7.90195 -3.59782 1.73896 -0.628661 -0.945622 -21.3784 -0.72918 -33.1692 -0.560506 -1.40507 5.2446 -0.0272478 -1.99006 -34.5633 -5.17465 1.80191 -3.99863 15.2001 0.66651 -8.45602 10.6902 4.22417e-16 -7.82715e-16 2.88531e-33 -7.90195 -3.59782 1.73896 -0.462163 2.89545 13.8005 0.72918 -33.1692 -0.560506 1.67311 6.24134 0.0178225 1.99006 -34.5633 -5.17465 -3.27525 -5.66712 -15.1928 -0.66651 -8.45602 10.6902 -5.96354e-16 -5.59082e-16 -1.27471e-14 
315.683 78.4356 435.755 5.05039 -3.98967 60.3624 0 4.34476 -0.984994 -0.546293 2.90873 0.253722 0 4.80497 0.916596 -0.190241 2.6234 0.0921901 -8.77771e-18 5.1242 0.0983897 -0.0234061 2.71498 0.17146 -9.44946e-18 5.56568 -0.37943 0.105749 2.32225 0.206796 -1.68784e-17 6.50642 -1.28831 0.309565 1.63528 0.158761 -2.16702e-17 8.12491 -0.78234 0.567704 1.36609 -0.18065 -2.48435e-17 9.02658 1.34903 -0.0559108 1.00338 0.111037 -1.10523e-17 4.09476 0.611966 0.102182 -3.34471 -3.37312 -1.54981e-17 4.1244 0.360838 0.664828 -6.27049 -1.67348 -1.71918e-17 4.13237 0.654504 1.27898 -5.57482 0.574165 1.05481 -6.50798 6.44505 -1.98531 4.41738 -3.6954 11.0826 2.77992 -2.79636 -82.6222 22.4145 -5.33308 24.9873 0.0511653 0.117236 1.64138 -0.10536 -7.9344 20.7319 0.0424511 0.0972706 1.33474 -23.9735 -2.53266 -1.05481 -6.50797 6.44497 5.56624 6.33181 4.06217 -11.0826 2.77992 -2.79636 78.3014 15.1323 4.59544 -24.9873 0.0511653 0.117236 -0.750988 -0.0197446 3.62116 -20.7319 0.042451 0.0972707 -1.59302 7.87209 4.70234 7.90195 -3.59782 1.73896 -0.632147 -0.952565 -21.3744 -0.72918 -33.1692 -0.560506 -1.40252 5.23507 -0.0273152 -1.99006 -34.5633 -5.17465 1.78486 -3.99976 15.2002 0.66651 -8.45602 10.6902 6.82989e-17 -7.93781e-16 1.10662e-17 -7.90195 -3.59782 1.73896 -0.467831 2.89077 13.7869 0.72918 -33.1692 -0.560506 1.67254 6.23922 0.0178476 1.99006 -34.5633 -5.17465 -3.27994 -5.67638 -15.1931 -0.66651 -8.45602 10.6902 -5.96354e-16 -5.59082e-16 -1.27471e-14 
315.683 78.4354 435.757 5.04984 -3.98826 60.3639 0 4.34476 -0.984994 -0.551446 2.91103 0.256424 0 4.80497 0.916596 -0.194077 2.62605 0.0942167 -8.77771e-18 5.1242 0.0983897 -0.0259783 2.71832 0.173691 -9.44946e-18 5.56568 -0.37943 0.104191 2.32665 0.209287 -1.68784e-17 6.50642 -1.28831 0.309888 1.63731 0.161766 -2.16702e-17 8.12491 -0.78234 0.570753 1.37006 -0.177443 -2.48435e-17 9.02658 1.34903 -0.05558 1.00333 0.113035 -1.10523e-17 4.09476 0.611966 0.100075 -3.37266 -3.36645 -1.54981e-17 4.1244 0.360838 0.660635 -6.26436 -1.66969 -1.71918e-17 4.13237 0.654504 1.26505 -5.55843 0.574234 1.05481 -6.50798 6.44505 -1.97104 4.41762 -3.69411 11.0826 2.77992 -2.79636 -82.6332 22.3807 -5.3223 24.9873 0.0511653 0.117236 1.63743 -0.104831 -7.91519 20.7319 0.0424511 0.0972706 1.33211 -24.0308 -2.57031 -1.05481 -6.50797 6.44497 5.6265 6.37935 4.09285 -11.0826 2.77992 -2.79636 78.2437 14.9468 4.57928 -24.9873 0.0511653 0.117236 -0.722865 -0.0181436 3.48537 -20.7319 0.042451 0.0972707 -1.62798 7.96921 4.69024 7.90195 -3.59782 1.73896 -0.627992 -0.945262 -21.3541 -0.72918 -33.1692 -0.560506 -1.39862 5.22056 -0.027417 -1.99006 -34.5633 -5.17465 1.78424 -3.99939 15.1999 0.66651 -8.45602 10.6902 2.48481e-17 -7.95139e-16 1.2424e-17 -7.90195 -3.59782 1.73896 -0.46417 2.89665 13.7872 0.72918 -33.1692 -0.560506 1.67045 6.23144 0.0179393 1.99006 -34.5633 -5.17465 -3.28679 -5.67616 -15.1926 -0.66651 -8.45602 10.6902 -5.96354e-16 -5.59082e-16 -1.27471e-14 
315.683 78.4362 435.758 5.06107 -3.98295 60.3634 0 4.34476 -0.984994 -0.561001 2.92021 0.260007 0 4.80497 0.916596 -0.201607 2.63336 0.0966531 -8.77771e-18 5.1242 0.0983897 -0.0314284 2.72468 0.176396 -9.44946e-18 5.56568 -0.37943 0.100618 2.33138 0.212258 -1.68784e-17 6.50642 -1.28831 0.309303 1.63774 0.165574 -2.16702e-17 8.12491 -0.78234 0.57429 1.3718 -0.173483 -2.48435e-17 9.02658 1.34903 -0.0550362 1.00384 0.115185 -1.10523e-17 4.09476 0.611966 0.101442 -3.39035 -3.34889 -1.54981e-17 4.1244 0.360838 0.661385 -6.25369 -1.66069 -1.71918e-17 4.13237 0.654504 1.26114 -5.53565 0.57269 1.05481 -6.50798 6.44505 -1.95811 4.41934 -3.69432 11.0826 2.77992 -2.79636 -82.6336 22.3537 -5.3145 24.9873 0.0511653 0.117236 1.63632 -0.104683 -7.90979 20.7319 0.0424511 0.0972706 1.31685 -24.1223 -2.62854 -1.05481 -6.50797 6.44497 5.68365 6.43012 4.12391 -11.0826 2.77992 -2.79636 78.1865 14.7584 4.55328 -24.9873 0.0511653 0.117236 -0.694726 -0.0166087 3.34953 -20.7319 0.042451 0.0972707 -1.66012 8.04464 4.684 7.90195 -3.59782 1.73896 -0.631965 -0.930431 -21.3359 -0.72918 -33.1692 -0.560506 -1.39479 5.20633 -0.027516 -1.99006 -34.5633 -5.17465 1.76774 -3.99108 15.2 0.66651 -8.45602 10.6902 3.78962e-16 -7.84073e-16 1.35799e-18 -7.90195 -3.59782 1.73896 -0.470297 2.90462 13.7881 0.72918 -33.1692 -0.560506 1.67133 6.23472 0.0179007 1.99006 -34.5633 -5.17465 -3.29065 -5.67838 -15.1928 -0.66651 -8.45602 10.6902 -2.4224e-16 -5.81214e-16 -1.27581e-14 
315.682 78.4348 435.76 5.04674 -3.97607 60.3755 0 4.34476 -0.984994 -0.565544 2.92993 0.260992 0 4.80497 0.916596 -0.204287 2.64004 0.0972395 -8.77771e-18 5.1242 0.0983897 -0.0325338 2.72844 0.177403 -9.44946e-18 5.56568 -0.37943 0.100855 2.33093 0.213638 -1.68784e-17 6.50642 -1.28831 0.31149 1.63151 0.167049 -2.16702e-17 8.12491 -0.78234 0.579095 1.3651 -0.17241 -2.48435e-17 9.02658 1.34903 -0.0546496 1.00494 0.117658 -1.10523e-17 4.09476 0.611966 0.106369 -3.40514 -3.32554 -1.54981e-17 4.1244 0.360838 0.676492 -6.24167 -1.64858 -1.71918e-17 4.13237 0.654504 1.26841 -5.51852 0.575162 1.05481 -6.50798 6.44505 -1.94184 4.4198 -3.68903 11.0826 2.77992 -2.79636 -82.6609 22.2921 -5.30511 24.9873 0.0511653 0.117236 1.63997 -0.105173 -7.92756 20.7319 0.0424511 0.0972706 1.34738 -24.0843 -2.66707 -1.05481 -6.50797 6.44497 5.73044 6.48186 4.14767 -11.0826 2.77992 -2.79636 78.1354 14.5674 4.50745 -24.9873 0.0511653 0.117236 -0.668716 -0.0152494 3.22399 -20.7319 0.042451 0.0972707 -1.69265 8.09579 4.68739 7.90195 -3.59782 1.73896 -0.627868 -0.946455 -21.3302 -0.72918 -33.1692 -0.560506 -1.39479 5.20631 -0.0275161 -1.99006 -34.5633 -5.17465 1.76942 -4.00068 15.2008 0.66651 -8.45602 10.6902 4.22417e-16 -7.82715e-16 2.88531e-33 -7.90195 -3.59782 1.73896 -0.465043 2.89226 13.7786 0.72918 -33.1692 -0.560506 1.67179 6.23643 0.0178805 1.99006 -34.5633 -5.17465 -3.29466 -5.68683 -15.1933 -0.66651 -8.45602 10.6902 -5.52898e-16 -5.61798e-16 -1.27484e-14 
315.682 78.4341 435.76 5.0355 -3.97999 60.3932 0 4.34476 -0.984994 -0.566833 2.94345 0.258086 0 4.80497 0.916596 -0.203752 2.6494 0.0942805 -8.77771e-18 5.1242 0.0983897 -0.0309442 2.73368 0.1749 -9.44946e-18 5.56568 -0.37943 0.103275 2.3303 0.211477 -1.68784e-17 6.50642 -1.28831 0.31447 1.62387 0.164462 -2.16702e-17 8.12491 -0.78234 0.582683 1.35602 -0.175274 -2.48435e-17 9.02658 1.34903 -0.0544396 1.00608 0.12003 -1.10523e-17 4.09476 0.611966 0.112468 -3.42727 -3.29458 -1.54981e-17 4.1244 0.360838 0.690251 -6.22745 -1.63287 -1.71918e-17 4.13237 0.654504 1.2766 -5.48754 0.580761 1.05481 -6.50798 6.44505 -1.9302 4.42309 -3.6899 11.0826 2.77992 -2.79636 -82.6817 22.237 -5.30846 24.9873 0.0511653 0.117236 1.64259 -0.105524 -7.9403 20.7319 0.0424511 0.0972706 1.37469 -24.0101 -2.65213 -1.05481 -6.50797 6.44497 5.7684 6.53356 4.17697 -11.0826 2.77992 -2.79636 78.0739 14.3903 4.457 -24.9873 0.0511653 0.117236 -0.644585 -0.0140393 3.10751 -20.7319 0.042451 0.0972707 -1.7105 8.11176 4.6919 7.90195 -3.59782 1.73896 -0.616288 -0.950393 -21.3219 -0.72918 -33.1692 -0.560506 -1.39264 5.19832 -0.0275713 -1.99006 -34.5633 -5.17465 1.78064 -4.00689 15.2002 0.66651 -8.45602 10.6902 6.83036e-17 -7.93781e-16 1.10661e-17 -7.90195 -3.59782 1.73896 -0.451537 2.88633 13.7676 0.72918 -33.1692 -0.560506 1.67248 6.23898 0.0178504 1.99006 -34.5633 -5.17465 -3.30205 -5.68353 -15.1923 -0.66651 -8.45602 10.6902 -5.96354e-16 -5.59082e-16 -1.27471e-14 
315.683 78.4343 435.76 5.03607 -3.98007 60.4189 0 4.34476 -0.984994 -0.570704 2.95866 0.252923 0 4.80497 0.916596 -0.20507 2.66047 0.0888085 -8.77771e-18 5.1242 0.0983897 -0.030783 2.74078 0.169906 -9.44946e-18 5.56568 -0.37943 0.104732 2.33176 0.20674 -1.68784e-17 6.50642 -1.28831 0.3164 1.61851 0.159321 -2.16702e-17 8.12491 -0.78234 0.584846 1.34894 -0.180698 -2.48435e-17 9.02658 1.34903 -0.0542086 1.00688 0.121791 -1.10523e-17 4.09476 0.611966 0.121694 -3.43719 -3.25418 -1.54981e-17 4.1244 0.360838 0.701972 -6.20925 -1.61294 -1.71918e-17 4.13237 0.654504 1.293 -5.45372 0.584439 1.05481 -6.50798 6.44505 -1.91926 4.42942 -3.6984 11.0826 2.77992 -2.79636 -82.6806 22.2187 -5.32492 24.9873 0.0511653 0.117236 1.64105 -0.105317 -7.93281 20.7319 0.0424511 0.0972706 1.36362 -24.0319 -2.63989 -1.05481 -6.50797 6.44497 5.78969 6.57848 4.20525 -11.0826 2.77992 -2.79636 78.0127 14.2843 4.39879 -24.9873 0.0511653 0.117236 -0.622773 -0.0129879 3.00225 -20.7319 0.042451 0.0972707 -1.70246 8.04241 4.71902 7.90195 -3.59782 1.73896 -0.614469 -0.94657 -21.3227 -0.72918 -33.1692 -0.560506 -1.38989 5.18808 -0.0276415 -1.99006 -34.5633 -5.17465 1.78011 -4.00359 15.1998 0.66651 -8.45602 10.6902 2.48481e-17 -7.95139e-16 1.2424e-17 -7.90195 -3.59782 1.73896 -0.447998 2.88994 13.7541 0.72918 -33.1692 -0.560506 1.67316 6.24153 0.0178203 1.99006 -34.5633 -5.17465 -3.30721 -5.6818 -15.1919 -0.66651 -8.45602 10.6902 -5.96354e-16 -5.59082e-16 -1.27471e-14 
315.683 78.4347 435.759 5.03906 -3.97913 60.4495 0 4.34476 -0.984994 -0.576012 2.97496 0.24639 0 4.80497 0.916596 -0.207176 2.67197 0.081727 -8.77771e-18 5.1242 0.0983897 -0.03099 2.74793 0.163258 -9.44946e-18 5.56568 -0.37943 0.106295 2.33207 0.200236 -1.68784e-17 6.50642 -1.28831 0.318606 1.6119 0.152297 -2.16702e-17 8.12491 -0.78234 0.587094 1.34011 -0.188349 -2.48435e-17 9.02658 1.34903 -0.0538 1.00783 0.123038 -1.10523e-17 4.09476 0.611966 0.131573 -3.4387 -3.22875 -1.54981e-17 4.1244 0.360838 0.717238 -6.1963 -1.59991 -1.71918e-17 4.13237 0.654504 1.3194 -5.42581 0.601143 1.05481 -6.50798 6.44505 -1.91696 4.44228 -3.71297 11.0826 2.77992 -2.79636 -82.6627 22.261 -5.33884 24.9873 0.0511653 0.117236 1.63818 -0.104933 -7.91885 20.7319 0.0424511 0.0972706 1.32109 -24.1503 -2.67231 -1.05481 -6.50797 6.44497 5.79756 6.61908 4.22886 -11.0826 2.77992 -2.79636 77.9672 14.2207 4.33334 -24.9873 0.0511653 0.117236 -0.604606 -0.0121428 2.91458 -20.7319 0.042451 0.0972707 -1.69656 7.96111 4.74675 7.90195 -3.59782 1.73896 -0.61542 -0.947227 -21.3337 -0.72918 -33.1692 -0.560506 -1.38969 5.1873 -0.0276468 -1.99006 -34.5633 -5.17465 1.77577 -3.99939 15.1995 0.66651 -8.45602 10.6902 2.48481e-17 -7.95139e-16 1.2424e-17 -7.90195 -3.59782 1.73896 -0.446251 2.90091 13.7315 0.72918 -33.1692 -0.560506 1.67136 6.23484 0.0178993 1.99006 -34.5633 -5.17465 -3.31297 -5.67827 -15.1915 -0.66651 -8.45602 10.6902 -5.96354e-16 -5.59082e-16 -1.27471e-14 
315.683 78.4351 435.758 5.04218 -3.97815 60.4805 0 4.34476 -0.984994 -0.581534 2.99191 0.239424 0 4.80497 0.916596 -0.209239 2.68366 0.0742034 -8.77771e-18 5.1242 0.0983897 -0.0309339 2.75433 0.156202 -9.44946e-18 5.56568 -0.37943 0.108364 2.33 0.193323 -1.68784e-17 6.50642 -1.28831 0.321538 1.60262 0.144813 -2.16702e-17 8.12491 -0.78234 0.590103 1.32754 -0.196825 -2.48435e-17 9.02658 1.34903 -0.0533365 1.00926 0.124164 -1.10523e-17 4.09476 0.611966 0.142896 -3.44006 -3.20552 -1.54981e-17 4.1244 0.360838 0.739833 -6.17914 -1.58776 -1.71918e-17 4.13237 0.654504 1.34946 -5.39359 0.620087 1.05481 -6.50798 6.44505 -1.91231 4.45596 -3.72318 11.0826 2.77992 -2.79636 -82.6599 22.3075 -5.3501 24.9873 0.0511653 0.117236 1.63615 -0.104662 -7.90899 20.7319 0.0424511 0.0972706 1.30806 -24.2096 -2.68441 -1.05481 -6.50797 6.44497 5.7949 6.65383 4.24434 -11.0826 2.77992 -2.79636 77.9412 14.1546 4.26171 -24.9873 0.0511653 0.117236 -0.590522 -0.0115068 2.84662 -20.7319 0.042451 0.0972707 -1.70545 7.93482 4.75732 7.90195 -3.59782 1.73896 -0.617447 -0.951616 -21.3495 -0.72918 -33.1692 -0.560506 -1.39097 5.1921 -0.027614 -1.99006 -34.5633 -5.17465 1.77518 -3.99479 15.199 0.66651 -8.45602 10.6902 2.48481e-17 -7.95139e-16 1.2424e-17 -7.90195 -3.59782 1.73896 -0.445893 2.90233 13.715 0.72918 -33.1692 -0.560506 1.67393 6.24436 0.0177868 1.99006 -34.5633 -5.17465 -3.31193 -5.67805 -15.192 -0.66651 -8.45602 10.6902 -5.96354e-16 -5.59082e-16 -1.27471e-14 
315.684 78.4365 435.757 5.05546 -3.97222 60.5073 0 4.34476 -0.984994 -0.590255 3.00863 0.233514 0 4.80497 0.916596 -0.214356 2.6949 0.0670987 -8.77771e-18 5.1242 0.0983897 -0.0336249 2.75977 0.149252 -9.44946e-18 5.56568 -0.37943 0.107951 2.32601 0.186389 -1.68784e-17 6.50642 -1.28831 0.322242 1.59144 0.137696 -2.16702e-17 8.12491 -0.78234 0.591137 1.31235 -0.204365 -2.48435e-17 9.02658 1.34903 -0.0532642 1.01091 0.124961 -1.10523e-17 4.09476 0.611966 0.149941 -3.4377 -3.19217 -1.54981e-17 4.1244 0.360838 0.754176 -6.16726 -1.5807 -1.71918e-17 4.13237 0.654504 1.3733 -5.37408 0.63768 1.05481 -6.50798 6.44505 -1.89976 4.46504 -3.72317 11.0826 2.77992 -2.79636 -82.6733 22.3152 -5.34488 24.9873 0.0511653 0.117236 1.63419 -0.1044 -7.89945 20.7319 0.0424511 0.0972706 1.31722 -24.2246 -2.68912 -1.05481 -6.50797 6.44497 5.78066 6.67867 4.24758 -11.0826 2.77992 -2.79636 77.9409 14.0849 4.18383 -24.9873 0.0511653 0.117236 -0.578868 -0.0109931 2.79039 -20.7319 0.042451 0.0972707 -1.72922 7.9727 4.7704 7.90195 -3.59782 1.73896 -0.628177 -0.946929 -21.361 -0.72918 -33.1692 -0.560506 -1.39101 5.19223 -0.0276131 -1.99006 -34.5633 -5.17465 1.76918 -3.98007 15.1979 0.66651 -8.45602 10.6902 2.48481e-17 -7.95139e-16 1.2424e-17 -7.90195 -3.59782 1.73896 -0.454073 2.90505 13.6978 0.72918 -33.1692 -0.560506 1.67895 6.26301 0.0175653 1.99006 -34.5633 -5.17465 -3.3242 -5.6759 -15.1913 -0.66651 -8.45602 10.6902 -5.96354e-16 -5.59082e-16 -1.27471e-14 
315.686 78.4381 435.757 5.05897 -3.97088 60.5259 0 4.34476 -0.984994 -0.598171 3.0204 0.228701 0 4.80497 0.916596 -0.218906 2.70313 0.0612704 -8.77771e-18 5.1242 0.0983897 -0.0358207 2.76437 0.143552 -9.44946e-18 5.56568 -0.37943 0.108044 2.32439 0.180704 -1.68784e-17 6.50642 -1.28831 0.323727 1.58499 0.131762 -2.16702e-17 8.12491 -0.78234 0.593347 1.30314 -0.211071 -2.48435e-17 9.02658 1.34903 -0.0529377 1.01163 0.12544 -1.10523e-17 4.09476 0.611966 0.160228 -3.40441 -3.17833 -1.54981e-17 4.1244 0.360838 0.775872 -6.15941 -1.57327 -1.71918e-17 4.13237 0.654504 1.39227 -5.37297 0.645249 1.05481 -6.50798 6.44505 -1.87846 4.46348 -3.71194 11.0826 2.77992 -2.79636 -82.7018 22.322 -5.32811 24.9873 0.0511653 0.117236 1.63401 -0.104376 -7.89856 20.7319 0.0424511 0.0972706 1.31971 -24.282 -2.7121 -1.05481 -6.50797 6.44497 5.7563 6.68713 4.23701 -11.0826 2.77992 -2.79636 77.9582 14.0065 4.10544 -24.9873 0.0511653 0.117236 -0.570743 -0.0106418 2.75118 -20.7319 0.042451 0.0972707 -1.75843 8.05415 4.77895 7.90195 -3.59782 1.73896 -0.630437 -0.947237 -21.3618 -0.72918 -33.1692 -0.560506 -1.39189 5.19551 -0.0275906 -1.99006 -34.5633 -5.17465 1.76976 -3.97113 15.1976 0.66651 -8.45602 10.6902 2.48481e-17 -7.95139e-16 1.2424e-17 -7.90195 -3.59782 1.73896 -0.454267 2.90518 13.6847 0.72918 -33.1692 -0.560506 1.68244 6.276 0.0174101 1.99006 -34.5633 -5.17465 -3.32271 -5.67231 -15.1913 -0.66651 -8.45602 10.6902 -5.96354e-16 -5.59082e-16 -1.27471e-14 
315.693 78.4418 435.761 5.0547 -3.95927 60.5395 0 4.34476 -0.984994 -0.606104 3.02366 0.224683 0 4.80497 0.916596 -0.224143 2.70536 0.0563633 -8.77771e-18 5.1242 0.0983897 -0.0390528 2.76545 0.138646 -9.44946e-18 5.56568 -0.37943 0.106785 2.32336 0.175752 -1.68784e-17 6.50642 -1.28831 0.323656 1.58218 0.126803 -2.16702e-17 8.12491 -0.78234 0.593955 1.29916 -0.216174 -2.48435e-17 9.02658 1.34903 -0.052676 1.01183 0.125665 -1.10523e-17 4.09476 0.611966 0.166488 -3.36871 -3.17575 -1.54981e-17 4.1244 0.360838 0.786461 -6.15463 -1.5714 -1.71918e-17 4.13237 0.654504 1.40976 -5.38077 0.652755 1.05481 -6.50798 6.44505 -1.86346 4.45818 -3.69906 11.0826 2.77992 -2.79636 -82.725 22.3256 -5.30342 24.9873 0.0511653 0.117236 1.63639 -0.104695 -7.91017 20.7319 0.0424511 0.0972706 1.30947 -24.3689 -2.75582 -1.05481 -6.50797 6.44497 5.72829 6.68747 4.21981 -11.0826 2.77992 -2.79636 77.9835 13.9488 4.02652 -24.9873 0.0511653 0.117236 -0.565209 -0.0104057 2.72449 -20.7319 0.042451 0.0972707 -1.77694 8.08575 4.78434 7.90195 -3.59782 1.73896 -0.634637 -0.948828 -21.3584 -0.72918 -33.1692 -0.560506 -1.38954 5.18678 -0.0276504 -1.99006 -34.5633 -5.17465 1.75216 -3.95767 15.1971 0.66651 -8.45602 10.6902 2.48481e-17 -7.95139e-16 1.2424e-17 -7.90195 -3.59782 1.73896 -0.459715 2.90679 13.6748 0.72918 -33.1692 -0.560506 1.68108 6.27092 0.0174709 1.99006 -34.5633 -5.17465 -3.3213 -5.66411 -15.1904 -0.66651 -8.45602 10.6902 -5.96354e-16 -5.59082e-16 -1.27471e-14 
315.688 78.4373 435.76 5.04345 -3.93529 60.5406 0 4.34476 -0.984994 -0.619605 3.04583 0.221753 0 4.80497 0.916596 -0.234156 2.71835 0.0519986 -8.77771e-18 5.1242 0.0983897 -0.045995 2.76894 0.134582 -9.44946e-18 5.56568 -0.37943 0.102939 2.31114 0.171619 -1.68784e-17 6.50642 -1.28831 0.322356 1.56019 0.122998 -2.16702e-17 8.12491 -0.78234 0.594826 1.27038 -0.220299 -2.48435e-17 9.02658 1.34903 -0.0521124 1.01406 0.126085 -1.10523e-17 4.09476 0.611966 0.172932 -3.34012 -3.17003 -1.54981e-17 4.1244 0.360838 0.798443 -6.14884 -1.56788 -1.71918e-17 4.13237 0.654504 1.42145 -5.37758 0.653603 1.05481 -6.50798 6.44505 -1.83501 4.46703 -3.69027 11.0826 2.77992 -2.79636 -82.7385 22.3629 -5.27474 24.9873 0.0511653 0.117236 1.6427 -0.105539 -7.94081 20.7319 0.0424511 0.0972706 1.28975 -24.483 -2.78171 -1.05481 -6.50797 6.44497 5.69541 6.70157 4.20845 -11.0826 2.77992 -2.79636 78.0193 13.919 3.94309 -24.9873 0.0511653 0.117236 -0.563649 -0.0103396 2.71696 -20.7319 0.042451 0.0972707 -1.78399 8.06352 4.79062 7.90195 -3.59782 1.73896 -0.645357 -0.979949 -21.3392 -0.72918 -33.1692 -0.560506 -1.39244 5.19755 -0.0275766 -1.99006 -34.5633 -5.17465 1.74522 -3.97395 15.1978 0.66651 -8.45602 10.6902 2.48481e-17 -7.95139e-16 1.2424e-17 -7.90195 -3.59782 1.73896 -0.471107 2.88049 13.673 0.72918 -33.1692 -0.560506 1.68363 6.28042 0.0173571 1.99006 -34.5633 -5.17465 -3.33138 -5.69797 -15.193 -0.66651 -8.45602 10.6902 -5.96354e-16 -5.59082e-16 -1.27471e-14 
315.687 78.4346 435.76 5.02105 -3.91504 60.5524 0 4.34476 -0.984994 -0.628607 3.05885 0.215665 0 4.80497 0.916596 -0.239871 2.72519 0.0449489 -8.77771e-18 5.1242 0.0983897 -0.0494413 2.76863 0.127718 -9.44946e-18 5.56568 -0.37943 0.101785 2.29939 0.164675 -1.68784e-17 6.50642 -1.28831 0.322027 1.54171 0.115872 -2.16702e-17 8.12491 -0.78234 0.594373 1.24593 -0.227753 -2.48435e-17 9.02658 1.34903 -0.0519581 1.01558 0.126328 -1.10523e-17 4.09476 0.611966 0.178824 -3.32703 -3.15197 -1.54981e-17 4.1244 0.360838 0.800913 -6.1368 -1.55915 -1.71918e-17 4.13237 0.654504 1.42898 -5.3723 0.649877 1.05481 -6.50798 6.44505 -1.80457 4.47345 -3.68183 11.0826 2.77992 -2.79636 -82.7744 22.3915 -5.2472 24.9873 0.0511653 0.117236 1.64888 -0.10637 -7.97088 20.7319 0.0424511 0.0972706 1.29334 -24.5572 -2.75943 -1.05481 -6.50797 6.44497 5.66607 6.71243 4.20326 -11.0826 2.77992 -2.79636 78.049 13.9059 3.86916 -24.9873 0.0511653 0.117236 -0.563366 -0.0103275 2.71559 -20.7319 0.042451 0.0972707 -1.77474 8.03 4.78594 7.90195 -3.59782 1.73896 -0.650041 -1.00702 -21.337 -0.72918 -33.1692 -0.560506 -1.39047 5.19023 -0.0276268 -1.99006 -34.5633 -5.17465 1.75285 -3.9832 15.1979 0.66651 -8.45602 10.6902 2.48481e-17 -7.95139e-16 1.2424e-17 -7.90195 -3.59782 1.73896 -0.475687 2.8666 13.665 0.72918 -33.1692 -0.560506 1.67785 6.25892 0.017614 1.99006 -34.5633 -5.17465 -3.33014 -5.71992 -15.1946 -0.66651 -8.45602 10.6902 -5.96354e-16 -5.59082e-16 -1.27471e-14 
315.686 78.4322 435.76 4.99653 -3.89567 60.5539 0 4.34476 -0.984994 -0.636314 3.06635 0.210549 0 4.80497 0.916596 -0.24495 2.72836 0.0389888 -8.77771e-18 5.1242 0.0983897 -0.0526351 2.76631 0.121948 -9.44946e-18 5.56568 -0.37943 0.100471 2.28837 0.158835 -1.68784e-17 6.50642 -1.28831 0.321308 1.52559 0.109885 -2.16702e-17 8.12491 -0.78234 0.593491 1.22484 -0.233898 -2.48435e-17 9.02658 1.34903 -0.0517737 1.01664 0.126295 -1.10523e-17 4.09476 0.611966 0.183751 -3.31797 -3.13224 -1.54981e-17 4.1244 0.360838 0.8022 -6.12525 -1.54975 -1.71918e-17 4.13237 0.654504 1.4314 -5.36456 0.655222 1.05481 -6.50798 6.44505 -1.77541 4.47837 -3.67443 11.0826 2.77992 -2.79636 -82.804 22.4143 -5.22268 24.9873 0.0511653 0.117236 1.65069 -0.106614 -7.97968 20.7319 0.0424511 0.0972706 1.28985 -24.6241 -2.73414 -1.05481 -6.50797 6.44497 5.64071 6.71937 4.19863 -11.0826 2.77992 -2.79636 78.0714 13.9152 3.80345 -24.9873 0.0511653 0.117236 -0.563355 -0.010327 2.71554 -20.7319 0.042451 0.0972707 -1.75859 7.99448 4.77601 7.90195 -3.59782 1.73896 -0.651759 -1.02832 -21.3185 -0.72918 -33.1692 -0.560506 -1.38518 5.17052 -0.0277608 -1.99006 -34.5633 -5.17465 1.76776 -3.9879 15.1972 0.66651 -8.45602 10.6902 -3.29261e-16 -8.06205e-16 2.349e-17 -7.90195 -3.59782 1.73896 -0.475933 2.85881 13.6524 0.72918 -33.1692 -0.560506 1.6673 6.21976 0.0180765 1.99006 -34.5633 -5.17465 -3.34285 -5.73261 -15.1945 -0.66651 -8.45602 10.6902 -5.96354e-16 -5.59082e-16 -1.27471e-14 
315.683 78.4291 435.758 4.98934 -3.88203 60.5656 0 4.34476 -0.984994 -0.643781 3.07789 0.207358 0 4.80497 0.916596 -0.250095 2.73443 0.0349357 -8.77771e-18 5.1242 0.0983897 -0.0561094 2.76606 0.118 -9.44946e-18 5.56568 -0.37943 0.0986714 2.27775 0.154804 -1.68784e-17 6.50642 -1.28831 0.320354 1.50883 0.105962 -2.16702e-17 8.12491 -0.78234 0.592901 1.20257 -0.237935 -2.48435e-17 9.02658 1.34903 -0.0516649 1.01808 0.126237 -1.10523e-17 4.09476 0.611966 0.187255 -3.30801 -3.12052 -1.54981e-17 4.1244 0.360838 0.804247 -6.11723 -1.5441 -1.71918e-17 4.13237 0.654504 1.43207 -5.35166 0.652299 1.05481 -6.50798 6.44505 -1.74774 4.48414 -3.66738 11.0826 2.77992 -2.79636 -82.8447 22.4147 -5.20149 24.9873 0.0511653 0.117236 1.65068 -0.106612 -7.97961 20.7319 0.0424511 0.0972706 1.31114 -24.6363 -2.71859 -1.05481 -6.50797 6.44497 5.61328 6.72609 4.1907 -11.0826 2.77992 -2.79636 78.1057 13.892 3.74272 -24.9873 0.0511653 0.117236 -0.562166 -0.0102768 2.7098 -20.7319 0.042451 0.0972707 -1.74631 8.00737 4.75913 7.90195 -3.59782 1.73896 -0.65863 -1.04499 -21.3168 -0.72918 -33.1692 -0.560506 -1.38527 5.17086 -0.0277585 -1.99006 -34.5633 -5.17465 1.77296 -3.99532 15.1974 0.66651 -8.45602 10.6902 -1.86122e-17 -7.96497e-16 1.37822e-17 -7.90195 -3.59782 1.73896 -0.482481 2.86471 13.6482 0.72918 -33.1692 -0.560506 1.65874 6.18797 0.0184465 1.99006 -34.5633 -5.17465 -3.34119 -5.75174 -15.1958 -0.66651 -8.45602 10.6902 -5.96354e-16 -5.59082e-16 -1.27471e-14 
315.687 78.4326 435.764 4.9679 -3.863 60.5709 0 4.34476 -0.984994 -0.6506 3.06643 0.20607 0 4.80497 0.916596 -0.255041 2.72624 0.0328294 -8.77771e-18 5.1242 0.0983897 -0.0595119 2.76014 0.115806 -9.44946e-18 5.56568 -0.37943 0.0967004 2.27527 0.152581 -1.68784e-17 6.50642 -1.28831 0.319405 1.50871 0.103967 -2.16702e-17 8.12491 -0.78234 0.592906 1.20278 -0.239965 -2.48435e-17 9.02658 1.34903 -0.0516818 1.01725 0.126013 -1.10523e-17 4.09476 0.611966 0.191909 -3.29046 -3.10124 -1.54981e-17 4.1244 0.360838 0.808582 -6.1118 -1.53517 -1.71918e-17 4.13237 0.654504 1.43152 -5.36237 0.653136 1.05481 -6.50798 6.44505 -1.72662 4.47385 -3.65085 11.0826 2.77992 -2.79636 -82.892 22.3709 -5.1861 24.9873 0.0511653 0.117236 1.64986 -0.106503 -7.97567 20.7319 0.0424511 0.0972706 1.35297 -24.5368 -2.71142 -1.05481 -6.50797 6.44497 5.60166 6.71877 4.17321 -11.0826 2.77992 -2.79636 78.146 13.8457 3.69875 -24.9873 0.0511653 0.117236 -0.55907 -0.0101466 2.69486 -20.7319 0.042451 0.0972707 -1.76511 8.05734 4.74163 7.90195 -3.59782 1.73896 -0.661531 -1.0694 -21.3055 -0.72918 -33.1692 -0.560506 -1.38523 5.17073 -0.0277593 -1.99006 -34.5633 -5.17465 1.78068 -3.98067 15.1967 0.66651 -8.45602 10.6902 2.48481e-17 -7.95139e-16 1.2424e-17 -7.90195 -3.59782 1.73896 -0.481497 2.87062 13.6463 0.72918 -33.1692 -0.560506 1.6453 6.13803 0.0190182 1.99006 -34.5633 -5.17465 -3.34672 -5.73781 -15.1943 -0.66651 -8.45602 10.6902 -5.96354e-16 -5.59082e-16 -1.27471e-14 
315.687 78.434 435.767 4.97656 -3.85551 60.571 0 4.34476 -0.984994 -0.659116 3.07051 0.207483 0 4.80497 0.916596 -0.261962 2.72843 0.0332341 -8.77771e-18 5.1242 0.0983897 -0.064839 2.76045 0.116195 -9.44946e-18 5.56568 -0.37943 0.0928957 2.27193 0.152946 -1.68784e-17 6.50642 -1.28831 0.317412 1.50283 0.104952 -2.16702e-17 8.12491 -0.78234 0.593162 1.19518 -0.238753 -2.48435e-17 9.02658 1.34903 -0.0516967 1.01755 0.125983 -1.10523e-17 4.09476 0.611966 0.196323 -3.27637 -3.08272 -1.54981e-17 4.1244 0.360838 0.817967 -6.11147 -1.52627 -1.71918e-17 4.13237 0.654504 1.44325 -5.35892 0.651761 1.05481 -6.50798 6.44505 -1.713 4.46822 -3.64134 11.0826 2.77992 -2.79636 -82.9213 22.2954 -5.17816 24.9873 0.0511653 0.117236 1.64958 -0.106465 -7.9743 20.7319 0.0424511 0.0972706 1.39743 -24.3674 -2.69825 -1.05481 -6.50797 6.44497 5.58365 6.71595 4.15745 -11.0826 2.77992 -2.79636 78.1922 13.7814 3.6573 -24.9873 0.0511653 0.117236 -0.555609 -0.0100021 2.67817 -20.7319 0.042451 0.0972707 -1.76968 8.13365 4.73018 7.90195 -3.59782 1.73896 -0.668949 -1.06433 -21.2913 -0.72918 -33.1692 -0.560506 -1.38484 5.16925 -0.0277693 -1.99006 -34.5633 -5.17465 1.77849 -3.96862 15.1966 0.66651 -8.45602 10.6902 2.48481e-17 -7.95139e-16 1.2424e-17 -7.90195 -3.59782 1.73896 -0.488565 2.8859 13.6562 0.72918 -33.1692 -0.560506 1.64053 6.12032 0.019218 1.99006 -34.5633 -5.17465 -3.34885 -5.73488 -15.1933 -0.66651 -8.45602 10.6902 -5.96354e-16 -5.59082e-16 -1.27471e-14 
315.687 78.4348 435.769 4.97689 -3.85524 60.567 0 4.34476 -0.984994 -0.663483 3.07507 0.207532 0 4.80497 0.916596 -0.264928 2.73144 0.032691 -8.77771e-18 5.1242 0.0983897 -0.0666617 2.76201 0.115671 -9.44946e-18 5.56568 -0.37943 0.0921142 2.27053 0.152447 -1.68784e-17 6.50642 -1.28831 0.31773 1.49926 0.104495 -2.16702e-17 8.12491 -0.78234 0.594655 1.19027 -0.239546 -2.48435e-17 9.02658 1.34903 -0.0518221 1.0174 0.125867 -1.10523e-17 4.09476 0.611966 0.204473 -3.25714 -3.0564 -1.54981e-17 4.1244 0.360838 0.836079 -6.11609 -1.51361 -1.71918e-17 4.13237 0.654504 1.45798 -5.36959 0.653398 1.05481 -6.50798 6.44505 -1.69663 4.4607 -3.63243 11.0826 2.77992 -2.79636 -82.9582 22.2217 -5.17574 24.9873 0.0511653 0.117236 1.6507 -0.106615 -7.97972 20.7319 0.0424511 0.0972706 1.44002 -24.1915 -2.67857 -1.05481 -6.50797 6.44497 5.56456 6.71083 4.14106 -11.0826 2.77992 -2.79636 78.2434 13.7442 3.62909 -24.9873 0.0511653 0.117236 -0.553127 -0.00989911 2.66619 -20.7319 0.042451 0.0972707 -1.78928 8.19804 4.7351 7.90195 -3.59782 1.73896 -0.664108 -1.05879 -21.2782 -0.72918 -33.1692 -0.560506 -1.38305 5.16259 -0.0278141 -1.99006 -34.5633 -5.17465 1.77326 -3.96819 15.1974 0.66651 -8.45602 10.6902 2.48481e-17 -7.95139e-16 1.2424e-17 -7.90195 -3.59782 1.73896 -0.48557 2.88542 13.675 0.72918 -33.1692 -0.560506 1.64132 6.12325 0.019185 1.99006 -34.5633 -5.17465 -3.34427 -5.73335 -15.1931 -0.66651 -8.45602 10.6902 -5.96354e-16 -5.59082e-16 -1.27471e-14 
315.686 78.4358 435.772 4.97004 -3.87213 60.5553 0 4.34476 -0.984994 -0.659189 3.08351 0.206088 0 4.80497 0.916596 -0.260661 2.73693 0.0317476 -8.77771e-18 5.1242 0.0983897 -0.0628846 2.76454 0.114802 -9.44946e-18 5.56568 -0.37943 0.0953404 2.26799 0.151624 -1.68784e-17 6.50642 -1.28831 0.320235 1.49315 0.103003 -2.16702e-17 8.12491 -0.78234 0.596128 1.1817 -0.241465 -2.48435e-17 9.02658 1.34903 -0.0520875 1.01732 0.125594 -1.10523e-17 4.09476 0.611966 0.21347 -3.2332 -3.03204 -1.54981e-17 4.1244 0.360838 0.85724 -6.11431 -1.50167 -1.71918e-17 4.13237 0.654504 1.48611 -5.37288 0.662528 1.05481 -6.50798 6.44505 -1.69071 4.4562 -3.6314 11.0826 2.77992 -2.79636 -82.9909 22.137 -5.17437 24.9873 0.0511653 0.117236 1.65073 -0.10662 -7.97988 20.7319 0.0424511 0.0972706 1.47924 -24.0182 -2.65717 -1.05481 -6.50797 6.44497 5.53305 6.70238 4.12281 -11.0826 2.77992 -2.79636 78.2956 13.7484 3.60177 -24.9873 0.0511653 0.117236 -0.553332 -0.00990764 2.66718 -20.7319 0.042451 0.0972707 -1.78764 8.23484 4.74581 7.90195 -3.59782 1.73896 -0.639618 -1.04647 -21.2555 -0.72918 -33.1692 -0.560506 -1.38007 5.1515 -0.0278883 -1.99006 -34.5633 -5.17465 1.77689 -3.97614 15.1984 0.66651 -8.45602 10.6902 2.48481e-17 -7.95139e-16 1.2424e-17 -7.90195 -3.59782 1.73896 -0.46344 2.88531 13.702 0.72918 -33.1692 -0.560506 1.64205 6.12595 0.0191547 1.99006 -34.5633 -5.17465 -3.33959 -5.71864 -15.1905 -0.66651 -8.45602 10.6902 -5.96354e-16 -5.59082e-16 -1.27471e-14 
315.685 78.4372 435.774 4.97457 -3.88548 60.5541 0 4.34476 -0.984994 -0.655279 3.09787 0.203542 0 4.80497 0.916596 -0.256449 2.74614 0.0296681 -8.77771e-18 5.1242 0.0983897 -0.0589226 2.76865 0.112874 -9.44946e-18 5.56568 -0.37943 0.099028 2.26374 0.149769 -1.68784e-17 6.50642 -1.28831 0.323276 1.48335 0.100361 -2.16702e-17 8.12491 -0.78234 0.598049 1.16812 -0.244914 -2.48435e-17 9.02658 1.34903 -0.0523919 1.01812 0.125363 -1.10523e-17 4.09476 0.611966 0.222795 -3.21523 -3.01498 -1.54981e-17 4.1244 0.360838 0.885741 -6.1046 -1.4929 -1.71918e-17 4.13237 0.654504 1.5234 -5.35657 0.669503 1.05481 -6.50798 6.44505 -1.69405 4.45889 -3.63679 11.0826 2.77992 -2.79636 -83.0207 22.0476 -5.17636 24.9873 0.0511653 0.117236 1.65011 -0.106536 -7.97686 20.7319 0.0424511 0.0972706 1.53454 -23.8498 -2.61779 -1.05481 -6.50797 6.44497 5.50387 6.69715 4.10901 -11.0826 2.77992 -2.79636 78.3458 13.7618 3.56969 -24.9873 0.0511653 0.117236 -0.556157 -0.010025 2.68081 -20.7319 0.042451 0.0972707 -1.78383 8.25088 4.75184 7.90195 -3.59782 1.73896 -0.625218 -1.02869 -21.2412 -0.72918 -33.1692 -0.560506 -1.37742 5.14165 -0.0279537 -1.99006 -34.5633 -5.17465 1.77443 -3.97557 15.1993 0.66651 -8.45602 10.6902 2.48481e-17 -7.95139e-16 1.2424e-17 -7.90195 -3.59782 1.73896 -0.450345 2.89141 13.7142 0.72918 -33.1692 -0.560506 1.6443 6.1343 0.0190604 1.99006 -34.5633 -5.17465 -3.33607 -5.7065 -15.1887 -0.66651 -8.45602 10.6902 -5.96354e-16 -5.59082e-16 -1.27471e-14 
315.685 78.438 435.776 4.97523 -3.88687 60.5541 0 4.34476 -0.984994 -0.651803 3.11132 0.202077 0 4.80497 0.916596 -0.252715 2.7542 0.0286435 -8.77771e-18 5.1242 0.0983897 -0.0553286 2.77128 0.112079 -9.44946e-18 5.56568 -0.37943 0.102408 2.2574 0.149091 -1.68784e-17 6.50642 -1.28831 0.326357 1.4714 0.0989851 -2.16702e-17 8.12491 -0.78234 0.600473 1.1521 -0.24726 -2.48435e-17 9.02658 1.34903 -0.0526658 1.01905 0.125097 -1.10523e-17 4.09476 0.611966 0.232207 -3.18845 -3.00583 -1.54981e-17 4.1244 0.360838 0.91918 -6.08529 -1.48764 -1.71918e-17 4.13237 0.654504 1.56104 -5.33554 0.672841 1.05481 -6.50798 6.44505 -1.69588 4.46222 -3.64126 11.0826 2.77992 -2.79636 -83.0498 21.9624 -5.17707 24.9873 0.0511653 0.117236 1.64839 -0.106304 -7.96847 20.7319 0.0424511 0.0972706 1.57703 -23.7047 -2.5964 -1.05481 -6.50797 6.44497 5.46999 6.69198 4.09107 -11.0826 2.77992 -2.79636 78.4002 13.7994 3.53232 -24.9873 0.0511653 0.117236 -0.559433 -0.010162 2.69662 -20.7319 0.042451 0.0972707 -1.77695 8.24698 4.76931 7.90195 -3.59782 1.73896 -0.61996 -1.02805 -21.2246 -0.72918 -33.1692 -0.560506 -1.37827 5.14481 -0.0279327 -1.99006 -34.5633 -5.17465 1.76826 -3.97633 15.1998 0.66651 -8.45602 10.6902 2.48481e-17 -7.95139e-16 1.2424e-17 -7.90195 -3.59782 1.73896 -0.445664 2.89766 13.7227 0.72918 -33.1692 -0.560506 1.6425 6.12765 0.0191355 1.99006 -34.5633 -5.17465 -3.33782 -5.70232 -15.1876 -0.66651 -8.45602 10.6902 -5.96354e-16 -5.59082e-16 -1.27471e-14 
315.684 78.4385 435.777 4.97523 -3.88687 60.5541 0 4.34476 -0.984994 -0.648258 3.12246 0.202247 0 4.80497 0.916596 -0.249399 2.76045 0.02937 -8.77771e-18 5.1242 0.0983897 -0.052432 2.7727 0.112975 -9.44946e-18 5.56568 -0.37943 0.104838 2.25057 0.150049 -1.68784e-17 6.50642 -1.28831 0.328584 1.45989 0.0994641 -2.16702e-17 8.12491 -0.78234 0.602411 1.13692 -0.247487 -2.48435e-17 9.02658 1.34903 -0.0528744 1.01999 0.12476 -1.10523e-17 4.09476 0.611966 0.240431 -3.14646 -3.00157 -1.54981e-17 4.1244 0.360838 0.944769 -6.06417 -1.48486 -1.71918e-17 4.13237 0.654504 1.591 -5.31687 0.671376 1.05481 -6.50798 6.44505 -1.69815 4.46299 -3.64392 11.0826 2.77992 -2.79636 -83.0742 21.8893 -5.16935 24.9873 0.0511653 0.117236 1.64857 -0.106329 -7.96939 20.7319 0.0424511 0.0972706 1.60794 -23.6062 -2.61343 -1.05481 -6.50797 6.44497 5.43275 6.68226 4.0672 -11.0826 2.77992 -2.79636 78.4673 13.8416 3.48771 -24.9873 0.0511653 0.117236 -0.56426 -0.0103655 2.71991 -20.7319 0.042451 0.0972707 -1.76788 8.23982 4.77957 7.90195 -3.59782 1.73896 -0.617746 -1.03063 -21.2049 -0.72918 -33.1692 -0.560506 -1.38003 5.15136 -0.0278892 -1.99006 -34.5633 -5.17465 1.77236 -3.97534 15.2004 0.66651 -8.45602 10.6902 2.48481e-17 -7.95139e-16 1.2424e-17 -7.90195 -3.59782 1.73896 -0.44161 2.90675 13.7341 0.72918 -33.1692 -0.560506 1.63878 6.11382 0.019291 1.99006 -34.5633 -5.17465 -3.34228 -5.69851 -15.1863 -0.66651 -8.45602 10.6902 -5.96354e-16 -5.59082e-16 -1.27471e-14 
315.683 78.4391 435.78 4.97438 -3.88711 60.5422 0 4.34476 -0.984994 -0.646483 3.13316 0.202992 0 4.80497 0.916596 -0.24758 2.76614 0.0306326 -8.77771e-18 5.1242 0.0983897 -0.0505804 2.77374 0.11456 -9.44946e-18 5.56568 -0.37943 0.106717 2.24328 0.151729 -1.68784e-17 6.50642 -1.28831 0.330986 1.44833 0.100768 -2.16702e-17 8.12491 -0.78234 0.605402 1.122 -0.247113 -2.48435e-17 9.02658 1.34903 -0.0527898 1.02111 0.1246 -1.10523e-17 4.09476 0.611966 0.250115 -3.09795 -2.99711 -1.54981e-17 4.1244 0.360838 0.971136 -6.04182 -1.48187 -1.71918e-17 4.13237 0.654504 1.61738 -5.29638 0.672057 1.05481 -6.50798 6.44505 -1.69436 4.46306 -3.64451 11.0826 2.77992 -2.79636 -83.0906 21.8618 -5.15829 24.9873 0.0511653 0.117236 1.65224 -0.106823 -7.98721 20.7319 0.0424511 0.0972706 1.61437 -23.5721 -2.63084 -1.05481 -6.50797 6.44497 5.39968 6.67359 4.04547 -11.0826 2.77992 -2.79636 78.5363 13.8876 3.44218 -24.9873 0.0511653 0.117236 -0.570452 -0.0106293 2.74978 -20.7319 0.042451 0.0972707 -1.76847 8.24005 4.77815 7.90195 -3.59782 1.73896 -0.613733 -1.02985 -21.1801 -0.72918 -33.1692 -0.560506 -1.38059 5.15344 -0.0278753 -1.99006 -34.5633 -5.17465 1.78045 -3.97335 15.2007 0.66651 -8.45602 10.6902 2.48481e-17 -7.95139e-16 1.2424e-17 -7.90195 -3.59782 1.73896 -0.437145 2.90691 13.7495 0.72918 -33.1692 -0.560506 1.63854 6.11293 0.019301 1.99006 -34.5633 -5.17465 -3.34033 -5.69749 -15.1859 -0.66651 -8.45602 10.6902 -5.96354e-16 -5.59082e-16 -1.27471e-14 
315.682 78.4397 435.783 4.9665 -3.90436 60.5256 0 4.34476 -0.984994 -0.639837 3.14426 0.20065 0 4.80497 0.916596 -0.241211 2.7722 0.0293221 -8.77771e-18 5.1242 0.0983897 -0.0449169 2.77484 0.113532 -9.44946e-18 5.56568 -0.37943 0.111693 2.23582 0.150746 -1.68784e-17 6.50642 -1.28831 0.335 1.43642 0.0988392 -2.16702e-17 8.12491 -0.78234 0.607903 1.10624 -0.250092 -2.48435e-17 9.02658 1.34903 -0.0527528 1.02213 0.124345 -1.10523e-17 4.09476 0.611966 0.262563 -3.04651 -2.97592 -1.54981e-17 4.1244 0.360838 0.993273 -6.02024 -1.47133 -1.71918e-17 4.13237 0.654504 1.64564 -5.27599 0.676423 1.05481 -6.50798 6.44505 -1.68465 4.46127 -3.64121 11.0826 2.77992 -2.79636 -83.1147 21.85 -5.14246 24.9873 0.0511653 0.117236 1.65762 -0.107551 -8.01339 20.7319 0.0424511 0.0972706 1.61651 -23.5496 -2.62411 -1.05481 -6.50797 6.44497 5.36464 6.66194 4.02372 -11.0826 2.77992 -2.79636 78.6074 13.9247 3.40013 -24.9873 0.0511653 0.117236 -0.577762 -0.0109449 2.78505 -20.7319 0.042451 0.0972707 -1.78189 8.27366 4.78173 7.90195 -3.59782 1.73896 -0.588603 -1.02593 -21.1596 -0.72918 -33.1692 -0.560506 -1.38174 5.1577 -0.0278469 -1.99006 -34.5633 -5.17465 1.78576 -3.98616 15.2019 0.66651 -8.45602 10.6902 2.48481e-17 -7.95139e-16 1.2424e-17 -7.90195 -3.59782 1.73896 -0.413768 2.91339 13.7533 0.72918 -33.1692 -0.560506 1.63571 6.10242 0.0194186 1.99006 -34.5633 -5.17465 -3.33395 -5.68404 -15.1836 -0.66651 -8.45602 10.6902 -5.96354e-16 -5.59082e-16 -1.27471e-14 
315.682 78.4423 435.785 4.97815 -3.92841 60.5399 0 4.34476 -0.984994 -0.633326 3.15472 0.194197 0 4.80497 0.916596 -0.234274 2.77867 0.02385 -8.77771e-18 5.1242 0.0983897 -0.0385113 2.77756 0.108194 -9.44946e-18 5.56568 -0.37943 0.117653 2.23236 0.14538 -1.68784e-17 6.50642 -1.28831 0.339159 1.42926 0.0922657 -2.16702e-17 8.12491 -0.78234 0.60917 1.09573 -0.257649 -2.48435e-17 9.02658 1.34903 -0.0527923 1.02305 0.12399 -1.10523e-17 4.09476 0.611966 0.274469 -2.99693 -2.95606 -1.54981e-17 4.1244 0.360838 1.00859 -6.00068 -1.46165 -1.71918e-17 4.13237 0.654504 1.66559 -5.25727 0.678213 1.05481 -6.50798 6.44505 -1.67822 4.4571 -3.63882 11.0826 2.77992 -2.79636 -83.1364 21.855 -5.13756 24.9873 0.0511653 0.117236 1.66123 -0.10804 -8.03092 20.7319 0.0424511 0.0972706 1.62729 -23.5287 -2.58812 -1.05481 -6.50797 6.44497 5.33273 6.64594 4.01045 -11.0826 2.77992 -2.79636 78.6706 13.9285 3.3567 -24.9873 0.0511653 0.117236 -0.585094 -0.011266 2.82043 -20.7319 0.042451 0.0972707 -1.80095 8.36098 4.7753 7.90195 -3.59782 1.73896 -0.569906 -0.995816 -21.1503 -0.72918 -33.1692 -0.560506 -1.3781 5.14416 -0.0279371 -1.99006 -34.5633 -5.17465 1.78819 -3.97991 15.2018 0.66651 -8.45602 10.6902 2.48481e-17 -7.95139e-16 1.2424e-17 -7.90195 -3.59782 1.73896 -0.395266 2.96347 13.7027 0.72918 -33.1692 -0.560506 1.62281 6.05447 0.0199481 1.99006 -34.5633 -5.17465 -3.32738 -5.65523 -15.1793 -0.66651 -8.45602 10.6902 -5.96354e-16 -5.59082e-16 -1.27471e-14 
315.683 78.4447 435.785 4.99212 -3.95318 60.566 0 4.34476 -0.984994 -0.624397 3.16578 0.187985 0 4.80497 0.916596 -0.225573 2.78575 0.0188995 -8.77771e-18 5.1242 0.0983897 -0.0309918 2.78095 0.103295 -9.44946e-18 5.56568 -0.37943 0.123979 2.22971 0.140449 -1.68784e-17 6.50642 -1.28831 0.342929 1.42257 0.0861175 -2.16702e-17 8.12491 -0.78234 0.609375 1.08581 -0.264439 -2.48435e-17 9.02658 1.34903 -0.0527427 1.02406 0.123562 -1.10523e-17 4.09476 0.611966 0.285401 -2.94572 -2.93549 -1.54981e-17 4.1244 0.360838 1.01906 -5.98994 -1.45178 -1.71918e-17 4.13237 0.654504 1.66777 -5.25089 0.673888 1.05481 -6.50798 6.44505 -1.66643 4.45282 -3.63905 11.0826 2.77992 -2.79636 -83.1589 21.8781 -5.14084 24.9873 0.0511653 0.117236 1.66203 -0.108149 -8.0348 20.7319 0.0424511 0.0972706 1.62863 -23.5253 -2.56629 -1.05481 -6.50797 6.44497 5.29792 6.63087 3.99904 -11.0826 2.77992 -2.79636 78.723 13.9484 3.3149 -24.9873 0.0511653 0.117236 -0.589676 -0.011469 2.84254 -20.7319 0.042451 0.0972707 -1.80851 8.41576 4.78067 7.90195 -3.59782 1.73896 -0.551371 -0.970186 -21.152 -0.72918 -33.1692 -0.560506 -1.37708 5.14035 -0.0279623 -1.99006 -34.5633 -5.17465 1.77845 -3.97785 15.2015 0.66651 -8.45602 10.6902 2.48481e-17 -7.95139e-16 1.2424e-17 -7.90195 -3.59782 1.73896 -0.373517 3.03819 13.6081 0.72918 -33.1692 -0.560506 1.5996 5.96822 0.0208734 1.99006 -34.5633 -5.17465 -3.34348 -5.61464 -15.1733 -0.66651 -8.45602 10.6902 -5.96354e-16 -5.59082e-16 -1.27471e-14 
315.684 78.4474 435.784 5.00799 -3.97732 60.6089 0 4.34476 -0.984994 -0.614475 3.17545 0.18207 0 4.80497 0.916596 -0.216209 2.79218 0.0145199 -8.77771e-18 5.1242 0.0983897 -0.0231742 2.78469 0.0989307 -9.44946e-18 5.56568 -0.37943 0.130247 2.22898 0.136058 -1.68784e-17 6.50642 -1.28831 0.346329 1.41849 0.0806046 -2.16702e-17 8.12491 -0.78234 0.609064 1.07914 -0.270334 -2.48435e-17 9.02658 1.34903 -0.0527596 1.02473 0.12306 -1.10523e-17 4.09476 0.611966 0.294047 -2.89359 -2.92464 -1.54981e-17 4.1244 0.360838 1.02649 -5.98518 -1.44643 -1.71918e-17 4.13237 0.654504 1.66619 -5.25908 0.668385 1.05481 -6.50798 6.44505 -1.65722 4.44732 -3.64172 11.0826 2.77992 -2.79636 -83.1847 21.8928 -5.14875 24.9873 0.0511653 0.117236 1.66194 -0.108136 -8.03437 20.7319 0.0424511 0.0972706 1.64442 -23.5017 -2.55425 -1.05481 -6.50797 6.44497 5.26101 6.61372 3.98749 -11.0826 2.77992 -2.79636 78.7725 13.9723 3.27223 -24.9873 0.0511653 0.117236 -0.593154 -0.0116243 2.85932 -20.7319 0.042451 0.0972707 -1.79741 8.4283 4.78485 7.90195 -3.59782 1.73896 -0.537601 -0.95272 -21.1712 -0.72918 -33.1692 -0.560506 -1.37973 5.15025 -0.0278966 -1.99006 -34.5633 -5.17465 1.77243 -3.97349 15.2013 0.66651 -8.45602 10.6902 2.48481e-17 -7.95139e-16 1.2424e-17 -7.90195 -3.59782 1.73896 -0.353645 3.13937 13.4998 0.72918 -33.1692 -0.560506 1.56492 5.8393 0.0221905 1.99006 -34.5633 -5.17465 -3.35223 -5.57004 -15.1677 -0.66651 -8.45602 10.6902 -5.96354e-16 -5.59082e-16 -1.27471e-14 
315.684 78.4506 435.782 5.02411 -4.00138 60.6538 0 4.34476 -0.984994 -0.604164 3.18188 0.176703 0 4.80497 0.916596 -0.206719 2.79675 0.0106402 -8.77771e-18 5.1242 0.0983897 -0.0154355 2.78813 0.0950773 -9.44946e-18 5.56568 -0.37943 0.136202 2.23015 0.132156 -1.68784e-17 6.50642 -1.28831 0.34934 1.41769 0.0757213 -2.16702e-17 8.12491 -0.78234 0.60842 1.07714 -0.27534 -2.48435e-17 9.02658 1.34903 -0.0527982 1.02519 0.122485 -1.10523e-17 4.09476 0.611966 0.301504 -2.84056 -2.91598 -1.54981e-17 4.1244 0.360838 1.03005 -5.97516 -1.44218 -1.71918e-17 4.13237 0.654504 1.65933 -5.26307 0.664262 1.05481 -6.50798 6.44505 -1.65242 4.44026 -3.6464 11.0826 2.77992 -2.79636 -83.2055 21.9024 -5.15993 24.9873 0.0511653 0.117236 1.66201 -0.108146 -8.0347 20.7319 0.0424511 0.0972706 1.6636 -23.4611 -2.54515 -1.05481 -6.50797 6.44497 5.23106 6.59513 3.97781 -11.0826 2.77992 -2.79636 78.8127 13.9881 3.23217 -24.9873 0.0511653 0.117236 -0.596517 -0.0117753 2.87555 -20.7319 0.042451 0.0972707 -1.79375 8.40785 4.78595 7.90195 -3.59782 1.73896 -0.522589 -0.923854 -21.1882 -0.72918 -33.1692 -0.560506 -1.37655 5.13838 -0.0279753 -1.99006 -34.5633 -5.17465 1.76596 -3.96296 15.2003 0.66651 -8.45602 10.6902 2.48481e-17 -7.95139e-16 1.2424e-17 -7.90195 -3.59782 1.73896 -0.333253 3.26114 13.4054 0.72918 -33.1692 -0.560506 1.51996 5.67212 0.0237813 1.99006 -34.5633 -5.17465 -3.35527 -5.51827 -15.1622 -0.66651 -8.45602 10.6902 -5.96354e-16 -5.59082e-16 -1.27471e-14 
315.686 78.4518 435.779 5.02559 -4.01887 60.7146 0 4.34476 -0.984994 -0.593775 3.18423 0.170152 0 4.80497 0.916596 -0.196956 2.7983 0.00574663 -8.77771e-18 5.1242 0.0983897 -0.00733879 2.78895 0.090327 -9.44946e-18 5.56568 -0.37943 0.142676 2.22983 0.127402 -1.68784e-17 6.50642 -1.28831 0.352699 1.41622 0.0699301 -2.16702e-17 8.12491 -0.78234 0.60788 1.07424 -0.281444 -2.48435e-17 9.02658 1.34903 -0.0527032 1.02553 0.1219 -1.10523e-17 4.09476 0.611966 0.309922 -2.79269 -2.90114 -1.54981e-17 4.1244 0.360838 1.03576 -5.95821 -1.43495 -1.71918e-17 4.13237 0.654504 1.64771 -5.25491 0.650395 1.05481 -6.50798 6.44505 -1.64326 4.43307 -3.64806 11.0826 2.77992 -2.79636 -83.2321 21.9154 -5.16968 24.9873 0.0511653 0.117236 1.66256 -0.108221 -8.03741 20.7319 0.0424511 0.0972706 1.68535 -23.4021 -2.51652 -1.05481 -6.50797 6.44497 5.20068 6.57661 3.9698 -11.0826 2.77992 -2.79636 78.8428 13.9965 3.18918 -24.9873 0.0511653 0.117236 -0.600764 -0.0119675 2.89604 -20.7319 0.042451 0.0972707 -1.77498 8.36383 4.78127 7.90195 -3.59782 1.73896 -0.510413 -0.924636 -21.2247 -0.72918 -33.1692 -0.560506 -1.37967 5.15003 -0.0278981 -1.99006 -34.5633 -5.17465 1.76743 -3.96533 15.2001 0.66651 -8.45602 10.6902 -3.29256e-16 -8.06204e-16 2.34898e-17 -7.90195 -3.59782 1.73896 -0.312347 3.38058 13.3151 0.72918 -33.1692 -0.560506 1.46945 5.48421 0.0254115 1.99006 -34.5633 -5.17465 -3.35274 -5.47484 -15.1582 -0.66651 -8.45602 10.6902 -5.96354e-16 -5.59082e-16 -1.27471e-14 
315.688 78.4539 435.776 5.0296 -4.04719 60.7737 0 4.34476 -0.984994 -0.582215 3.19339 0.164486 0 4.80497 0.916596 -0.186036 2.80354 0.00156762 -8.77771e-18 5.1242 0.0983897 0.0017884 2.7904 0.0863433 -9.44946e-18 5.56568 -0.37943 0.15005 2.22449 0.123395 -1.68784e-17 6.50642 -1.28831 0.357066 1.40663 0.064796 -2.16702e-17 8.12491 -0.78234 0.608378 1.06154 -0.287102 -2.48435e-17 9.02658 1.34903 -0.052536 1.02687 0.121573 -1.10523e-17 4.09476 0.611966 0.317709 -2.76463 -2.89111 -1.54981e-17 4.1244 0.360838 1.04452 -5.93928 -1.42975 -1.71918e-17 4.13237 0.654504 1.6545 -5.23025 0.651767 1.05481 -6.50798 6.44505 -1.64592 4.43706 -3.65553 11.0826 2.77992 -2.79636 -83.2566 21.9312 -5.16156 24.9873 0.0511653 0.117236 1.66205 -0.108151 -8.0349 20.7319 0.0424511 0.0972706 1.69977 -23.398 -2.50064 -1.05481 -6.50797 6.44497 5.18032 6.57025 3.96759 -11.0826 2.77992 -2.79636 78.8632 13.9701 3.14152 -24.9873 0.0511653 0.117236 -0.604645 -0.0121444 2.91477 -20.7319 0.042451 0.0972707 -1.77124 8.34243 4.76639 7.90195 -3.59782 1.73896 -0.490737 -0.919452 -21.2603 -0.72918 -33.1692 -0.560506 -1.38397 5.16601 -0.0277911 -1.99006 -34.5633 -5.17465 1.78251 -3.96607 15.1991 0.66651 -8.45602 10.6902 -1.8617e-17 -7.96497e-16 1.37823e-17 -7.90195 -3.59782 1.73896 -0.280957 3.5044 13.2386 0.72918 -33.1692 -0.560506 1.41956 5.29853 0.0268585 1.99006 -34.5633 -5.17465 -3.35545 -5.41656 -15.1532 -0.66651 -8.45602 10.6902 -5.96354e-16 -5.59082e-16 -1.27471e-14 
315.69 78.4523 435.772 4.99647 -4.0536 60.8444 0 4.34476 -0.984994 -0.570343 3.19347 0.159529 0 4.80497 0.916596 -0.17468 2.80203 -0.00172692 -8.77771e-18 5.1242 0.0983897 0.0116631 2.78629 0.0833299 -9.44946e-18 5.56568 -0.37943 0.158501 2.21604 0.120489 -1.68784e-17 6.50642 -1.28831 0.363097 1.39589 0.0606968 -2.16702e-17 8.12491 -0.78234 0.61115 1.04797 -0.292286 -2.48435e-17 9.02658 1.34903 -0.0520226 1.02836 0.121649 -1.10523e-17 4.09476 0.611966 0.325552 -2.74016 -2.89144 -1.54981e-17 4.1244 0.360838 1.06327 -5.91788 -1.42894 -1.71918e-17 4.13237 0.654504 1.65529 -5.21483 0.646601 1.05481 -6.50798 6.44505 -1.64108 4.43745 -3.64872 11.0826 2.77992 -2.79636 -83.3052 21.9422 -5.14269 24.9873 0.0511653 0.117236 1.66426 -0.108451 -8.04564 20.7319 0.0424511 0.0972706 1.71792 -23.365 -2.5325 -1.05481 -6.50797 6.44497 5.16656 6.56726 3.9589 -11.0826 2.77992 -2.79636 78.876 13.8871 3.09503 -24.9873 0.0511653 0.117236 -0.607864 -0.012292 2.9303 -20.7319 0.042451 0.0972707 -1.78774 8.37388 4.74551 7.90195 -3.59782 1.73896 -0.473017 -0.965608 -21.3049 -0.72918 -33.1692 -0.560506 -1.39192 5.19563 -0.0275898 -1.99006 -34.5633 -5.17465 1.7914 -3.99272 15.2 0.66651 -8.45602 10.6902 2.48481e-17 -7.95139e-16 1.2424e-17 -7.90195 -3.59782 1.73896 -0.251228 3.57778 13.1746 0.72918 -33.1692 -0.560506 1.37416 5.1295 0.0280342 1.99006 -34.5633 -5.17465 -3.3541 -5.3855 -15.1521 -0.66651 -8.45602 10.6902 -5.96354e-16 -5.59082e-16 -1.27471e-14 
315.692 78.4509 435.769 4.9643 -4.06833 60.9088 0 4.34476 -0.984994 -0.556096 3.1972 0.156321 0 4.80497 0.916596 -0.161594 2.8016 -0.00313968 -8.77771e-18 5.1242 0.0983897 0.0227858 2.78067 0.0822293 -9.44946e-18 5.56568 -0.37943 0.167711 2.20172 0.119496 -1.68784e-17 6.50642 -1.28831 0.369852 1.37684 0.0583889 -2.16702e-17 8.12491 -0.78234 0.614726 1.02458 -0.295485 -2.48435e-17 9.02658 1.34903 -0.0515267 1.03089 0.122207 -1.10523e-17 4.09476 0.611966 0.331272 -2.725 -2.90523 -1.54981e-17 4.1244 0.360838 1.08344 -5.88961 -1.434 -1.71918e-17 4.13237 0.654504 1.67745 -5.17934 0.650576 1.05481 -6.50798 6.44505 -1.64633 4.44421 -3.64527 11.0826 2.77992 -2.79636 -83.3534 21.942 -5.10001 24.9873 0.0511653 0.117236 1.66861 -0.109045 -8.06684 20.7319 0.0424511 0.0972706 1.73042 -23.3471 -2.57673 -1.05481 -6.50797 6.44497 5.15019 6.5766 3.9537 -11.0826 2.77992 -2.79636 78.8802 13.7803 3.04647 -24.9873 0.0511653 0.117236 -0.608361 -0.0123148 2.9327 -20.7319 0.042451 0.0972707 -1.80562 8.44636 4.72101 7.90195 -3.59782 1.73896 -0.447225 -1.00146 -21.336 -0.72918 -33.1692 -0.560506 -1.39752 5.21648 -0.0274455 -1.99006 -34.5633 -5.17465 1.80762 -4.01977 15.2 0.66651 -8.45602 10.6902 2.48481e-17 -7.95139e-16 1.2424e-17 -7.90195 -3.59782 1.73896 -0.214903 3.6348 13.1312 0.72918 -33.1692 -0.560506 1.33767 4.99358 0.0288818 1.99006 -34.5633 -5.17465 -3.36001 -5.34894 -15.1493 -0.66651 -8.45602 10.6902 -5.96354e-16 -5.59082e-16 -1.27471e-14 
315.693 78.4509 435.764 4.94924 -4.09048 60.98 0 4.34476 -0.984994 -0.54396 3.20176 0.153775 0 4.80497 0.916596 -0.15041 2.80219 -0.00410257 -8.77771e-18 5.1242 0.0983897 0.0322105 2.77673 0.0814739 -9.44946e-18 5.56568 -0.37943 0.175457 2.18983 0.1188 -1.68784e-17 6.50642 -1.28831 0.375466 1.36063 0.0566278 -2.16702e-17 8.12491 -0.78234 0.617678 1.00495 -0.297738 -2.48435e-17 9.02658 1.34903 -0.0511593 1.03355 0.123053 -1.10523e-17 4.09476 0.611966 0.335856 -2.70903 -2.9171 -1.54981e-17 4.1244 0.360838 1.09419 -5.86345 -1.43833 -1.71918e-17 4.13237 0.654504 1.69016 -5.14531 0.64531 1.05481 -6.50798 6.44505 -1.65375 4.44994 -3.64299 11.0826 2.77992 -2.79636 -83.3896 21.9487 -5.05424 24.9873 0.0511653 0.117236 1.67601 -0.110057 -8.10283 20.7319 0.0424511 0.0972706 1.73482 -23.3247 -2.62281 -1.05481 -6.50797 6.44497 5.13986 6.59003 3.95429 -11.0826 2.77992 -2.79636 78.874 13.6707 2.99802 -24.9873 0.0511653 0.117236 -0.607205 -0.0122614 2.92712 -20.7319 0.042451 0.0972707 -1.82184 8.54555 4.6968 7.90195 -3.59782 1.73896 -0.424795 -1.01501 -21.3759 -0.72918 -33.1692 -0.560506 -1.40058 5.22785 -0.027366 -1.99006 -34.5633 -5.17465 1.82323 -4.03449 15.2004 0.66651 -8.45602 10.6902 2.48481e-17 -7.95139e-16 1.2424e-17 -7.90195 -3.59782 1.73896 -0.18263 3.69694 13.0957 0.72918 -33.1692 -0.560506 1.30746 4.88105 0.0295177 1.99006 -34.5633 -5.17465 -3.35354 -5.31039 -15.1469 -0.66651 -8.45602 10.6902 -5.96354e-16 -5.59082e-16 -1.27471e-14 
315.694 78.4514 435.759 4.94848 -4.10763 61.0558 0 4.34476 -0.984994 -0.536035 3.20984 0.152129 0 4.80497 0.916596 -0.142736 2.8052 -0.0045153 -8.77771e-18 5.1242 0.0983897 0.0390221 2.77473 0.0814163 -9.44946e-18 5.56568 -0.37943 0.18152 2.17935 0.118893 -1.68784e-17 6.50642 -1.28831 0.380586 1.34471 0.0558482 -2.16702e-17 8.12491 -0.78234 0.621718 0.985739 -0.299077 -2.48435e-17 9.02658 1.34903 -0.0506838 1.03645 0.124264 -1.10523e-17 4.09476 0.611966 0.341444 -2.68985 -2.93267 -1.54981e-17 4.1244 0.360838 1.11345 -5.82917 -1.44394 -1.71918e-17 4.13237 0.654504 1.70001 -5.10128 0.640292 1.05481 -6.50798 6.44505 -1.65761 4.45859 -3.65004 11.0826 2.77992 -2.79636 -83.4063 21.9767 -5.02318 24.9873 0.0511653 0.117236 1.68319 -0.111043 -8.13775 20.7319 0.0424511 0.0972706 1.72017 -23.3299 -2.65009 -1.05481 -6.50797 6.44497 5.13032 6.61411 3.96872 -11.0826 2.77992 -2.79636 78.8534 13.6015 2.95437 -24.9873 0.0511653 0.117236 -0.601615 -0.0120057 2.90014 -20.7319 0.042451 0.0972707 -1.81716 8.60649 4.66787 7.90195 -3.59782 1.73896 -0.41183 -1.01013 -21.4162 -0.72918 -33.1692 -0.560506 -1.399 5.222 -0.027407 -1.99006 -34.5633 -5.17465 1.82311 -4.03813 15.2001 0.66651 -8.45602 10.6902 2.48481e-17 -7.95139e-16 1.2424e-17 -7.90195 -3.59782 1.73896 -0.162327 3.75734 13.0447 0.72918 -33.1692 -0.560506 1.28321 4.79072 0.029985 1.99006 -34.5633 -5.17465 -3.35104 -5.27686 -15.1447 -0.66651 -8.45602 10.6902 -5.96354e-16 -5.59082e-16 -1.27471e-14 
315.695 78.451 435.755 4.93612 -4.13009 61.1165 0 4.34476 -0.984994 -0.528494 3.21694 0.148809 0 4.80497 0.916596 -0.134894 2.80797 -0.00692646 -8.77771e-18 5.1242 0.0983897 0.0460389 2.77267 0.0792434 -9.44946e-18 5.56568 -0.37943 0.187716 2.16898 0.116744 -1.68784e-17 6.50642 -1.28831 0.385209 1.32873 0.0526533 -2.16702e-17 8.12491 -0.78234 0.624317 0.966343 -0.302663 -2.48435e-17 9.02658 1.34903 -0.0505075 1.0388 0.125266 -1.10523e-17 4.09476 0.611966 0.348209 -2.67693 -2.92968 -1.54981e-17 4.1244 0.360838 1.12175 -5.79206 -1.44135 -1.71918e-17 4.13237 0.654504 1.70574 -5.05002 0.641871 1.05481 -6.50798 6.44505 -1.6576 4.47317 -3.66584 11.0826 2.77992 -2.79636 -83.4149 22.0251 -4.99406 24.9873 0.0511653 0.117236 1.687 -0.111568 -8.15625 20.7319 0.0424511 0.0972706 1.68825 -23.4388 -2.65258 -1.05481 -6.50797 6.44497 5.12666 6.64694 3.99397 -11.0826 2.77992 -2.79636 78.8318 13.5751 2.92993 -24.9873 0.0511653 0.117236 -0.591557 -0.0115523 2.85161 -20.7319 0.042451 0.0972707 -1.82983 8.63928 4.65347 7.90195 -3.59782 1.73896 -0.389728 -1.01346 -21.4628 -0.72918 -33.1692 -0.560506 -1.39885 5.22144 -0.0274109 -1.99006 -34.5633 -5.17465 1.84468 -4.04991 15.2001 0.66651 -8.45602 10.6902 -3.29256e-16 -8.06204e-16 2.34898e-17 -7.90195 -3.59782 1.73896 -0.130428 3.80059 13.003 0.72918 -33.1692 -0.560506 1.26272 4.71433 0.0303502 1.99006 -34.5633 -5.17465 -3.35376 -5.24278 -15.1424 -0.66651 -8.45602 10.6902 -5.96354e-16 -5.59082e-16 -1.27471e-14 
315.695 78.4513 435.754 4.9239 -4.16564 61.136 0 4.34476 -0.984994 -0.520542 3.22326 0.147477 0 4.80497 0.916596 -0.127275 2.81079 -0.0073756 -8.77771e-18 5.1242 0.0983897 0.0525626 2.77151 0.0790208 -9.44946e-18 5.56568 -0.37943 0.193163 2.16083 0.116522 -1.68784e-17 6.50642 -1.28831 0.389363 1.31514 0.051571 -2.16702e-17 8.12491 -0.78234 0.626996 0.950123 -0.303839 -2.48435e-17 9.02658 1.34903 -0.050188 1.04028 0.125902 -1.10523e-17 4.09476 0.611966 0.355533 -2.67135 -2.91691 -1.54981e-17 4.1244 0.360838 1.13115 -5.75034 -1.43417 -1.71918e-17 4.13237 0.654504 1.70966 -4.99175 0.661562 1.05481 -6.50798 6.44505 -1.65764 4.49033 -3.68882 11.0826 2.77992 -2.79636 -83.4062 22.0535 -4.96967 24.9873 0.0511653 0.117236 1.68336 -0.111066 -8.13855 20.7319 0.0424511 0.0972706 1.64461 -23.5925 -2.6516 -1.05481 -6.50797 6.44497 5.12412 6.68058 4.02006 -11.0826 2.77992 -2.79636 78.8139 13.5539 2.91967 -24.9873 0.0511653 0.117236 -0.578803 -0.0109897 2.79007 -20.7319 0.042451 0.0972707 -1.84537 8.74533 4.62403 7.90195 -3.59782 1.73896 -0.346092 -0.997767 -21.4713 -0.72918 -33.1692 -0.560506 -1.3953 5.20823 -0.0275029 -1.99006 -34.5633 -5.17465 1.84479 -4.07284 15.2001 0.66651 -8.45602 10.6902 -1.8617e-17 -7.96497e-16 1.37823e-17 -7.90195 -3.59782 1.73896 -0.0858207 3.83221 12.9909 0.72918 -33.1692 -0.560506 1.24853 4.66144 0.0305869 1.99006 -34.5633 -5.17465 -3.35553 -5.20228 -15.1394 -0.66651 -8.45602 10.6902 -5.96354e-16 -5.59082e-16 -1.27471e-14 
315.693 78.4537 435.749 4.93587 -4.21923 61.1665 0 4.34476 -0.984994 -0.513909 3.23393 0.147119 0 4.80497 0.916596 -0.120822 2.81834 -0.00689699 -8.77771e-18 5.1242 0.0983897 0.0581077 2.7763 0.0796695 -9.44946e-18 5.56568 -0.37943 0.197816 2.16073 0.117204 -1.68784e-17 6.50642 -1.28831 0.393235 1.30941 0.051607 -2.16702e-17 8.12491 -0.78234 0.630162 0.942825 -0.303889 -2.48435e-17 9.02658 1.34903 -0.0499435 1.04102 0.126665 -1.10523e-17 4.09476 0.611966 0.362373 -2.67268 -2.90223 -1.54981e-17 4.1244 0.360838 1.14096 -5.72148 -1.42609 -1.71918e-17 4.13237 0.654504 1.71648 -4.93308 0.675471 1.05481 -6.50798 6.44505 -1.65648 4.50519 -3.71708 11.0826 2.77992 -2.79636 -83.3949 22.0748 -4.96727 24.9873 0.0511653 0.117236 1.67528 -0.109956 -8.09926 20.7319 0.0424511 0.0972706 1.62409 -23.7123 -2.65375 -1.05481 -6.50797 6.44497 5.12746 6.71741 4.05381 -11.0826 2.77992 -2.79636 78.7928 13.5045 2.92651 -24.9873 0.0511653 0.117236 -0.559994 -0.0101851 2.69932 -20.7319 0.042451 0.0972707 -1.8648 8.91742 4.58845 7.90195 -3.59782 1.73896 -0.303021 -0.961072 -21.483 -0.72918 -33.1692 -0.560506 -1.3941 5.20372 -0.027534 -1.99006 -34.5633 -5.17465 1.84468 -4.08252 15.2011 0.66651 -8.45602 10.6902 2.48481e-17 -7.95139e-16 1.2424e-17 -7.90195 -3.59782 1.73896 -0.0422363 3.86801 12.9825 0.72918 -33.1692 -0.560506 1.24569 4.65089 0.0306326 1.99006 -34.5633 -5.17465 -3.34005 -5.15431 -15.1357 -0.66651 -8.45602 10.6902 -5.96354e-16 -5.59082e-16 -1.27471e-14 
315.692 78.459 435.744 4.96778 -4.2528 61.198 0 4.34476 -0.984994 -0.517395 3.24484 0.150783 0 4.80497 0.916596 -0.122962 2.82728 -0.00359523 -8.77771e-18 5.1242 0.0983897 0.0570864 2.78496 0.0832263 -9.44946e-18 5.56568 -0.37943 0.197817 2.16818 0.120948 -1.68784e-17 6.50642 -1.28831 0.395441 1.31233 0.0555642 -2.16702e-17 8.12491 -0.78234 0.635578 0.946811 -0.300296 -2.48435e-17 9.02658 1.34903 -0.0493789 1.04116 0.127695 -1.10523e-17 4.09476 0.611966 0.371646 -2.6597 -2.88614 -1.54981e-17 4.1244 0.360838 1.1644 -5.69065 -1.41708 -1.71918e-17 4.13237 0.654504 1.73406 -4.88381 0.689364 1.05481 -6.50798 6.44505 -1.6444 4.51334 -3.74423 11.0826 2.77992 -2.79636 -83.3809 22.1054 -4.99417 24.9873 0.0511653 0.117236 1.66465 -0.108505 -8.04756 20.7319 0.0424511 0.0972706 1.60483 -23.7736 -2.67725 -1.05481 -6.50797 6.44497 5.14142 6.75806 4.09302 -11.0826 2.77992 -2.79636 78.7675 13.4476 2.95152 -24.9873 0.0511653 0.117236 -0.534398 -0.00913817 2.57583 -20.7319 0.042451 0.0972707 -1.90769 9.10669 4.56431 7.90195 -3.59782 1.73896 -0.28638 -0.911008 -21.4872 -0.72918 -33.1692 -0.560506 -1.38885 5.18421 -0.0276679 -1.99006 -34.5633 -5.17465 1.82608 -4.05998 15.2001 0.66651 -8.45602 10.6902 2.48481e-17 -7.95139e-16 1.2424e-17 -7.90195 -3.59782 1.73896 -0.0268822 3.90982 12.9609 0.72918 -33.1692 -0.560506 1.24433 4.64579 0.0306545 1.99006 -34.5633 -5.17465 -3.3238 -5.11126 -15.133 -0.66651 -8.45602 10.6902 -5.96354e-16 -5.59082e-16 -1.27471e-14 
315.69 78.4652 435.736 4.99585 -4.30038 61.2378 0 4.34476 -0.984994 -0.51641 3.25633 0.153376 0 4.80497 0.916596 -0.120765 2.83807 -0.000657816 -8.77771e-18 5.1242 0.0983897 0.0599193 2.79694 0.0865365 -9.44946e-18 5.56568 -0.37943 0.201093 2.18171 0.124622 -1.68784e-17 6.50642 -1.28831 0.400285 1.32197 0.0589099 -2.16702e-17 8.12491 -0.78234 0.642856 0.958706 -0.297991 -2.48435e-17 9.02658 1.34903 -0.0488643 1.04039 0.12895 -1.10523e-17 4.09476 0.611966 0.383562 -2.63825 -2.87157 -1.54981e-17 4.1244 0.360838 1.20221 -5.65731 -1.40823 -1.71918e-17 4.13237 0.654504 1.76756 -4.82412 0.695246 1.05481 -6.50798 6.44505 -1.63048 4.5171 -3.77629 11.0826 2.77992 -2.79636 -83.3791 22.1371 -5.03672 24.9873 0.0511653 0.117236 1.65465 -0.107149 -7.99895 20.7319 0.0424511 0.0972706 1.59299 -23.7995 -2.68055 -1.05481 -6.50797 6.44497 5.15429 6.79954 4.13865 -11.0826 2.77992 -2.79636 78.7328 13.4212 2.99202 -24.9873 0.0511653 0.117236 -0.505834 -0.00803504 2.43804 -20.7319 0.042451 0.0972707 -1.9274 9.24788 4.55355 7.90195 -3.59782 1.73896 -0.259641 -0.869581 -21.5076 -0.72918 -33.1692 -0.560506 -1.38827 5.18203 -0.0276828 -1.99006 -34.5633 -5.17465 1.81331 -4.0406 15.2001 0.66651 -8.45602 10.6902 2.48481e-17 -7.95139e-16 1.2424e-17 -7.90195 -3.59782 1.73896 0.00257438 3.95762 12.929 0.72918 -33.1692 -0.560506 1.24067 4.63215 0.0307124 1.99006 -34.5633 -5.17465 -3.31124 -5.04999 -15.1281 -0.66651 -8.45602 10.6902 -5.96354e-16 -5.59082e-16 -1.27471e-14 
315.683 78.4677 435.72 5.05663 -4.36161 61.2706 0 4.34476 -0.984994 -0.51419 3.2836 0.156067 0 4.80497 0.916596 -0.118115 2.85965 0.00245769 -8.77771e-18 5.1242 0.0983897 0.0622911 2.81559 0.0899541 -9.44946e-18 5.56568 -0.37943 0.202989 2.19485 0.12821 -1.68784e-17 6.50642 -1.28831 0.402801 1.32691 0.0623316 -2.16702e-17 8.12491 -0.78234 0.646918 0.963543 -0.294656 -2.48435e-17 9.02658 1.34903 -0.0484763 1.04031 0.129839 -1.10523e-17 4.09476 0.611966 0.394393 -2.5954 -2.85221 -1.54981e-17 4.1244 0.360838 1.22224 -5.60744 -1.39761 -1.71918e-17 4.13237 0.654504 1.79656 -4.7451 0.710645 1.05481 -6.50798 6.44505 -1.61865 4.5296 -3.82397 11.0826 2.77992 -2.79636 -83.3584 22.2196 -5.07518 24.9873 0.0511653 0.117236 1.6427 -0.105539 -7.94085 20.7319 0.0424511 0.0972706 1.54391 -23.9027 -2.68991 -1.05481 -6.50797 6.44497 5.14463 6.84224 4.18852 -11.0826 2.77992 -2.79636 78.7057 13.4937 3.01803 -24.9873 0.0511653 0.117236 -0.478621 -0.00704809 2.30676 -20.7319 0.042451 0.0972707 -1.91308 9.25145 4.56608 7.90195 -3.59782 1.73896 -0.239701 -0.796751 -21.5273 -0.72918 -33.1692 -0.560506 -1.38763 5.17964 -0.027699 -1.99006 -34.5633 -5.17465 1.81111 -4.02262 15.1987 0.66651 -8.45602 10.6902 2.48481e-17 -7.95139e-16 1.2424e-17 -7.90195 -3.59782 1.73896 0.0265041 4.02886 12.8958 0.72918 -33.1692 -0.560506 1.24016 4.63027 0.0307203 1.99006 -34.5633 -5.17465 -3.32252 -4.99495 -15.1221 -0.66651 -8.45602 10.6902 -5.96354e-16 -5.59082e-16 -1.27471e-14 
315.673 78.4653 435.699 5.13119 -4.47488 61.2918 0 4.34476 -0.984994 -0.496304 3.32936 0.158195 0 4.80497 0.916596 -0.103071 2.89486 0.00745785 -8.77771e-18 5.1242 0.0983897 0.0737359 2.84401 0.0954568 -9.44946e-18 5.56568 -0.37943 0.210595 2.21107 0.133967 -1.68784e-17 6.50642 -1.28831 0.407884 1.33061 0.0671193 -2.16702e-17 8.12491 -0.78234 0.650114 0.965292 -0.289597 -2.48435e-17 9.02658 1.34903 -0.0479871 1.04017 0.130592 -1.10523e-17 4.09476 0.611966 0.406113 -2.54317 -2.82191 -1.54981e-17 4.1244 0.360838 1.22986 -5.57937 -1.38192 -1.71918e-17 4.13237 0.654504 1.78351 -4.6867 0.726577 1.05481 -6.50798 6.44505 -1.5889 4.54693 -3.88793 11.0826 2.77992 -2.79636 -83.3408 22.3938 -5.11806 24.9873 0.0511653 0.117236 1.63102 -0.103977 -7.88404 20.7319 0.0424511 0.0972706 1.46117 -24.124 -2.69077 -1.05481 -6.50797 6.44497 5.1128 6.88603 4.24236 -11.0826 2.77992 -2.79636 78.6873 13.6991 3.0294 -24.9873 0.0511653 0.117236 -0.453683 -0.00619853 2.18648 -20.7319 0.042451 0.0972707 -1.84667 9.13324 4.56972 7.90195 -3.59782 1.73896 -0.180005 -0.696782 -21.5434 -0.72918 -33.1692 -0.560506 -1.39274 5.19866 -0.0275689 -1.99006 -34.5633 -5.17465 1.81097 -4.0501 15.1998 0.66651 -8.45602 10.6902 2.48481e-17 -7.95139e-16 1.2424e-17 -7.90195 -3.59782 1.73896 0.0887938 4.13102 12.8659 0.72918 -33.1692 -0.560506 1.23973 4.62864 0.0307271 1.99006 -34.5633 -5.17465 -3.33072 -4.93074 -15.1155 -0.66651 -8.45602 10.6902 -5.96354e-16 -5.59082e-16 -1.27471e-14 
315.66 78.4626 435.679 5.21334 -4.6053 61.3241 0 4.34476 -0.984994 -0.466528 3.382 0.160681 0 4.80497 0.916596 -0.0789745 2.93631 0.0147279 -8.77771e-18 5.1242 0.0983897 0.0915596 2.87849 0.103324 -9.44946e-18 5.56568 -0.37943 0.221776 2.23353 0.142263 -1.68784e-17 6.50642 -1.28831 0.414072 1.3402 0.0740522 -2.16702e-17 8.12491 -0.78234 0.652009 0.973126 -0.281878 -2.48435e-17 9.02658 1.34903 -0.0478055 1.03933 0.13145 -1.10523e-17 4.09476 0.611966 0.415321 -2.48951 -2.78055 -1.54981e-17 4.1244 0.360838 1.22295 -5.56569 -1.36162 -1.71918e-17 4.13237 0.654504 1.73848 -4.66225 0.746339 1.05481 -6.50798 6.44505 -1.53718 4.55923 -3.95621 11.0826 2.77992 -2.79636 -83.3525 22.5882 -5.18035 24.9873 0.0511653 0.117236 1.61784 -0.10223 -7.81999 20.7319 0.0424511 0.0972706 1.40392 -24.3084 -2.68225 -1.05481 -6.50797 6.44497 5.07591 6.93042 4.29823 -11.0826 2.77992 -2.79636 78.6713 14.0033 3.04029 -24.9873 0.0511653 0.117236 -0.426429 -0.00533 2.05504 -20.7319 0.042451 0.0972707 -1.75009 8.90538 4.57239 7.90195 -3.59782 1.73896 -0.106157 -0.58111 -21.5679 -0.72918 -33.1692 -0.560506 -1.39687 5.21405 -0.0274624 -1.99006 -34.5633 -5.17465 1.8053 -4.08503 15.2016 0.66651 -8.45602 10.6902 -3.29251e-16 -8.06204e-16 2.34897e-17 -7.90195 -3.59782 1.73896 0.163959 4.24137 12.8435 0.72918 -33.1692 -0.560506 1.24222 4.63795 0.0306879 1.99006 -34.5633 -5.17465 -3.33456 -4.86082 -15.1082 -0.66651 -8.45602 10.6902 -5.96354e-16 -5.59082e-16 -1.27471e-14 
315.645 78.4591 435.665 5.25503 -4.68715 61.3294 0 4.34476 -0.984994 -0.444659 3.42417 0.166685 0 4.80497 0.916596 -0.061539 2.97074 0.0248418 -8.77771e-18 5.1242 0.0983897 0.104744 2.90849 0.114352 -9.44946e-18 5.56568 -0.37943 0.23022 2.25611 0.1541 -1.68784e-17 6.50642 -1.28831 0.42039 1.35284 0.0850635 -2.16702e-17 8.12491 -0.78234 0.657537 0.985952 -0.271118 -2.48435e-17 9.02658 1.34903 -0.0475421 1.03729 0.132764 -1.10523e-17 4.09476 0.611966 0.424839 -2.4609 -2.73183 -1.54981e-17 4.1244 0.360838 1.23732 -5.55731 -1.33764 -1.71918e-17 4.13237 0.654504 1.69522 -4.66356 0.771998 1.05481 -6.50798 6.44505 -1.46316 4.56299 -4.00628 11.0826 2.77992 -2.79636 -83.4053 22.7077 -5.24827 24.9873 0.0511653 0.117236 1.60439 -0.100461 -7.75461 20.7319 0.0424511 0.0972706 1.42379 -24.3057 -2.64383 -1.05481 -6.50797 6.44497 5.07347 6.98056 4.3531 -11.0826 2.77992 -2.79636 78.6501 14.2855 3.06823 -24.9873 0.0511653 0.117236 -0.397953 -0.00448935 1.9177 -20.7319 0.042451 0.0972707 -1.69386 8.75588 4.55476 7.90195 -3.59782 1.73896 -0.0551712 -0.533785 -21.5563 -0.72918 -33.1692 -0.560506 -1.40613 5.24855 -0.0272197 -1.99006 -34.5633 -5.17465 1.81583 -4.11358 15.2033 0.66651 -8.45602 10.6902 -3.72721e-16 -8.07563e-16 2.48481e-17 -7.90195 -3.59782 1.73896 0.21768 4.28695 12.8386 0.72918 -33.1692 -0.560506 1.24774 4.65853 0.0305996 1.99006 -34.5633 -5.17465 -3.32661 -4.82804 -15.1061 -0.66651 -8.45602 10.6902 -5.96354e-16 -5.59082e-16 -1.27471e-14 
315.629 78.4615 435.656 5.3086 -4.74082 61.3302 0 4.34476 -0.984994 -0.436088 3.45892 0.176986 0 4.80497 0.916596 -0.0554687 3.00041 0.0373921 -8.77771e-18 5.1242 0.0983897 0.10903 2.93637 0.127795 -9.44946e-18 5.56568 -0.37943 0.232198 2.28113 0.168489 -1.68784e-17 6.50642 -1.28831 0.423492 1.37011 0.0999785 -2.16702e-17 8.12491 -0.78234 0.664096 1.00564 -0.256459 -2.48435e-17 9.02658 1.34903 -0.0473629 1.03481 0.134633 -1.10523e-17 4.09476 0.611966 0.430425 -2.47913 -2.67441 -1.54981e-17 4.1244 0.360838 1.25594 -5.54694 -1.30993 -1.71918e-17 4.13237 0.654504 1.67083 -4.63889 0.773049 1.05481 -6.50798 6.44505 -1.39256 4.56155 -4.0458 11.0826 2.77992 -2.79636 -83.4674 22.6991 -5.33339 24.9873 0.0511653 0.117236 1.58692 -0.0981875 -7.66971 20.7319 0.0424511 0.0972706 1.52463 -24.0577 -2.54139 -1.05481 -6.50797 6.44497 5.12052 7.04065 4.41666 -11.0826 2.77992 -2.79636 78.6205 14.3809 3.11681 -24.9873 0.0511653 0.117236 -0.364124 -0.00357948 1.75457 -20.7319 0.042451 0.0972707 -1.69443 8.90769 4.48521 7.90195 -3.59782 1.73896 -0.0312986 -0.482787 -21.5327 -0.72918 -33.1692 -0.560506 -1.41062 5.26523 -0.0271003 -1.99006 -34.5633 -5.17465 1.80396 -4.09801 15.2034 0.66651 -8.45602 10.6902 -1.86217e-17 -7.96497e-16 1.37825e-17 -7.90195 -3.59782 1.73896 0.239369 4.32567 12.8545 0.72918 -33.1692 -0.560506 1.25492 4.68529 0.0304818 1.99006 -34.5633 -5.17465 -3.30263 -4.79565 -15.1041 -0.66651 -8.45602 10.6902 -5.96354e-16 -5.59082e-16 -1.27471e-14 
315.617 78.4705 435.654 5.34125 -4.77503 61.3189 0 4.34476 -0.984994 -0.434827 3.47139 0.188353 0 4.80497 0.916596 -0.054998 3.01617 0.0493726 -8.77771e-18 5.1242 0.0983897 0.109471 2.95818 0.140268 -9.44946e-18 5.56568 -0.37943 0.231874 2.31246 0.18184 -1.68784e-17 6.50642 -1.28831 0.425868 1.40072 0.114341 -2.16702e-17 8.12491 -0.78234 0.67168 1.04379 -0.242423 -2.48435e-17 9.02658 1.34903 -0.0472612 1.03057 0.136377 -1.10523e-17 4.09476 0.611966 0.436601 -2.50687 -2.60733 -1.54981e-17 4.1244 0.360838 1.27738 -5.55502 -1.27818 -1.71918e-17 4.13237 0.654504 1.66498 -4.63836 0.771256 1.05481 -6.50798 6.44505 -1.32858 4.54016 -4.05906 11.0826 2.77992 -2.79636 -83.5353 22.5703 -5.42228 24.9873 0.0511653 0.117236 1.5662 -0.0955246 -7.56902 20.7319 0.0424511 0.0972706 1.65317 -23.6549 -2.46278 -1.05481 -6.50797 6.44497 5.20389 7.08865 4.46583 -11.0826 2.77992 -2.79636 78.5978 14.2524 3.19182 -24.9873 0.0511653 0.117236 -0.324697 -0.00264063 1.56445 -20.7319 0.042451 0.0972707 -1.84477 9.45624 4.42361 7.90195 -3.59782 1.73896 -0.00762881 -0.440505 -21.4833 -0.72918 -33.1692 -0.560506 -1.40637 5.24942 -0.0272135 -1.99006 -34.5633 -5.17465 1.76894 -4.055 15.2029 0.66651 -8.45602 10.6902 2.48481e-17 -7.95139e-16 1.2424e-17 -7.90195 -3.59782 1.73896 0.257493 4.35048 12.8739 0.72918 -33.1692 -0.560506 1.25569 4.68816 0.030469 1.99006 -34.5633 -5.17465 -3.27553 -4.73933 -15.0998 -0.66651 -8.45602 10.6902 -5.96354e-16 -5.59082e-16 -1.27471e-14 
315.605 78.4841 435.658 5.3049 -4.75594 61.3055 0 4.34476 -0.984994 -0.442504 3.45276 0.197194 0 4.80497 0.916596 -0.0610091 3.0101 0.0573904 -8.77771e-18 5.1242 0.0983897 0.105695 2.96561 0.148501 -9.44946e-18 5.56568 -0.37943 0.229696 2.34255 0.190746 -1.68784e-17 6.50642 -1.28831 0.427832 1.43827 0.124257 -2.16702e-17 8.12491 -0.78234 0.680165 1.09213 -0.233396 -2.48435e-17 9.02658 1.34903 -0.0464916 1.02486 0.137423 -1.10523e-17 4.09476 0.611966 0.452689 -2.51166 -2.51013 -1.54981e-17 4.1244 0.360838 1.3136 -5.56003 -1.23248 -1.71918e-17 4.13237 0.654504 1.68838 -4.66188 0.762638 1.05481 -6.50798 6.44505 -1.28632 4.50057 -4.04261 11.0826 2.77992 -2.79636 -83.5907 22.353 -5.49285 24.9873 0.0511653 0.117236 1.54762 -0.0931694 -7.47879 20.7319 0.0424511 0.0972706 1.76722 -23.1886 -2.46655 -1.05481 -6.50797 6.44497 5.28997 7.11034 4.48623 -11.0826 2.77992 -2.79636 78.5965 13.932 3.2691 -24.9873 0.0511653 0.117236 -0.287559 -0.00187595 1.38539 -20.7319 0.042451 0.0972707 -2.1001 10.33 4.40884 7.90195 -3.59782 1.73896 0.00632987 -0.464727 -21.4154 -0.72918 -33.1692 -0.560506 -1.39188 5.19548 -0.0275908 -1.99006 -34.5633 -5.17465 1.72568 -3.98957 15.2021 0.66651 -8.45602 10.6902 2.48481e-17 -7.95139e-16 1.2424e-17 -7.90195 -3.59782 1.73896 0.265814 4.30495 12.8699 0.72918 -33.1692 -0.560506 1.24989 4.66653 0.0305647 1.99006 -34.5633 -5.17465 -3.24736 -4.68072 -15.0951 -0.66651 -8.45602 10.6902 -9.50454e-16 -5.48016e-16 -1.27249e-14 
315.589 78.5009 435.662 5.22281 -4.67944 61.3108 0 4.34476 -0.984994 -0.460652 3.41765 0.200963 0 4.80497 0.916596 -0.0747508 2.98966 0.0587378 -8.77771e-18 5.1242 0.0983897 0.0964897 2.95922 0.149946 -9.44946e-18 5.56568 -0.37943 0.224599 2.36056 0.192475 -1.68784e-17 6.50642 -1.28831 0.427886 1.46626 0.12689 -2.16702e-17 8.12491 -0.78234 0.687051 1.13 -0.231805 -2.48435e-17 9.02658 1.34903 -0.045403 1.02029 0.138037 -1.10523e-17 4.09476 0.611966 0.471484 -2.50763 -2.42308 -1.54981e-17 4.1244 0.360838 1.35544 -5.534 -1.19136 -1.71918e-17 4.13237 0.654504 1.76057 -4.63951 0.769919 1.05481 -6.50798 6.44505 -1.29932 4.46805 -4.01878 11.0826 2.77992 -2.79636 -83.5921 22.1157 -5.52982 24.9873 0.0511653 0.117236 1.53914 -0.0921043 -7.43761 20.7319 0.0424511 0.0972706 1.84674 -22.7654 -2.54999 -1.05481 -6.50797 6.44497 5.36594 7.12055 4.4896 -11.0826 2.77992 -2.79636 78.5949 13.5426 3.31396 -24.9873 0.0511653 0.117236 -0.261981 -0.00141673 1.26206 -20.7319 0.042451 0.0972707 -2.36764 11.2326 4.45511 7.90195 -3.59782 1.73896 -0.0105669 -0.56601 -21.3421 -0.72918 -33.1692 -0.560506 -1.37662 5.13867 -0.0279734 -1.99006 -34.5633 -5.17465 1.69104 -3.88974 15.1986 0.66651 -8.45602 10.6902 2.48481e-17 -7.95139e-16 1.2424e-17 -7.90195 -3.59782 1.73896 0.249192 4.19653 12.8361 0.72918 -33.1692 -0.560506 1.24087 4.63289 0.0307093 1.99006 -34.5633 -5.17465 -3.23386 -4.62672 -15.0897 -0.66651 -8.45602 10.6902 -6.39824e-16 -5.57723e-16 -1.27443e-14 
315.566 78.5231 435.663 5.16732 -4.65168 61.3516 0 4.34476 -0.984994 -0.46264 3.39758 0.197197 0 4.80497 0.916596 -0.0746507 2.97717 0.0544536 -8.77771e-18 5.1242 0.0983897 0.097965 2.95431 0.145823 -9.44946e-18 5.56568 -0.37943 0.227219 2.36987 0.188368 -1.68784e-17 6.50642 -1.28831 0.431012 1.4809 0.122135 -2.16702e-17 8.12491 -0.78234 0.690915 1.15046 -0.237311 -2.48435e-17 9.02658 1.34903 -0.044518 1.01885 0.138532 -1.10523e-17 4.09476 0.611966 0.49229 -2.4837 -2.34599 -1.54981e-17 4.1244 0.360838 1.392 -5.49215 -1.15456 -1.71918e-17 4.13237 0.654504 1.85731 -4.56786 0.779127 1.05481 -6.50798 6.44505 -1.36591 4.44895 -4.00948 11.0826 2.77992 -2.79636 -83.5254 21.9344 -5.55381 24.9873 0.0511653 0.117236 1.54395 -0.0927077 -7.46096 20.7319 0.0424511 0.0972706 1.86764 -22.4889 -2.65447 -1.05481 -6.50797 6.44497 5.40181 7.11903 4.48226 -11.0826 2.77992 -2.79636 78.5763 13.2237 3.29874 -24.9873 0.0511653 0.117236 -0.252644 -0.00126272 1.21705 -20.7319 0.042451 0.0972707 -2.53526 11.8803 4.5435 7.90195 -3.59782 1.73896 0.00241562 -0.629401 -21.3257 -0.72918 -33.1692 -0.560506 -1.3601 5.07713 -0.0283706 -1.99006 -34.5633 -5.17465 1.65914 -3.76979 15.1941 0.66651 -8.45602 10.6902 2.48481e-17 -7.95139e-16 1.2424e-17 -7.90195 -3.59782 1.73896 0.265826 4.13709 12.7737 0.72918 -33.1692 -0.560506 1.22605 4.57765 0.0309351 1.99006 -34.5633 -5.17465 -3.22064 -4.50763 -15.0769 -0.66651 -8.45602 10.6902 -5.96354e-16 -5.59082e-16 -1.27471e-14 
315.537 78.5458 435.663 5.13428 -4.63593 61.4121 0 4.34476 -0.984994 -0.453218 3.3903 0.186307 0 4.80497 0.916596 -0.0649581 2.97319 0.0449988 -8.77771e-18 5.1242 0.0983897 0.106993 2.95424 0.136735 -9.44946e-18 5.56568 -0.37943 0.235526 2.37851 0.179199 -1.68784e-17 6.50642 -1.28831 0.436668 1.49309 0.110971 -2.16702e-17 8.12491 -0.78234 0.69275 1.16555 -0.249325 -2.48435e-17 9.02658 1.34903 -0.0437332 1.01871 0.138281 -1.10523e-17 4.09476 0.611966 0.516699 -2.39452 -2.29043 -1.54981e-17 4.1244 0.360838 1.4327 -5.45633 -1.12725 -1.71918e-17 4.13237 0.654504 1.9267 -4.53565 0.802136 1.05481 -6.50798 6.44505 -1.43093 4.42517 -3.99699 11.0826 2.77992 -2.79636 -83.4297 21.8974 -5.58066 24.9873 0.0511653 0.117236 1.56274 -0.0950839 -7.55221 20.7319 0.0424511 0.0972706 1.81301 -22.4355 -2.76943 -1.05481 -6.50797 6.44497 5.36232 7.08214 4.44693 -11.0826 2.77992 -2.79636 78.565 13.1763 3.22727 -24.9873 0.0511653 0.117236 -0.262856 -0.00143125 1.26628 -20.7319 0.042451 0.0972707 -2.57645 12.0259 4.67484 7.90195 -3.59782 1.73896 0.0164392 -0.676156 -21.3378 -0.72918 -33.1692 -0.560506 -1.34459 5.01938 -0.0287271 -1.99006 -34.5633 -5.17465 1.62399 -3.64083 15.1884 0.66651 -8.45602 10.6902 3.78948e-16 -7.84073e-16 1.35843e-18 -7.90195 -3.59782 1.73896 0.28681 4.10761 12.6905 0.72918 -33.1692 -0.560506 1.20734 4.5079 0.0311997 1.99006 -34.5633 -5.17465 -3.21401 -4.37434 -15.0636 -0.66651 -8.45602 10.6902 -5.96354e-16 -5.59082e-16 -1.27471e-14 
315.501 78.563 435.663 5.07382 -4.5932 61.4662 0 4.34476 -0.984994 -0.445323 3.38448 0.170486 0 4.80497 0.916596 -0.0569904 2.96887 0.0310468 -8.77771e-18 5.1242 0.0983897 0.11414 2.95095 0.123135 -9.44946e-18 5.56568 -0.37943 0.242008 2.37975 0.165258 -1.68784e-17 6.50642 -1.28831 0.439193 1.49813 0.0947982 -2.16702e-17 8.12491 -0.78234 0.689169 1.16971 -0.265764 -2.48435e-17 9.02658 1.34903 -0.0429358 1.01894 0.136598 -1.10523e-17 4.09476 0.611966 0.541086 -2.26306 -2.22775 -1.54981e-17 4.1244 0.360838 1.45223 -5.45014 -1.09749 -1.71918e-17 4.13237 0.654504 1.94741 -4.5812 0.817044 1.05481 -6.50798 6.44505 -1.45881 4.39685 -3.97272 11.0826 2.77992 -2.79636 -83.3281 22.0155 -5.60546 24.9873 0.0511653 0.117236 1.59253 -0.0989154 -7.69698 20.7319 0.0424511 0.0972706 1.70693 -22.6622 -2.86156 -1.05481 -6.50797 6.44497 5.25645 7.00992 4.38151 -11.0826 2.77992 -2.79636 78.6147 13.4054 3.11499 -24.9873 0.0511653 0.117236 -0.292798 -0.00197629 1.41064 -20.7319 0.042451 0.0972707 -2.52787 11.7363 4.80942 7.90195 -3.59782 1.73896 0.0210805 -0.757904 -21.3465 -0.72918 -33.1692 -0.560506 -1.32719 4.95455 -0.0291086 -1.99006 -34.5633 -5.17465 1.61237 -3.52555 15.1819 0.66651 -8.45602 10.6902 6.83179e-17 -7.9378e-16 1.10656e-17 -7.90195 -3.59782 1.73896 0.301321 4.03488 12.6064 0.72918 -33.1692 -0.560506 1.19112 4.44744 0.0314105 1.99006 -34.5633 -5.17465 -3.21548 -4.27928 -15.0556 -0.66651 -8.45602 10.6902 -5.96354e-16 -5.59082e-16 -1.27471e-14 
315.458 78.5757 435.665 5.04099 -4.58716 61.4883 0 4.34476 -0.984994 -0.434308 3.38886 0.155667 0 4.80497 0.916596 -0.0477202 2.97147 0.0186958 -8.77771e-18 5.1242 0.0983897 0.121187 2.95185 0.111106 -9.44946e-18 5.56568 -0.37943 0.247156 2.37981 0.152749 -1.68784e-17 6.50642 -1.28831 0.439426 1.50109 0.0803593 -2.16702e-17 8.12491 -0.78234 0.681993 1.17016 -0.279703 -2.48435e-17 9.02658 1.34903 -0.0421995 1.01946 0.13424 -1.10523e-17 4.09476 0.611966 0.557029 -2.12941 -2.17884 -1.54981e-17 4.1244 0.360838 1.44098 -5.4692 -1.07512 -1.71918e-17 4.13237 0.654504 1.93167 -4.65445 0.842108 1.05481 -6.50798 6.44505 -1.46 4.36859 -3.94588 11.0826 2.77992 -2.79636 -83.2179 22.2611 -5.63378 24.9873 0.0511653 0.117236 1.62842 -0.103631 -7.87139 20.7319 0.0424511 0.0972706 1.57983 -23.1351 -2.92146 -1.05481 -6.50797 6.44497 5.12526 6.92003 4.30486 -11.0826 2.77992 -2.79636 78.6913 13.7615 2.98795 -24.9873 0.0511653 0.117236 -0.337194 -0.00292348 1.62471 -20.7319 0.042451 0.0972707 -2.39665 11.2731 4.8726 7.90195 -3.59782 1.73896 0.0497609 -0.803378 -21.3399 -0.72918 -33.1692 -0.560506 -1.31409 4.90576 -0.0293827 -1.99006 -34.5633 -5.17465 1.6167 -3.43704 15.1759 0.66651 -8.45602 10.6902 2.48481e-17 -7.95139e-16 1.2424e-17 -7.90195 -3.59782 1.73896 0.335219 3.98925 12.5782 0.72918 -33.1692 -0.560506 1.17892 4.40194 0.0315579 1.99006 -34.5633 -5.17465 -3.20662 -4.19244 -15.0489 -0.66651 -8.45602 10.6902 -5.96354e-16 -5.59082e-16 -1.27471e-14 
315.413 78.5867 435.671 5.03393 -4.60314 61.5146 0 4.34476 -0.984994 -0.423563 3.3938 0.141665 0 4.80497 0.916596 -0.0390796 2.97652 0.00773407 -8.77771e-18 5.1242 0.0983897 0.127716 2.95766 0.100704 -9.44946e-18 5.56568 -0.37943 0.252004 2.38881 0.142147 -1.68784e-17 6.50642 -1.28831 0.440055 1.51611 0.0682075 -2.16702e-17 8.12491 -0.78234 0.676065 1.18502 -0.291874 -2.48435e-17 9.02658 1.34903 -0.0412335 1.01912 0.132398 -1.10523e-17 4.09476 0.611966 0.568762 -2.01268 -2.13404 -1.54981e-17 4.1244 0.360838 1.42173 -5.49835 -1.05504 -1.71918e-17 4.13237 0.654504 1.88837 -4.74419 0.855747 1.05481 -6.50798 6.44505 -1.43559 4.33475 -3.91305 11.0826 2.77992 -2.79636 -83.121 22.5966 -5.6909 24.9873 0.0511653 0.117236 1.66772 -0.108924 -8.06249 20.7319 0.0424511 0.0972706 1.47914 -23.6944 -2.94405 -1.05481 -6.50797 6.44497 5.02304 6.83006 4.24084 -11.0826 2.77992 -2.79636 78.7414 14.1296 2.87233 -24.9873 0.0511653 0.117236 -0.386151 -0.00416044 1.86079 -20.7319 0.042451 0.0972707 -2.24247 10.8286 4.85857 7.90195 -3.59782 1.73896 0.0868017 -0.834822 -21.3467 -0.72918 -33.1692 -0.560506 -1.31092 4.89394 -0.0294474 -1.99006 -34.5633 -5.17465 1.61181 -3.36537 15.1728 0.66651 -8.45602 10.6902 2.48481e-17 -7.95139e-16 1.2424e-17 -7.90195 -3.59782 1.73896 0.374884 3.96474 12.5739 0.72918 -33.1692 -0.560506 1.17306 4.38012 0.0316252 1.99006 -34.5633 -5.17465 -3.17184 -4.11603 -15.0448 -0.66651 -8.45602 10.6902 -5.96354e-16 -5.59082e-16 -1.27471e-14 
315.367 78.5974 435.682 5.03637 -4.60424 61.5453 0 4.34476 -0.984994 -0.422951 3.39125 0.128904 0 4.80497 0.916596 -0.0379847 2.97775 -0.00341758 -8.77771e-18 5.1242 0.0983897 0.129287 2.96323 0.0901985 -9.44946e-18 5.56568 -0.37943 0.254436 2.40339 0.131662 -1.68784e-17 6.50642 -1.28831 0.441214 1.53967 0.0567164 -2.16702e-17 8.12491 -0.78234 0.673965 1.21134 -0.304491 -2.48435e-17 9.02658 1.34903 -0.0401997 1.0181 0.131534 -1.10523e-17 4.09476 0.611966 0.5801 -1.90156 -2.09991 -1.54981e-17 4.1244 0.360838 1.41781 -5.49144 -1.0397 -1.71918e-17 4.13237 0.654504 1.86171 -4.8012 0.868268 1.05481 -6.50798 6.44505 -1.40549 4.29773 -3.87475 11.0826 2.77992 -2.79636 -83.0495 22.925 -5.76329 24.9873 0.0511653 0.117236 1.70551 -0.114139 -8.2463 20.7319 0.0424511 0.0972706 1.43129 -24.1546 -2.94199 -1.05481 -6.50797 6.44497 4.97013 6.75528 4.19769 -11.0826 2.77992 -2.79636 78.7647 14.3968 2.78424 -24.9873 0.0511653 0.117236 -0.428756 -0.00540118 2.06626 -20.7319 0.042451 0.0972707 -2.15467 10.5872 4.79983 7.90195 -3.59782 1.73896 0.106757 -0.868998 -21.3458 -0.72918 -33.1692 -0.560506 -1.31043 4.89213 -0.0294572 -1.99006 -34.5633 -5.17465 1.61262 -3.2852 15.1691 0.66651 -8.45602 10.6902 2.48481e-17 -7.95139e-16 1.2424e-17 -7.90195 -3.59782 1.73896 0.399564 3.93816 12.5639 0.72918 -33.1692 -0.560506 1.17121 4.37321 0.031646 1.99006 -34.5633 -5.17465 -3.13867 -4.05676 -15.0424 -0.66651 -8.45602 10.6902 -5.96354e-16 -5.59082e-16 -1.27471e-14 
315.321 78.6091 435.699 5.04791 -4.5987 61.5484 0 4.34476 -0.984994 -0.433445 3.38179 0.119826 0 4.80497 0.916596 -0.0454033 2.97514 -0.0127923 -8.77771e-18 5.1242 0.0983897 0.12514 2.96783 0.0815065 -9.44946e-18 5.56568 -0.37943 0.253854 2.42144 0.123197 -1.68784e-17 6.50642 -1.28831 0.443 1.56789 0.0479556 -2.16702e-17 8.12491 -0.78234 0.676856 1.2449 -0.315513 -2.48435e-17 9.02658 1.34903 -0.0389326 1.01642 0.131625 -1.10523e-17 4.09476 0.611966 0.595756 -1.81285 -2.05061 -1.54981e-17 4.1244 0.360838 1.44204 -5.456 -1.01671 -1.71918e-17 4.13237 0.654504 1.8599 -4.80458 0.873625 1.05481 -6.50798 6.44505 -1.37603 4.25867 -3.82962 11.0826 2.77992 -2.79636 -83.0094 23.1582 -5.84317 24.9873 0.0511653 0.117236 1.7386 -0.118808 -8.40737 20.7319 0.0424511 0.0972706 1.45138 -24.3798 -2.89757 -1.05481 -6.50797 6.44497 4.97068 6.70016 4.17044 -11.0826 2.77992 -2.79636 78.7575 14.4685 2.73095 -24.9873 0.0511653 0.117236 -0.460449 -0.00642334 2.21912 -20.7319 0.042451 0.0972707 -2.14305 10.673 4.70184 7.90195 -3.59782 1.73896 0.122855 -0.900009 -21.3145 -0.72918 -33.1692 -0.560506 -1.31334 4.90297 -0.029398 -1.99006 -34.5633 -5.17465 1.59176 -3.20522 15.166 0.66651 -8.45602 10.6902 2.48481e-17 -7.95139e-16 1.2424e-17 -7.90195 -3.59782 1.73896 0.415685 3.90515 12.5755 0.72918 -33.1692 -0.560506 1.17506 4.38756 0.0316025 1.99006 -34.5633 -5.17465 -3.10696 -4.00465 -15.0407 -0.66651 -8.45602 10.6902 -5.96354e-16 -5.59082e-16 -1.27471e-14 
315.28 78.6215 435.718 5.07683 -4.6263 61.5487 0 4.34476 -0.984994 -0.44433 3.36843 0.109579 0 4.80497 0.916596 -0.0518477 2.97185 -0.0242842 -8.77771e-18 5.1242 0.0983897 0.122538 2.97477 0.0703343 -9.44946e-18 5.56568 -0.37943 0.255242 2.44671 0.112194 -1.68784e-17 6.50642 -1.28831 0.44682 1.60376 0.036448 -2.16702e-17 8.12491 -0.78234 0.681676 1.2877 -0.329624 -2.48435e-17 9.02658 1.34903 -0.0379939 1.0137 0.132144 -1.10523e-17 4.09476 0.611966 0.615133 -1.73046 -1.98136 -1.54981e-17 4.1244 0.360838 1.4748 -5.40915 -0.984421 -1.71918e-17 4.13237 0.654504 1.88239 -4.77724 0.875938 1.05481 -6.50798 6.44505 -1.35369 4.21117 -3.77746 11.0826 2.77992 -2.79636 -83.0071 23.2668 -5.92442 24.9873 0.0511653 0.117236 1.7625 -0.122238 -8.52371 20.7319 0.0424511 0.0972706 1.53966 -24.3538 -2.8095 -1.05481 -6.50797 6.44497 5.00239 6.65084 4.15078 -11.0826 2.77992 -2.79636 78.739 14.2999 2.70706 -24.9873 0.0511653 0.117236 -0.477614 -0.00701232 2.30191 -20.7319 0.042451 0.0972707 -2.22999 11.0707 4.60685 7.90195 -3.59782 1.73896 0.160322 -0.887023 -21.2724 -0.72918 -33.1692 -0.560506 -1.31292 4.90139 -0.0294067 -1.99006 -34.5633 -5.17465 1.57899 -3.13245 15.164 0.66651 -8.45602 10.6902 2.48481e-17 -7.95139e-16 1.2424e-17 -7.90195 -3.59782 1.73896 0.45431 3.9063 12.5982 0.72918 -33.1692 -0.560506 1.1783 4.39964 0.0315651 1.99006 -34.5633 -5.17465 -3.08727 -3.92744 -15.0344 -0.66651 -8.45602 10.6902 -9.50449e-16 -5.48016e-16 -1.27249e-14 
315.239 78.6331 435.739 5.11894 -4.65261 61.5488 0 4.34476 -0.984994 -0.461316 3.36084 0.0975645 0 4.80497 0.916596 -0.0623151 2.97296 -0.0390724 -8.77771e-18 5.1242 0.0983897 0.117202 2.9853 0.0554896 -9.44946e-18 5.56568 -0.37943 0.255138 2.47356 0.0972672 -1.68784e-17 6.50642 -1.28831 0.449694 1.63828 0.0211563 -2.16702e-17 8.12491 -0.78234 0.686019 1.3281 -0.347371 -2.48435e-17 9.02658 1.34903 -0.0370751 1.01084 0.132158 -1.10523e-17 4.09476 0.611966 0.640901 -1.6304 -1.88499 -1.54981e-17 4.1244 0.360838 1.51125 -5.36491 -0.939618 -1.71918e-17 4.13237 0.654504 1.92233 -4.75132 0.883263 1.05481 -6.50798 6.44505 -1.33961 4.16357 -3.72196 11.0826 2.77992 -2.79636 -83.018 23.2808 -5.99426 24.9873 0.0511653 0.117236 1.77618 -0.124223 -8.59029 20.7319 0.0424511 0.0972706 1.63255 -24.2147 -2.74442 -1.05481 -6.50797 6.44497 5.03072 6.6004 4.12491 -11.0826 2.77992 -2.79636 78.7393 13.9708 2.68554 -24.9873 0.0511653 0.117236 -0.484397 -0.00725197 2.33463 -20.7319 0.042451 0.0972707 -2.41141 11.6074 4.58205 7.90195 -3.59782 1.73896 0.192711 -0.850846 -21.2386 -0.72918 -33.1692 -0.560506 -1.30761 4.88163 -0.0295141 -1.99006 -34.5633 -5.17465 1.54881 -3.06027 15.163 0.66651 -8.45602 10.6902 2.48481e-17 -7.95139e-16 1.2424e-17 -7.90195 -3.59782 1.73896 0.484608 3.92646 12.6136 0.72918 -33.1692 -0.560506 1.17922 4.40307 0.0315544 1.99006 -34.5633 -5.17465 -3.0678 -3.85783 -15.028 -0.66651 -8.45602 10.6902 -2.85734e-16 -5.79854e-16 -1.27554e-14 
315.191 78.6422 435.756 5.09523 -4.62744 61.5366 0 4.34476 -0.984994 -0.487642 3.32813 0.0821798 0 4.80497 0.916596 -0.0800286 2.95697 -0.0586468 -8.77771e-18 5.1242 0.0983897 0.106289 2.98501 0.0354138 -9.44946e-18 5.56568 -0.37943 0.251151 2.50031 0.0767471 -1.68784e-17 6.50642 -1.28831 0.449044 1.67949 0.000493406 -2.16702e-17 8.12491 -0.78234 0.687001 1.37758 -0.369874 -2.48435e-17 9.02658 1.34903 -0.0360027 1.0057 0.130672 -1.10523e-17 4.09476 0.611966 0.671452 -1.50806 -1.75659 -1.54981e-17 4.1244 0.360838 1.54417 -5.32674 -0.880348 -1.71918e-17 4.13237 0.654504 1.96439 -4.76284 0.90835 1.05481 -6.50798 6.44505 -1.33714 4.10688 -3.65323 11.0826 2.77992 -2.79636 -83.0232 23.2188 -6.04017 24.9873 0.0511653 0.117236 1.78569 -0.125615 -8.63664 20.7319 0.0424511 0.0972706 1.69191 -24.0628 -2.74402 -1.05481 -6.50797 6.44497 5.03907 6.52647 4.07244 -11.0826 2.77992 -2.79636 78.7895 13.6054 2.65774 -24.9873 0.0511653 0.117236 -0.491012 -0.00748935 2.36654 -20.7319 0.042451 0.0972707 -2.64986 12.1514 4.6375 7.90195 -3.59782 1.73896 0.215137 -0.887236 -21.1995 -0.72918 -33.1692 -0.560506 -1.29479 4.83383 -0.0297662 -1.99006 -34.5633 -5.17465 1.5053 -2.99568 15.1629 0.66651 -8.45602 10.6902 2.48481e-17 -7.95139e-16 1.2424e-17 -7.90195 -3.59782 1.73896 0.502323 3.85794 12.6187 0.72918 -33.1692 -0.560506 1.18139 4.41116 0.0315288 1.99006 -34.5633 -5.17465 -3.06029 -3.81784 -15.0236 -0.66651 -8.45602 10.6902 -5.52879e-16 -5.61799e-16 -1.27484e-14 
315.144 78.6488 435.774 5.04463 -4.5908 61.5071 0 4.34476 -0.984994 -0.515048 3.27703 0.0634075 0 4.80497 0.916596 -0.0991408 2.92679 -0.0822805 -8.77771e-18 5.1242 0.0983897 0.0932501 2.973 0.0106925 -9.44946e-18 5.56568 -0.37943 0.244429 2.51925 0.0510117 -1.68784e-17 6.50642 -1.28831 0.443579 1.71713 -0.0252194 -2.16702e-17 8.12491 -0.78234 0.680452 1.42363 -0.395535 -2.48435e-17 9.02658 1.34903 -0.0353194 1.00019 0.127922 -1.10523e-17 4.09476 0.611966 0.696664 -1.41186 -1.61064 -1.54981e-17 4.1244 0.360838 1.5377 -5.29661 -0.814291 -1.71918e-17 4.13237 0.654504 2.0025 -4.76979 0.955736 1.05481 -6.50798 6.44505 -1.36889 4.05372 -3.58073 11.0826 2.77992 -2.79636 -83.0003 23.106 -6.03993 24.9873 0.0511653 0.117236 1.79498 -0.12698 -8.68187 20.7319 0.0424511 0.0972706 1.7204 -23.9767 -2.76335 -1.05481 -6.50797 6.44497 5.02807 6.43492 3.99984 -11.0826 2.77992 -2.79636 78.8662 13.2104 2.60444 -24.9873 0.0511653 0.117236 -0.505141 -0.00800879 2.4347 -20.7319 0.042451 0.0972707 -2.88239 12.7338 4.70421 7.90195 -3.59782 1.73896 0.237121 -0.944701 -21.1456 -0.72918 -33.1692 -0.560506 -1.27938 4.77644 -0.0300548 -1.99006 -34.5633 -5.17465 1.49792 -2.93746 15.1614 0.66651 -8.45602 10.6902 2.48481e-17 -7.95139e-16 1.2424e-17 -7.90195 -3.59782 1.73896 0.523308 3.76415 12.6326 0.72918 -33.1692 -0.560506 1.18156 4.41179 0.0315269 1.99006 -34.5633 -5.17465 -3.07744 -3.78403 -15.0167 -0.66651 -8.45602 10.6902 -5.96354e-16 -5.59082e-16 -1.27471e-14 
315.103 78.6578 435.792 5.05199 -4.6492 61.4775 0 4.34476 -0.984994 -0.516871 3.2486 0.0457644 0 4.80497 0.916596 -0.0984946 2.91165 -0.101318 -8.77771e-18 5.1242 0.0983897 0.0944527 2.96983 -0.00916367 -9.44946e-18 5.56568 -0.37943 0.246571 2.53656 0.0302631 -1.68784e-17 6.50642 -1.28831 0.442311 1.74672 -0.0469646 -2.16702e-17 8.12491 -0.78234 0.673302 1.45923 -0.416375 -2.48435e-17 9.02658 1.34903 -0.0347334 0.996573 0.126093 -1.10523e-17 4.09476 0.611966 0.716284 -1.35748 -1.47518 -1.54981e-17 4.1244 0.360838 1.51666 -5.27273 -0.752686 -1.71918e-17 4.13237 0.654504 1.99573 -4.73452 1.00823 1.05481 -6.50798 6.44505 -1.42612 4.0166 -3.53391 11.0826 2.77992 -2.79636 -82.9553 23.0128 -6.01867 24.9873 0.0511653 0.117236 1.80643 -0.128673 -8.73764 20.7319 0.0424511 0.0972706 1.72799 -23.9534 -2.75265 -1.05481 -6.50797 6.44497 5.0183 6.36027 3.94402 -11.0826 2.77992 -2.79636 78.8797 12.8368 2.5128 -24.9873 0.0511653 0.117236 -0.523069 -0.00869213 2.52118 -20.7319 0.042451 0.0972707 -2.98949 13.3198 4.70044 7.90195 -3.59782 1.73896 0.315957 -0.911018 -21.0991 -0.72918 -33.1692 -0.560506 -1.27011 4.74187 -0.0302212 -1.99006 -34.5633 -5.17465 1.48812 -2.90239 15.1614 0.66651 -8.45602 10.6902 2.48481e-17 -7.95139e-16 1.2424e-17 -7.90195 -3.59782 1.73896 0.598512 3.76683 12.6635 0.72918 -33.1692 -0.560506 1.18038 4.40739 0.0315408 1.99006 -34.5633 -5.17465 -3.07554 -3.68958 -15.0048 -0.66651 -8.45602 10.6902 -5.96354e-16 -5.59082e-16 -1.27471e-14 
315.066 78.6618 435.813 5.05146 -4.68532 61.4514 0 4.34476 -0.984994 -0.512909 3.21889 0.0312688 0 4.80497 0.916596 -0.0938812 2.89571 -0.115846 -8.77771e-18 5.1242 0.0983897 0.0986034 2.96644 -0.0241429 -9.44946e-18 5.56568 -0.37943 0.250549 2.55534 0.0148239 -1.68784e-17 6.50642 -1.28831 0.442801 1.7786 -0.0634382 -2.16702e-17 8.12491 -0.78234 0.668396 1.49799 -0.432131 -2.48435e-17 9.02658 1.34903 -0.0341213 0.992852 0.125152 -1.10523e-17 4.09476 0.611966 0.731122 -1.3064 -1.37034 -1.54981e-17 4.1244 0.360838 1.50154 -5.2553 -0.704703 -1.71918e-17 4.13237 0.654504 1.95351 -4.73423 1.06104 1.05481 -6.50798 6.44505 -1.4523 3.9768 -3.48199 11.0826 2.77992 -2.79636 -82.9541 22.9734 -5.98344 24.9873 0.0511653 0.117236 1.81941 -0.130606 -8.80085 20.7319 0.0424511 0.0972706 1.7088 -23.9453 -2.77743 -1.05481 -6.50797 6.44497 5.01556 6.30223 3.89819 -11.0826 2.77992 -2.79636 78.8421 12.5973 2.42057 -24.9873 0.0511653 0.117236 -0.534449 -0.00913988 2.57608 -20.7319 0.042451 0.0972707 -3.05836 13.7581 4.697 7.90195 -3.59782 1.73896 0.382556 -0.893032 -21.0694 -0.72918 -33.1692 -0.560506 -1.26265 4.71409 -0.0303508 -1.99006 -34.5633 -5.17465 1.45075 -2.89777 15.1645 0.66651 -8.45602 10.6902 2.48481e-17 -7.95139e-16 1.2424e-17 -7.90195 -3.59782 1.73896 0.65751 3.7753 12.6935 0.72918 -33.1692 -0.560506 1.1723 4.37726 0.0316338 1.99006 -34.5633 -5.17465 -3.06408 -3.63731 -14.9989 -0.66651 -8.45602 10.6902 -5.96354e-16 -5.59082e-16 -1.27471e-14 
315.03 78.6623 435.836 5.02074 -4.66139 61.4205 0 4.34476 -0.984994 -0.521866 3.18682 0.0213903 0 4.80497 0.916596 -0.0999751 2.87549 -0.127172 -8.77771e-18 5.1242 0.0983897 0.0947304 2.95619 -0.0355055 -9.44946e-18 5.56568 -0.37943 0.249191 2.56324 0.00325555 -1.68784e-17 6.50642 -1.28831 0.441551 1.7976 -0.0752522 -2.16702e-17 8.12491 -0.78234 0.666311 1.52227 -0.444193 -2.48435e-17 9.02658 1.34903 -0.0332029 0.990069 0.12485 -1.10523e-17 4.09476 0.611966 0.746809 -1.26228 -1.269 -1.54981e-17 4.1244 0.360838 1.50609 -5.21693 -0.657902 -1.71918e-17 4.13237 0.654504 1.9468 -4.7195 1.09959 1.05481 -6.50798 6.44505 -1.4654 3.94774 -3.43136 11.0826 2.77992 -2.79636 -82.9855 22.9442 -5.92486 24.9873 0.0511653 0.117236 1.83272 -0.132605 -8.86573 20.7319 0.0424511 0.0972706 1.70245 -23.9068 -2.80454 -1.05481 -6.50797 6.44497 5.02931 6.26996 3.86583 -11.0826 2.77992 -2.79636 78.7888 12.4354 2.32669 -24.9873 0.0511653 0.117236 -0.541281 -0.00941386 2.60904 -20.7319 0.042451 0.0972707 -3.10701 14.0612 4.70634 7.90195 -3.59782 1.73896 0.406033 -0.933519 -21.0296 -0.72918 -33.1692 -0.560506 -1.25726 4.69399 -0.0304423 -1.99006 -34.5633 -5.17465 1.44246 -2.88517 15.1661 0.66651 -8.45602 10.6902 2.48481e-17 -7.95139e-16 1.2424e-17 -7.90195 -3.59782 1.73896 0.678302 3.74396 12.7209 0.72918 -33.1692 -0.560506 1.16009 4.33174 0.0317662 1.99006 -34.5633 -5.17465 -3.05358 -3.63801 -14.9991 -0.66651 -8.45602 10.6902 -5.96354e-16 -5.59082e-16 -1.27471e-14 
314.998 78.6647 435.865 5.00677 -4.64821 61.3654 0 4.34476 -0.984994 -0.531623 3.15398 0.0170165 0 4.80497 0.916596 -0.107453 2.85425 -0.133224 -8.77771e-18 5.1242 0.0983897 0.0896077 2.94472 -0.0413744 -9.44946e-18 5.56568 -0.37943 0.246568 2.56922 -0.00257896 -1.68784e-17 6.50642 -1.28831 0.440515 1.81433 -0.0809248 -2.16702e-17 8.12491 -0.78234 0.666566 1.54571 -0.450399 -2.48435e-17 9.02658 1.34903 -0.0324869 0.987798 0.125394 -1.10523e-17 4.09476 0.611966 0.756691 -1.26825 -1.1967 -1.54981e-17 4.1244 0.360838 1.52245 -5.16574 -0.62409 -1.71918e-17 4.13237 0.654504 1.97249 -4.64133 1.14733 1.05481 -6.50798 6.44505 -1.49714 3.92905 -3.39429 11.0826 2.77992 -2.79636 -83.0178 22.8862 -5.85656 24.9873 0.0511653 0.117236 1.84485 -0.134439 -8.92483 20.7319 0.0424511 0.0972706 1.71639 -23.8129 -2.80098 -1.05481 -6.50797 6.44497 5.076 6.25935 3.85055 -11.0826 2.77992 -2.79636 78.694 12.2846 2.2415 -24.9873 0.0511653 0.117236 -0.545713 -0.00959371 2.63042 -20.7319 0.042451 0.0972707 -3.112 14.32 4.69102 7.90195 -3.59782 1.73896 0.433342 -0.945277 -20.9499 -0.72918 -33.1692 -0.560506 -1.25118 4.67134 -0.0305431 -1.99006 -34.5633 -5.17465 1.44142 -2.86564 15.166 0.66651 -8.45602 10.6902 2.48481e-17 -7.95139e-16 1.2424e-17 -7.90195 -3.59782 1.73896 0.700978 3.72448 12.7808 0.72918 -33.1692 -0.560506 1.15224 4.30247 0.0318462 1.99006 -34.5633 -5.17465 -3.05081 -3.62681 -14.997 -0.66651 -8.45602 10.6902 -5.96354e-16 -5.59082e-16 -1.27471e-14 
314.968 78.668 435.893 5.0217 -4.66582 61.3037 0 4.34476 -0.984994 -0.538791 3.12884 0.0159876 0 4.80497 0.916596 -0.113236 2.83984 -0.135458 -8.77771e-18 5.1242 0.0983897 0.0857468 2.94037 -0.0432509 -9.44946e-18 5.56568 -0.37943 0.244681 2.58269 -0.00420911 -1.68784e-17 6.50642 -1.28831 0.440759 1.83771 -0.082268 -2.16702e-17 8.12491 -0.78234 0.669208 1.57716 -0.452703 -2.48435e-17 9.02658 1.34903 -0.0315632 0.985299 0.126244 -1.10523e-17 4.09476 0.611966 0.767112 -1.27564 -1.12843 -1.54981e-17 4.1244 0.360838 1.55046 -5.11924 -0.591668 -1.71918e-17 4.13237 0.654504 2.00994 -4.55471 1.17449 1.05481 -6.50798 6.44505 -1.52938 3.90908 -3.36219 11.0826 2.77992 -2.79636 -83.0433 22.8337 -5.80254 24.9873 0.0511653 0.117236 1.85298 -0.135676 -8.96447 20.7319 0.0424511 0.0972706 1.72564 -23.7095 -2.78931 -1.05481 -6.50797 6.44497 5.13641 6.25164 3.84083 -11.0826 2.77992 -2.79636 78.5814 12.1342 2.16988 -24.9873 0.0511653 0.117236 -0.546302 -0.00961776 2.63327 -20.7319 0.042451 0.0972707 -3.11281 14.5389 4.68175 7.90195 -3.59782 1.73896 0.476043 -0.91529 -20.8675 -0.72918 -33.1692 -0.560506 -1.24551 4.65021 -0.030635 -1.99006 -34.5633 -5.17465 1.41943 -2.853 15.1678 0.66651 -8.45602 10.6902 2.48481e-17 -7.95139e-16 1.2424e-17 -7.90195 -3.59782 1.73896 0.735477 3.74371 12.8477 0.72918 -33.1692 -0.560506 1.14439 4.27319 0.0319222 1.99006 -34.5633 -5.17465 -3.04348 -3.59655 -14.9929 -0.66651 -8.45602 10.6902 -5.96354e-16 -5.59082e-16 -1.27471e-14 
314.931 78.6715 435.913 5.00261 -4.63582 61.2448 0 4.34476 -0.984994 -0.553844 3.09908 0.0160618 0 4.80497 0.916596 -0.125421 2.8225 -0.137387 -8.77771e-18 5.1242 0.0983897 0.0771867 2.93491 -0.0447879 -9.44946e-18 5.56568 -0.37943 0.239769 2.59845 -0.00543657 -1.68784e-17 6.50642 -1.28831 0.439834 1.86519 -0.0828075 -2.16702e-17 8.12491 -0.78234 0.672964 1.61415 -0.454632 -2.48435e-17 9.02658 1.34903 -0.0302368 0.982173 0.126891 -1.10523e-17 4.09476 0.611966 0.779222 -1.27876 -1.06254 -1.54981e-17 4.1244 0.360838 1.58919 -5.08152 -0.560106 -1.71918e-17 4.13237 0.654504 2.05111 -4.50199 1.19568 1.05481 -6.50798 6.44505 -1.56564 3.88926 -3.32973 11.0826 2.77992 -2.79636 -83.0673 22.7947 -5.7548 24.9873 0.0511653 0.117236 1.86124 -0.136937 -9.00471 20.7319 0.0424511 0.0972706 1.7293 -23.6195 -2.84175 -1.05481 -6.50797 6.44497 5.20062 6.24435 3.83166 -11.0826 2.77992 -2.79636 78.4741 12.0162 2.11296 -24.9873 0.0511653 0.117236 -0.545726 -0.00959419 2.63049 -20.7319 0.042451 0.0972707 -3.13878 14.6508 4.7197 7.90195 -3.59782 1.73896 0.491811 -0.933052 -20.7947 -0.72918 -33.1692 -0.560506 -1.23223 4.60072 -0.030842 -1.99006 -34.5633 -5.17465 1.37861 -2.82053 15.1696 0.66651 -8.45602 10.6902 2.48481e-17 -7.95139e-16 1.2424e-17 -7.90195 -3.59782 1.73896 0.740601 3.70701 12.8885 0.72918 -33.1692 -0.560506 1.13594 4.24169 0.0319995 1.99006 -34.5633 -5.17465 -3.02504 -3.5915 -14.9928 -0.66651 -8.45602 10.6902 -5.96354e-16 -5.59082e-16 -1.27471e-14 
314.881 78.6735 435.924 4.88977 -4.5314 61.1819 0 4.34476 -0.984994 -0.574947 3.03937 0.0154631 0 4.80497 0.916596 -0.142781 2.78286 -0.140453 -8.77771e-18 5.1242 0.0983897 0.0647932 2.9123 -0.047407 -9.44946e-18 5.56568 -0.37943 0.232356 2.60702 -0.00772486 -1.68784e-17 6.50642 -1.28831 0.437308 1.8929 -0.0841632 -2.16702e-17 8.12491 -0.78234 0.676112 1.65382 -0.457438 -2.48435e-17 9.02658 1.34903 -0.0286303 0.978087 0.127256 -1.10523e-17 4.09476 0.611966 0.789503 -1.29971 -1.00231 -1.54981e-17 4.1244 0.360838 1.63101 -5.03229 -0.531236 -1.71918e-17 4.13237 0.654504 2.10596 -4.45415 1.21935 1.05481 -6.50798 6.44505 -1.61676 3.86615 -3.28471 11.0826 2.77992 -2.79636 -83.0886 22.7176 -5.69534 24.9873 0.0511653 0.117236 1.8739 -0.138884 -9.06645 20.7319 0.0424511 0.0972706 1.74241 -23.4982 -2.93434 -1.05481 -6.50797 6.44497 5.27591 6.23265 3.81217 -11.0826 2.77992 -2.79636 78.3804 11.9055 2.05875 -24.9873 0.0511653 0.117236 -0.549868 -0.00976366 2.65047 -20.7319 0.042451 0.0972707 -3.17845 14.662 4.77708 7.90195 -3.59782 1.73896 0.484629 -1.0769 -20.6976 -0.72918 -33.1692 -0.560506 -1.21593 4.53993 -0.0310805 -1.99006 -34.5633 -5.17465 1.34588 -2.77945 15.1692 0.66651 -8.45602 10.6902 2.48481e-17 -7.95139e-16 1.2424e-17 -7.90195 -3.59782 1.73896 0.724179 3.54937 12.9055 0.72918 -33.1692 -0.560506 1.1246 4.19937 0.032096 1.99006 -34.5633 -5.17465 -3.01306 -3.61724 -14.9952 -0.66651 -8.45602 10.6902 -5.96354e-16 -5.59082e-16 -1.27471e-14 
314.839 78.6819 435.938 4.80672 -4.44091 61.1344 0 4.34476 -0.984994 -0.597247 2.97984 0.0142382 0 4.80497 0.916596 -0.161378 2.7414 -0.144378 -8.77771e-18 5.1242 0.0983897 0.0510342 2.88593 -0.050786 -9.44946e-18 5.56568 -0.37943 0.223572 2.60855 -0.0109422 -1.68784e-17 6.50642 -1.28831 0.433133 1.91257 -0.0862076 -2.16702e-17 8.12491 -0.78234 0.677396 1.68455 -0.460439 -2.48435e-17 9.02658 1.34903 -0.0268358 0.975945 0.127867 -1.10523e-17 4.09476 0.611966 0.799562 -1.35266 -0.934294 -1.54981e-17 4.1244 0.360838 1.65963 -4.95001 -0.498882 -1.71918e-17 4.13237 0.654504 2.18179 -4.31778 1.23127 1.05481 -6.50798 6.44505 -1.70839 3.85913 -3.2571 11.0826 2.77992 -2.79636 -83.057 22.6665 -5.623 24.9873 0.0511653 0.117236 1.88927 -0.141264 -9.14136 20.7319 0.0424511 0.0972706 1.72872 -23.4435 -2.98597 -1.05481 -6.50797 6.44497 5.36217 6.23183 3.80693 -11.0826 2.77992 -2.79636 78.2657 11.7566 1.97812 -24.9873 0.0511653 0.117236 -0.559378 -0.0101584 2.69635 -20.7319 0.042451 0.0972707 -3.14875 14.589 4.78003 7.90195 -3.59782 1.73896 0.474688 -1.17701 -20.6057 -0.72918 -33.1692 -0.560506 -1.19432 4.4594 -0.0313697 -1.99006 -34.5633 -5.17465 1.31454 -2.70175 15.166 0.66651 -8.45602 10.6902 2.48481e-17 -7.95139e-16 1.2424e-17 -7.90195 -3.59782 1.73896 0.704829 3.43779 12.913 0.72918 -33.1692 -0.560506 1.10766 4.13619 0.0322244 1.99006 -34.5633 -5.17465 -2.99808 -3.6054 -14.9933 -0.66651 -8.45602 10.6902 -5.96354e-16 -5.59082e-16 -1.27471e-14 
314.803 78.6873 435.946 4.78119 -4.45334 61.1304 0 4.34476 -0.984994 -0.594467 2.93699 0.00596827 0 4.80497 0.916596 -0.158182 2.71282 -0.152293 -8.77771e-18 5.1242 0.0983897 0.0543604 2.86931 -0.0583047 -9.44946e-18 5.56568 -0.37943 0.227085 2.61372 -0.0184608 -1.68784e-17 6.50642 -1.28831 0.43513 1.93175 -0.094496 -2.16702e-17 8.12491 -0.78234 0.677158 1.71156 -0.469282 -2.48435e-17 9.02658 1.34903 -0.0255286 0.974781 0.128506 -1.10523e-17 4.09476 0.611966 0.811238 -1.37457 -0.867882 -1.54981e-17 4.1244 0.360838 1.66917 -4.881 -0.467224 -1.71918e-17 4.13237 0.654504 2.21826 -4.17786 1.24311 1.05481 -6.50798 6.44505 -1.7862 3.8492 -3.23534 11.0826 2.77992 -2.79636 -83.027 22.716 -5.54689 24.9873 0.0511653 0.117236 1.90499 -0.143722 -9.21803 20.7319 0.0424511 0.0972706 1.67116 -23.5509 -2.98472 -1.05481 -6.50797 6.44497 5.40579 6.22182 3.79891 -11.0826 2.77992 -2.79636 78.16 11.6438 1.86311 -24.9873 0.0511653 0.117236 -0.56836 -0.0105383 2.73969 -20.7319 0.042451 0.0972707 -3.08554 14.4226 4.76506 7.90195 -3.59782 1.73896 0.51733 -1.19734 -20.5739 -0.72918 -33.1692 -0.560506 -1.18416 4.4215 -0.0314953 -1.99006 -34.5633 -5.17465 1.31832 -2.66665 15.164 0.66651 -8.45602 10.6902 2.48481e-17 -7.95139e-16 1.2424e-17 -7.90195 -3.59782 1.73896 0.750544 3.44809 12.8849 0.72918 -33.1692 -0.560506 1.08095 4.03655 0.0323888 1.99006 -34.5633 -5.17465 -3.00965 -3.53132 -14.9839 -0.66651 -8.45602 10.6902 -2.42264e-16 -5.81213e-16 -1.27581e-14 
314.766 78.6843 435.953 4.80076 -4.50105 61.1313 0 4.34476 -0.984994 -0.578881 2.9234 -0.00323976 0 4.80497 0.916596 -0.14452 2.70413 -0.159494 -8.77771e-18 5.1242 0.0983897 0.0652833 2.86415 -0.0652507 -9.44946e-18 5.56568 -0.37943 0.235313 2.61547 -0.0255096 -1.68784e-17 6.50642 -1.28831 0.43891 1.938 -0.103056 -2.16702e-17 8.12491 -0.78234 0.67524 1.71918 -0.477542 -2.48435e-17 9.02658 1.34903 -0.0245987 0.97478 0.128808 -1.10523e-17 4.09476 0.611966 0.822325 -1.3558 -0.806652 -1.54981e-17 4.1244 0.360838 1.66028 -4.84484 -0.438156 -1.71918e-17 4.13237 0.654504 2.17869 -4.11318 1.26413 1.05481 -6.50798 6.44505 -1.81572 3.84199 -3.21598 11.0826 2.77992 -2.79636 -83.04 22.8332 -5.45183 24.9873 0.0511653 0.117236 1.91587 -0.145435 -9.27111 20.7319 0.0424511 0.0972706 1.59255 -23.7291 -2.9865 -1.05481 -6.50797 6.44497 5.38926 6.21245 3.78252 -11.0826 2.77992 -2.79636 78.0922 11.6289 1.71916 -24.9873 0.0511653 0.117236 -0.5722 -0.0107027 2.75821 -20.7319 0.042451 0.0972707 -3.00974 14.1887 4.76042 7.90195 -3.59782 1.73896 0.570018 -1.16781 -20.5695 -0.72918 -33.1692 -0.560506 -1.17952 4.40419 -0.0315504 -1.99006 -34.5633 -5.17465 1.3276 -2.67323 15.1638 0.66651 -8.45602 10.6902 2.48481e-17 -7.95139e-16 1.2424e-17 -7.90195 -3.59782 1.73896 0.807171 3.52102 12.8627 0.72918 -33.1692 -0.560506 1.05256 3.93063 0.0325125 1.99006 -34.5633 -5.17465 -3.02801 -3.4801 -14.9774 -0.66651 -8.45602 10.6902 -5.52875e-16 -5.61799e-16 -1.27484e-14 
314.727 78.6743 435.962 4.84459 -4.55662 61.1598 0 4.34476 -0.984994 -0.559607 2.93362 -0.0109987 0 4.80497 0.916596 -0.128191 2.71214 -0.164362 -8.77771e-18 5.1242 0.0983897 0.0777702 2.86939 -0.0698633 -9.44946e-18 5.56568 -0.37943 0.243928 2.61711 -0.0300549 -1.68784e-17 6.50642 -1.28831 0.442276 1.93675 -0.109124 -2.16702e-17 8.12491 -0.78234 0.672245 1.71542 -0.482938 -2.48435e-17 9.02658 1.34903 -0.0243058 0.974796 0.129194 -1.10523e-17 4.09476 0.611966 0.826631 -1.32589 -0.769816 -1.54981e-17 4.1244 0.360838 1.64311 -4.8344 -0.420618 -1.71918e-17 4.13237 0.654504 2.11269 -4.09345 1.27885 1.05481 -6.50798 6.44505 -1.80508 3.84222 -3.21076 11.0826 2.77992 -2.79636 -83.1057 22.9634 -5.3641 24.9873 0.0511653 0.117236 1.9207 -0.146198 -9.29467 20.7319 0.0424511 0.0972706 1.55428 -23.8112 -2.95982 -1.05481 -6.50797 6.44497 5.35629 6.21967 3.77787 -11.0826 2.77992 -2.79636 78.0482 11.7397 1.57739 -24.9873 0.0511653 0.117236 -0.567771 -0.010513 2.73685 -20.7319 0.042451 0.0972707 -2.89647 13.8571 4.77132 7.90195 -3.59782 1.73896 0.61789 -1.14352 -20.59 -0.72918 -33.1692 -0.560506 -1.19023 4.44413 -0.0314211 -1.99006 -34.5633 -5.17465 1.32746 -2.72001 15.1667 0.66651 -8.45602 10.6902 2.48481e-17 -7.95139e-16 1.2424e-17 -7.90195 -3.59782 1.73896 0.858865 3.61933 12.8445 0.72918 -33.1692 -0.560506 1.02717 3.83591 0.0325785 1.99006 -34.5633 -5.17465 -3.03591 -3.46939 -14.9753 -0.66651 -8.45602 10.6902 -5.96354e-16 -5.59082e-16 -1.27471e-14 
314.683 78.6611 435.975 4.86427 -4.5692 61.1473 0 4.34476 -0.984994 -0.550802 2.94936 -0.0110976 0 4.80497 0.916596 -0.121577 2.72389 -0.162943 -8.77771e-18 5.1242 0.0983897 0.0822115 2.87654 -0.0681517 -9.44946e-18 5.56568 -0.37943 0.245943 2.61732 -0.0281146 -1.68784e-17 6.50642 -1.28831 0.442108 1.9318 -0.107484 -2.16702e-17 8.12491 -0.78234 0.669924 1.7081 -0.480486 -2.48435e-17 9.02658 1.34903 -0.0242919 0.973992 0.129488 -1.10523e-17 4.09476 0.611966 0.825684 -1.31472 -0.739657 -1.54981e-17 4.1244 0.360838 1.62915 -4.82056 -0.406524 -1.71918e-17 4.13237 0.654504 2.05187 -4.08566 1.30322 1.05481 -6.50798 6.44505 -1.77482 3.84946 -3.21393 11.0826 2.77992 -2.79636 -83.1984 23.0299 -5.28539 24.9873 0.0511653 0.117236 1.91731 -0.145662 -9.27811 20.7319 0.0424511 0.0972706 1.56536 -23.7538 -2.92634 -1.05481 -6.50797 6.44497 5.3458 6.24269 3.78345 -11.0826 2.77992 -2.79636 78.0221 11.9228 1.48241 -24.9873 0.0511653 0.117236 -0.557854 -0.0100942 2.689 -20.7319 0.042451 0.0972707 -2.81139 13.5981 4.78016 7.90195 -3.59782 1.73896 0.643724 -1.15989 -20.5593 -0.72918 -33.1692 -0.560506 -1.2017 4.48689 -0.0312744 -1.99006 -34.5633 -5.17465 1.32979 -2.77148 15.1694 0.66651 -8.45602 10.6902 2.48481e-17 -7.95139e-16 1.2424e-17 -7.90195 -3.59782 1.73896 0.88571 3.66187 12.8613 0.72918 -33.1692 -0.560506 1.0077 3.76324 0.0326007 1.99006 -34.5633 -5.17465 -3.05416 -3.50036 -14.9764 -0.66651 -8.45602 10.6902 -5.96354e-16 -5.59082e-16 -1.27471e-14 
314.639 78.653 435.986 4.86262 -4.54319 61.105 0 4.34476 -0.984994 -0.553383 2.95566 -0.00436415 0 4.80497 0.916596 -0.125324 2.72949 -0.155989 -8.77771e-18 5.1242 0.0983897 0.0782521 2.88064 -0.0607724 -9.44946e-18 5.56568 -0.37943 0.241466 2.61987 -0.0203052 -1.68784e-17 6.50642 -1.28831 0.438812 1.93243 -0.0987474 -2.16702e-17 8.12491 -0.78234 0.66914 1.70929 -0.471272 -2.48435e-17 9.02658 1.34903 -0.0242391 0.971857 0.129727 -1.10523e-17 4.09476 0.611966 0.823035 -1.34808 -0.704317 -1.54981e-17 4.1244 0.360838 1.62733 -4.79859 -0.390161 -1.71918e-17 4.13237 0.654504 2.0247 -4.05257 1.3142 1.05481 -6.50798 6.44505 -1.75614 3.86019 -3.22435 11.0826 2.77992 -2.79636 -83.289 22.9911 -5.21985 24.9873 0.0511653 0.117236 1.90745 -0.144108 -9.23003 20.7319 0.0424511 0.0972706 1.61817 -23.5662 -2.87657 -1.05481 -6.50797 6.44497 5.37037 6.2727 3.79858 -11.0826 2.77992 -2.79636 77.991 12.0972 1.43374 -24.9873 0.0511653 0.117236 -0.546202 -0.00961287 2.63278 -20.7319 0.042451 0.0972707 -2.72538 13.427 4.76688 7.90195 -3.59782 1.73896 0.645329 -1.21086 -20.4956 -0.72918 -33.1692 -0.560506 -1.21079 4.5208 -0.031152 -1.99006 -34.5633 -5.17465 1.3129 -2.7889 15.1724 0.66651 -8.45602 10.6902 2.48481e-17 -7.95139e-16 1.2424e-17 -7.90195 -3.59782 1.73896 0.882589 3.64038 12.9126 0.72918 -33.1692 -0.560506 0.999168 3.7314 0.0326026 1.99006 -34.5633 -5.17465 -3.05681 -3.54031 -14.979 -0.66651 -8.45602 10.6902 -5.96354e-16 -5.59082e-16 -1.27471e-14 
314.597 78.654 435.995 4.88184 -4.5299 61.0638 0 4.34476 -0.984994 -0.556146 2.95975 0.00497193 0 4.80497 0.916596 -0.129575 2.73402 -0.146661 -8.77771e-18 5.1242 0.0983897 0.07382 2.88537 -0.0510079 -9.44946e-18 5.56568 -0.37943 0.236491 2.62573 -0.0100245 -1.68784e-17 6.50642 -1.28831 0.435668 1.93764 -0.087248 -2.16702e-17 8.12491 -0.78234 0.669718 1.7175 -0.459455 -2.48435e-17 9.02658 1.34903 -0.0244011 0.969896 0.130429 -1.10523e-17 4.09476 0.611966 0.817174 -1.41859 -0.69166 -1.54981e-17 4.1244 0.360838 1.63663 -4.75853 -0.384064 -1.71918e-17 4.13237 0.654504 2.04716 -3.96558 1.32731 1.05481 -6.50798 6.44505 -1.78295 3.87847 -3.24871 11.0826 2.77992 -2.79636 -83.3515 22.8517 -5.15984 24.9873 0.0511653 0.117236 1.89163 -0.141633 -9.15291 20.7319 0.0424511 0.0972706 1.70382 -23.2826 -2.81918 -1.05481 -6.50797 6.44497 5.4336 6.31119 3.824 -11.0826 2.77992 -2.79636 77.9353 12.184 1.39424 -24.9873 0.0511653 0.117236 -0.532679 -0.00906863 2.56754 -20.7319 0.042451 0.0972707 -2.65281 13.3005 4.74757 7.90195 -3.59782 1.73896 0.647656 -1.23271 -20.4221 -0.72918 -33.1692 -0.560506 -1.21596 4.54006 -0.03108 -1.99006 -34.5633 -5.17465 1.27953 -2.76068 15.1735 0.66651 -8.45602 10.6902 2.48481e-17 -7.95139e-16 1.2424e-17 -7.90195 -3.59782 1.73896 0.877998 3.62659 12.9566 0.72918 -33.1692 -0.560506 0.9969 3.72294 0.0326023 1.99006 -34.5633 -5.17465 -3.05373 -3.53512 -14.9766 -0.66651 -8.45602 10.6902 -9.50444e-16 -5.48017e-16 -1.27249e-14 
314.557 78.6567 435.999 4.90376 -4.51876 61.0309 0 4.34476 -0.984994 -0.554984 2.96714 0.0136184 0 4.80497 0.916596 -0.130139 2.7404 -0.137871 -8.77771e-18 5.1242 0.0983897 0.0726056 2.89066 -0.0418088 -9.44946e-18 5.56568 -0.37943 0.234127 2.62988 -0.000331787 -1.68784e-17 6.50642 -1.28831 0.434461 1.93956 -0.0768537 -2.16702e-17 8.12491 -0.78234 0.671332 1.72146 -0.449213 -2.48435e-17 9.02658 1.34903 -0.0247259 0.968795 0.130966 -1.10523e-17 4.09476 0.611966 0.815518 -1.47466 -0.678447 -1.54981e-17 4.1244 0.360838 1.6596 -4.72045 -0.377281 -1.71918e-17 4.13237 0.654504 2.08727 -3.88159 1.33075 1.05481 -6.50798 6.44505 -1.8281 3.89467 -3.26829 11.0826 2.77992 -2.79636 -83.407 22.6479 -5.08503 24.9873 0.0511653 0.117236 1.87366 -0.138846 -9.06525 20.7319 0.0424511 0.0972706 1.78122 -22.9567 -2.79617 -1.05481 -6.50797 6.44497 5.48549 6.34209 3.83392 -11.0826 2.77992 -2.79636 77.8936 12.2396 1.33401 -24.9873 0.0511653 0.117236 -0.519135 -0.00853905 2.5022 -20.7319 0.042451 0.0972707 -2.60721 13.0805 4.79596 7.90195 -3.59782 1.73896 0.643523 -1.2403 -20.3481 -0.72918 -33.1692 -0.560506 -1.21445 4.53442 -0.0311013 -1.99006 -34.5633 -5.17465 1.2612 -2.71239 15.1736 0.66651 -8.45602 10.6902 2.48481e-17 -7.95139e-16 1.2424e-17 -7.90195 -3.59782 1.73896 0.870837 3.6186 12.9779 0.72918 -33.1692 -0.560506 0.993054 3.70858 0.0326011 1.99006 -34.5633 -5.17465 -3.05567 -3.51648 -14.9722 -0.66651 -8.45602 10.6902 -6.39833e-16 -5.57723e-16 -1.27443e-14 
314.513 78.658 435.996 4.88363 -4.47277 61.0147 0 4.34476 -0.984994 -0.55333 2.97284 0.0178211 0 4.80497 0.916596 -0.129452 2.74375 -0.13366 -8.77771e-18 5.1242 0.0983897 0.0729958 2.89066 -0.0373158 -9.44946e-18 5.56568 -0.37943 0.233866 2.6257 0.00445349 -1.68784e-17 6.50642 -1.28831 0.434596 1.93221 -0.0720059 -2.16702e-17 8.12491 -0.78234 0.672691 1.71345 -0.445063 -2.48435e-17 9.02658 1.34903 -0.0245913 0.968712 0.13069 -1.10523e-17 4.09476 0.611966 0.819697 -1.50132 -0.659677 -1.54981e-17 4.1244 0.360838 1.69255 -4.69147 -0.367662 -1.71918e-17 4.13237 0.654504 2.12544 -3.82875 1.32612 1.05481 -6.50798 6.44505 -1.87403 3.90979 -3.27164 11.0826 2.77992 -2.79636 -83.4639 22.4456 -4.98344 24.9873 0.0511653 0.117236 1.85987 -0.136728 -8.99803 20.7319 0.0424511 0.0972706 1.82864 -22.6659 -2.81903 -1.05481 -6.50797 6.44497 5.50773 6.35581 3.81934 -11.0826 2.77992 -2.79636 77.8953 12.263 1.25157 -24.9873 0.0511653 0.117236 -0.514375 -0.00835656 2.47924 -20.7319 0.042451 0.0972707 -2.58897 12.7863 4.88208 7.90195 -3.59782 1.73896 0.630458 -1.2935 -20.2913 -0.72918 -33.1692 -0.560506 -1.20541 4.50071 -0.0312251 -1.99006 -34.5633 -5.17465 1.21938 -2.6675 15.1734 0.66651 -8.45602 10.6902 2.48481e-17 -7.95139e-16 1.2424e-17 -7.90195 -3.59782 1.73896 0.852785 3.55763 12.9562 0.72918 -33.1692 -0.560506 0.987942 3.6895 0.0325979 1.99006 -34.5633 -5.17465 -3.05851 -3.51686 -14.9709 -0.66651 -8.45602 10.6902 -5.96354e-16 -5.59082e-16 -1.27471e-14 
314.464 78.6584 435.991 4.8142 -4.38829 61.0082 0 4.34476 -0.984994 -0.554844 2.96937 0.0208328 0 4.80497 0.916596 -0.131452 2.73847 -0.130587 -8.77771e-18 5.1242 0.0983897 0.0713686 2.88164 -0.0338421 -9.44946e-18 5.56568 -0.37943 0.232474 2.61232 0.00810858 -1.68784e-17 6.50642 -1.28831 0.434029 1.91697 -0.0682343 -2.16702e-17 8.12491 -0.78234 0.673635 1.69666 -0.441929 -2.48435e-17 9.02658 1.34903 -0.0239142 0.969049 0.130045 -1.10523e-17 4.09476 0.611966 0.824162 -1.52476 -0.651807 -1.54981e-17 4.1244 0.360838 1.72515 -4.65235 -0.36277 -1.71918e-17 4.13237 0.654504 2.168 -3.7748 1.31914 1.05481 -6.50798 6.44505 -1.9314 3.92873 -3.27303 11.0826 2.77992 -2.79636 -83.4888 22.2825 -4.86717 24.9873 0.0511653 0.117236 1.85357 -0.135766 -8.96735 20.7319 0.0424511 0.0972706 1.84333 -22.4742 -2.87618 -1.05481 -6.50797 6.44497 5.51151 6.36297 3.79657 -11.0826 2.77992 -2.79636 77.926 12.3144 1.15385 -24.9873 0.0511653 0.117236 -0.519708 -0.00856111 2.50496 -20.7319 0.042451 0.0972707 -2.54112 12.4976 4.93802 7.90195 -3.59782 1.73896 0.606294 -1.42005 -20.2241 -0.72918 -33.1692 -0.560506 -1.19811 4.47353 -0.0313212 -1.99006 -34.5633 -5.17465 1.18437 -2.62149 15.1722 0.66651 -8.45602 10.6902 2.48481e-17 -7.95139e-16 1.2424e-17 -7.90195 -3.59782 1.73896 0.826134 3.44929 12.9031 0.72918 -33.1692 -0.560506 0.974029 3.63757 0.0325806 1.99006 -34.5633 -5.17465 -3.06194 -3.52999 -14.9706 -0.66651 -8.45602 10.6902 -5.96354e-16 -5.59082e-16 -1.27471e-14 
314.416 78.6627 435.985 4.76241 -4.31643 61.0068 0 4.34476 -0.984994 -0.560476 2.9659 0.0234125 0 4.80497 0.916596 -0.136256 2.7327 -0.128521 -8.77771e-18 5.1242 0.0983897 0.0679048 2.87212 -0.0312873 -9.44946e-18 5.56568 -0.37943 0.230292 2.59727 0.0106964 -1.68784e-17 6.50642 -1.28831 0.433643 1.90042 -0.0654069 -2.16702e-17 8.12491 -0.78234 0.675556 1.67846 -0.440062 -2.48435e-17 9.02658 1.34903 -0.0230501 0.970143 0.129434 -1.10523e-17 4.09476 0.611966 0.830003 -1.55244 -0.651636 -1.54981e-17 4.1244 0.360838 1.75277 -4.60681 -0.361411 -1.71918e-17 4.13237 0.654504 2.23032 -3.69127 1.31231 1.05481 -6.50798 6.44505 -1.99926 3.95179 -3.27801 11.0826 2.77992 -2.79636 -83.4682 22.2003 -4.75332 24.9873 0.0511653 0.117236 1.85311 -0.135695 -8.96507 20.7319 0.0424511 0.0972706 1.80907 -22.4642 -2.91671 -1.05481 -6.50797 6.44497 5.52002 6.37049 3.77983 -11.0826 2.77992 -2.79636 77.9702 12.3479 1.06562 -24.9873 0.0511653 0.117236 -0.529618 -0.00894752 2.55277 -20.7319 0.042451 0.0972707 -2.50456 12.2823 4.93795 7.90195 -3.59782 1.73896 0.578197 -1.53337 -20.165 -0.72918 -33.1692 -0.560506 -1.19344 4.45609 -0.0313809 -1.99006 -34.5633 -5.17465 1.17877 -2.54749 15.1691 0.66651 -8.45602 10.6902 2.48481e-17 -7.95139e-16 1.2424e-17 -7.90195 -3.59782 1.73896 0.803252 3.37071 12.8538 0.72918 -33.1692 -0.560506 0.954663 3.56529 0.0325355 1.99006 -34.5633 -5.17465 -3.06966 -3.51124 -14.9676 -0.66651 -8.45602 10.6902 -2.42264e-16 -5.81213e-16 -1.27581e-14 
314.37 78.6683 435.975 4.72336 -4.26937 60.9944 0 4.34476 -0.984994 -0.56547 2.96665 0.024539 0 4.80497 0.916596 -0.13906 2.73065 -0.128101 -8.77771e-18 5.1242 0.0983897 0.067282 2.8664 -0.0303113 -9.44946e-18 5.56568 -0.37943 0.231896 2.58518 0.0116934 -1.68784e-17 6.50642 -1.28831 0.437905 1.88624 -0.0646678 -2.16702e-17 8.12491 -0.78234 0.682414 1.66216 -0.441667 -2.48435e-17 9.02658 1.34903 -0.0217147 0.971299 0.129064 -1.10523e-17 4.09476 0.611966 0.843755 -1.5621 -0.643433 -1.54981e-17 4.1244 0.360838 1.79477 -4.56833 -0.355834 -1.71918e-17 4.13237 0.654504 2.28553 -3.62394 1.31526 1.05481 -6.50798 6.44505 -2.04656 3.96607 -3.26431 11.0826 2.77992 -2.79636 -83.456 22.1855 -4.64315 24.9873 0.0511653 0.117236 1.85802 -0.136445 -8.98902 20.7319 0.0424511 0.0972706 1.75254 -22.5916 -2.95282 -1.05481 -6.50797 6.44497 5.52895 6.3715 3.75984 -11.0826 2.77992 -2.79636 78.018 12.2583 1.00317 -24.9873 0.0511653 0.117236 -0.540523 -0.00938236 2.60538 -20.7319 0.042451 0.0972707 -2.55036 12.3913 4.89238 7.90195 -3.59782 1.73896 0.561265 -1.63696 -20.1174 -0.72918 -33.1692 -0.560506 -1.19595 4.46546 -0.031349 -1.99006 -34.5633 -5.17465 1.17743 -2.47676 15.1664 0.66651 -8.45602 10.6902 2.48481e-17 -7.95139e-16 1.2424e-17 -7.90195 -3.59782 1.73896 0.791709 3.31407 12.8233 0.72918 -33.1692 -0.560506 0.934247 3.48908 0.0324615 1.99006 -34.5633 -5.17465 -3.05969 -3.47359 -14.9658 -0.66651 -8.45602 10.6902 -5.52871e-16 -5.618e-16 -1.27484e-14 
314.328 78.6721 435.965 4.67329 -4.2308 60.9771 0 4.34476 -0.984994 -0.566418 2.96697 0.0254657 0 4.80497 0.916596 -0.137889 2.7282 -0.127306 -8.77771e-18 5.1242 0.0983897 0.0704611 2.86003 -0.0288626 -9.44946e-18 5.56568 -0.37943 0.237237 2.57243 0.0133246 -1.68784e-17 6.50642 -1.28831 0.44597 1.87075 -0.0637253 -2.16702e-17 8.12491 -0.78234 0.692965 1.64337 -0.443823 -2.48435e-17 9.02658 1.34903 -0.0198716 0.972457 0.129413 -1.10523e-17 4.09476 0.611966 0.861425 -1.5609 -0.627077 -1.54981e-17 4.1244 0.360838 1.84328 -4.53958 -0.346201 -1.71918e-17 4.13237 0.654504 2.3167 -3.59002 1.31709 1.05481 -6.50798 6.44505 -2.05437 3.97032 -3.23042 11.0826 2.77992 -2.79636 -83.4907 22.2109 -4.52817 24.9873 0.0511653 0.117236 1.86622 -0.137702 -9.029 20.7319 0.0424511 0.0972706 1.69619 -22.7613 -3.00568 -1.05481 -6.50797 6.44497 5.5391 6.37723 3.74158 -11.0826 2.77992 -2.79636 78.0472 12.0461 0.95714 -24.9873 0.0511653 0.117236 -0.545717 -0.0095929 2.63044 -20.7319 0.042451 0.0972707 -2.63082 12.6822 4.82083 7.90195 -3.59782 1.73896 0.559753 -1.74574 -20.0886 -0.72918 -33.1692 -0.560506 -1.20121 4.48506 -0.0312809 -1.99006 -34.5633 -5.17465 1.16136 -2.4342 15.1657 0.66651 -8.45602 10.6902 2.48481e-17 -7.95139e-16 1.2424e-17 -7.90195 -3.59782 1.73896 0.791993 3.25398 12.8089 0.72918 -33.1692 -0.560506 0.914128 3.41397 0.032362 1.99006 -34.5633 -5.17465 -3.04637 -3.43936 -14.9651 -0.66651 -8.45602 10.6902 -5.96354e-16 -5.59082e-16 -1.27471e-14 
314.429 78.6157 435.854 4.61737 -4.18132 60.9632 0 4.34476 -0.984994 -0.521506 2.9746 0.0146061 0 4.80497 0.916596 -0.0976032 2.72503 -0.133054 -8.77771e-18 5.1242 0.0983897 0.104056 2.8404 -0.0340809 -9.44946e-18 5.56568 -0.37943 0.263956 2.5279 0.00849158 -1.68784e-17 6.50642 -1.28831 0.464049 1.81365 -0.0729543 -2.16702e-17 8.12491 -0.78234 0.698833 1.56948 -0.455423 -2.48435e-17 9.02658 1.34903 -0.0196392 0.978036 0.131404 -1.10523e-17 4.09476 0.611966 0.874062 -1.56412 -0.620173 -1.54981e-17 4.1244 0.360838 1.83702 -4.45953 -0.342093 -1.71918e-17 4.13237 0.654504 2.24763 -3.50745 1.35304 1.05481 -6.50798 6.44505 -2.04 3.98111 -3.18382 11.0826 2.77992 -2.79636 -83.7491 22.2356 -4.27554 24.9873 0.0511653 0.117236 1.88063 -0.139923 -9.09924 20.7319 0.0424511 0.0972706 1.63634 -22.8962 -3.07198 -1.05481 -6.50797 6.44497 5.44817 6.40126 3.71518 -11.0826 2.77992 -2.79636 78.004 11.8692 0.795657 -24.9873 0.0511653 0.117236 -0.545535 -0.00958541 2.62956 -20.7319 0.042451 0.0972707 -2.6596 12.891 4.80037 7.90195 -3.59782 1.73896 0.44636 -1.76385 -20.0546 -0.72918 -33.1692 -0.560506 -1.1995 4.47869 -0.0313032 -1.99006 -34.5633 -5.17465 1.25157 -2.70043 15.1642 0.66651 -8.45602 10.6902 2.48481e-17 -7.95139e-16 1.2424e-17 -7.90195 -3.59782 1.73896 0.682578 3.29406 12.7838 0.72918 -33.1692 -0.560506 0.882784 3.29695 0.0321542 1.99006 -34.5633 -5.17465 -3.14928 -3.69144 -14.9879 -0.66651 -8.45602 10.6902 -5.96354e-16 -5.59082e-16 -1.27471e-14 
314.433 78.6088 435.84 4.57842 -4.13608 60.9614 0 4.34476 -0.984994 -0.516709 2.98834 0.0150926 0 4.80497 0.916596 -0.0924589 2.72718 -0.13187 -8.77771e-18 5.1242 0.0983897 0.109343 2.82945 -0.032186 -9.44946e-18 5.56568 -0.37943 0.269613 2.49603 0.0105147 -1.68784e-17 6.50642 -1.28831 0.470036 1.77055 -0.0718241 -2.16702e-17 8.12491 -0.78234 0.70506 1.51595 -0.456086 -2.48435e-17 9.02658 1.34903 -0.0180611 0.982324 0.13242 -1.10523e-17 4.09476 0.611966 0.888011 -1.5012 -0.592454 -1.54981e-17 4.1244 0.360838 1.8496 -4.44372 -0.328236 -1.71918e-17 4.13237 0.654504 2.26484 -3.49138 1.32431 1.05481 -6.50798 6.44505 -2.00546 3.99636 -3.15212 11.0826 2.77992 -2.79636 -83.8665 22.3096 -4.09316 24.9873 0.0511653 0.117236 1.88908 -0.141236 -9.14046 20.7319 0.0424511 0.0972706 1.59903 -23.0429 -3.13933 -1.05481 -6.50797 6.44497 5.43152 6.42855 3.69755 -11.0826 2.77992 -2.79636 78.0096 11.7591 0.679326 -24.9873 0.0511653 0.117236 -0.541563 -0.00942405 2.6104 -20.7319 0.042451 0.0972707 -2.67395 12.9582 4.80785 7.90195 -3.59782 1.73896 0.418738 -1.79541 -20.0667 -0.72918 -33.1692 -0.560506 -1.1879 4.43546 -0.0314498 -1.99006 -34.5633 -5.17465 1.23948 -2.72703 15.1668 0.66651 -8.45602 10.6902 2.48481e-17 -7.95139e-16 1.2424e-17 -7.90195 -3.59782 1.73896 0.655956 3.28944 12.772 0.72918 -33.1692 -0.560506 0.85633 3.19817 0.031929 1.99006 -34.5633 -5.17465 -3.17414 -3.71499 -14.9911 -0.66651 -8.45602 10.6902 -5.96354e-16 -5.59082e-16 -1.27471e-14 
314.426 78.6101 435.843 4.54161 -4.09153 60.9611 0 4.34476 -0.984994 -0.520218 2.98568 0.0205688 0 4.80497 0.916596 -0.0944534 2.72363 -0.126806 -8.77771e-18 5.1242 0.0983897 0.109017 2.82484 -0.0267271 -9.44946e-18 5.56568 -0.37943 0.270776 2.48874 0.0163641 -1.68784e-17 6.50642 -1.28831 0.474208 1.76193 -0.0661217 -2.16702e-17 8.12491 -0.78234 0.71286 1.50692 -0.451963 -2.48435e-17 9.02658 1.34903 -0.0173154 0.982508 0.133275 -1.10523e-17 4.09476 0.611966 0.896807 -1.49685 -0.587697 -1.54981e-17 4.1244 0.360838 1.88737 -4.43822 -0.324417 -1.71918e-17 4.13237 0.654504 2.30519 -3.48576 1.3359 1.05481 -6.50798 6.44505 -1.99416 3.99105 -3.13024 11.0826 2.77992 -2.79636 -83.9371 22.2658 -4.00389 24.9873 0.0511653 0.117236 1.89643 -0.142382 -9.17631 20.7319 0.0424511 0.0972706 1.58538 -23.0332 -3.16013 -1.05481 -6.50797 6.44497 5.43511 6.44544 3.68995 -11.0826 2.77992 -2.79636 78.0314 11.6653 0.645982 -24.9873 0.0511653 0.117236 -0.534193 -0.00912827 2.57484 -20.7319 0.042451 0.0972707 -2.69185 13.0064 4.82156 7.90195 -3.59782 1.73896 0.40471 -1.83817 -20.0442 -0.72918 -33.1692 -0.560506 -1.17979 4.4052 -0.0315472 -1.99006 -34.5633 -5.17465 1.21811 -2.71107 15.167 0.66651 -8.45602 10.6902 2.48481e-17 -7.95139e-16 1.2424e-17 -7.90195 -3.59782 1.73896 0.640098 3.25724 12.7743 0.72918 -33.1692 -0.560506 0.841813 3.14397 0.031786 1.99006 -34.5633 -5.17465 -3.18282 -3.70961 -14.9907 -0.66651 -8.45602 10.6902 -9.50439e-16 -5.48017e-16 -1.27249e-14 
314.42 78.608 435.849 4.48181 -4.03019 60.9569 0 4.34476 -0.984994 -0.522281 2.97081 0.0232803 0 4.80497 0.916596 -0.0949432 2.71145 -0.124327 -8.77771e-18 5.1242 0.0983897 0.110125 2.81401 -0.0237508 -9.44946e-18 5.56568 -0.37943 0.273432 2.48067 0.0196464 -1.68784e-17 6.50642 -1.28831 0.479105 1.75587 -0.0632091 -2.16702e-17 8.12491 -0.78234 0.720338 1.50139 -0.451093 -2.48435e-17 9.02658 1.34903 -0.0164645 0.982215 0.134005 -1.10523e-17 4.09476 0.611966 0.909758 -1.50466 -0.549694 -1.54981e-17 4.1244 0.360838 1.91724 -4.40998 -0.305782 -1.71918e-17 4.13237 0.654504 2.33863 -3.46793 1.32941 1.05481 -6.50798 6.44505 -1.98422 3.99114 -3.11081 11.0826 2.77992 -2.79636 -83.9792 22.2429 -3.92519 24.9873 0.0511653 0.117236 1.90437 -0.143624 -9.21499 20.7319 0.0424511 0.0972706 1.55735 -23.05 -3.1693 -1.05481 -6.50797 6.44497 5.46329 6.46925 3.6941 -11.0826 2.77992 -2.79636 78.018 11.579 0.650632 -24.9873 0.0511653 0.117236 -0.527481 -0.00886288 2.54246 -20.7319 0.042451 0.0972707 -2.70788 13.0834 4.81224 7.90195 -3.59782 1.73896 0.388287 -1.91956 -20.0498 -0.72918 -33.1692 -0.560506 -1.17865 4.40096 -0.0315605 -1.99006 -34.5633 -5.17465 1.19876 -2.72093 15.1688 0.66651 -8.45602 10.6902 2.48481e-17 -7.95139e-16 1.2424e-17 -7.90195 -3.59782 1.73896 0.622092 3.19539 12.7904 0.72918 -33.1692 -0.560506 0.830445 3.10152 0.0316644 1.99006 -34.5633 -5.17465 -3.19922 -3.73067 -14.9925 -0.66651 -8.45602 10.6902 -6.39838e-16 -5.57723e-16 -1.27443e-14 
314.418 78.6074 435.857 4.41977 -3.99432 60.9569 0 4.34476 -0.984994 -0.516258 2.95841 0.0247479 0 4.80497 0.916596 -0.0890828 2.70008 -0.12214 -8.77771e-18 5.1242 0.0983897 0.115804 2.80163 -0.0210784 -9.44946e-18 5.56568 -0.37943 0.278905 2.46749 0.0225811 -1.68784e-17 6.50642 -1.28831 0.484717 1.74273 -0.061137 -2.16702e-17 8.12491 -0.78234 0.726087 1.48636 -0.4504 -2.48435e-17 9.02658 1.34903 -0.0157899 0.982692 0.134724 -1.10523e-17 4.09476 0.611966 0.919801 -1.536 -0.52156 -1.54981e-17 4.1244 0.360838 1.94486 -4.38177 -0.291742 -1.71918e-17 4.13237 0.654504 2.38338 -3.41357 1.3439 1.05481 -6.50798 6.44505 -1.98793 3.9972 -3.10068 11.0826 2.77992 -2.79636 -84.0099 22.2208 -3.85882 24.9873 0.0511653 0.117236 1.90786 -0.144172 -9.23202 20.7319 0.0424511 0.0972706 1.54707 -23.0768 -3.15307 -1.05481 -6.50797 6.44497 5.47055 6.48926 3.6984 -11.0826 2.77992 -2.79636 78.0014 11.5246 0.654214 -24.9873 0.0511653 0.117236 -0.524518 -0.00874688 2.52817 -20.7319 0.042451 0.0972707 -2.70138 13.1406 4.79017 7.90195 -3.59782 1.73896 0.395059 -1.98668 -20.0427 -0.72918 -33.1692 -0.560506 -1.17727 4.39579 -0.0315766 -1.99006 -34.5633 -5.17465 1.20034 -2.73619 15.1691 0.66651 -8.45602 10.6902 2.48481e-17 -7.95139e-16 1.2424e-17 -7.90195 -3.59782 1.73896 0.630293 3.13213 12.7958 0.72918 -33.1692 -0.560506 0.824986 3.08113 0.031603 1.99006 -34.5633 -5.17465 -3.22781 -3.72875 -14.9907 -0.66651 -8.45602 10.6902 -5.96354e-16 -5.59082e-16 -1.27471e-14 
314.418 78.6105 435.866 4.39914 -3.98413 60.9849 0 4.34476 -0.984994 -0.504789 2.9556 0.0243463 0 4.80497 0.916596 -0.0788335 2.69579 -0.121186 -8.77771e-18 5.1242 0.0983897 0.124481 2.79472 -0.0198551 -9.44946e-18 5.56568 -0.37943 0.28597 2.4569 0.0238974 -1.68784e-17 6.50642 -1.28831 0.490122 1.73001 -0.0609766 -2.16702e-17 8.12491 -0.78234 0.729493 1.47038 -0.451089 -2.48435e-17 9.02658 1.34903 -0.0155261 0.98374 0.134874 -1.10523e-17 4.09476 0.611966 0.930202 -1.54506 -0.493969 -1.54981e-17 4.1244 0.360838 1.96574 -4.36607 -0.278086 -1.71918e-17 4.13237 0.654504 2.41742 -3.37644 1.34332 1.05481 -6.50798 6.44505 -1.9904 4.00426 -3.09861 11.0826 2.77992 -2.79636 -84.032 22.188 -3.81066 24.9873 0.0511653 0.117236 1.90727 -0.144079 -9.22914 20.7319 0.0424511 0.0972706 1.54034 -23.0974 -3.12465 -1.05481 -6.50797 6.44497 5.4503 6.50013 3.69377 -11.0826 2.77992 -2.79636 78.0048 11.5011 0.647142 -24.9873 0.0511653 0.117236 -0.521732 -0.00863852 2.51472 -20.7319 0.042451 0.0972707 -2.68354 13.1344 4.79562 7.90195 -3.59782 1.73896 0.404054 -2.01057 -20.0713 -0.72918 -33.1692 -0.560506 -1.17751 4.39671 -0.0315737 -1.99006 -34.5633 -5.17465 1.17624 -2.73755 15.1702 0.66651 -8.45602 10.6902 2.48481e-17 -7.95139e-16 1.2424e-17 -7.90195 -3.59782 1.73896 0.640482 3.11272 12.7836 0.72918 -33.1692 -0.560506 0.823129 3.0742 0.0315816 1.99006 -34.5633 -5.17465 -3.25003 -3.70537 -14.9879 -0.66651 -8.45602 10.6902 -5.96354e-16 -5.59082e-16 -1.27471e-14 
314.42 78.6136 435.876 4.38359 -3.9767 61.0163 0 4.34476 -0.984994 -0.491404 2.95244 0.0235836 0 4.80497 0.916596 -0.0670204 2.69219 -0.120545 -8.77771e-18 5.1242 0.0983897 0.134227 2.78976 -0.0192322 -9.44946e-18 5.56568 -0.37943 0.293532 2.44984 0.0245104 -1.68784e-17 6.50642 -1.28831 0.495308 1.72195 -0.0616897 -2.16702e-17 8.12491 -0.78234 0.731751 1.45937 -0.452433 -2.48435e-17 9.02658 1.34903 -0.0155785 0.984151 0.134242 -1.10523e-17 4.09476 0.611966 0.939817 -1.50993 -0.474442 -1.54981e-17 4.1244 0.360838 1.98593 -4.36236 -0.268298 -1.71918e-17 4.13237 0.654504 2.42907 -3.38227 1.35282 1.05481 -6.50798 6.44505 -1.97629 3.99934 -3.0882 11.0826 2.77992 -2.79636 -84.0611 22.1508 -3.77917 24.9873 0.0511653 0.117236 1.90284 -0.143384 -9.20755 20.7319 0.0424511 0.0972706 1.53472 -23.1233 -3.10974 -1.05481 -6.50797 6.44497 5.3972 6.48934 3.66962 -11.0826 2.77992 -2.79636 78.054 11.5232 0.642988 -24.9873 0.0511653 0.117236 -0.520305 -0.00858328 2.50784 -20.7319 0.042451 0.0972707 -2.69181 13.0605 4.83201 7.90195 -3.59782 1.73896 0.414217 -2.01679 -20.1027 -0.72918 -33.1692 -0.560506 -1.17274 4.37893 -0.0316283 -1.99006 -34.5633 -5.17465 1.1514 -2.73675 15.1709 0.66651 -8.45602 10.6902 2.48481e-17 -7.95139e-16 1.2424e-17 -7.90195 -3.59782 1.73896 0.651588 3.09712 12.7672 0.72918 -33.1692 -0.560506 0.823397 3.07519 0.0315847 1.99006 -34.5633 -5.17465 -3.27637 -3.6822 -14.985 -0.66651 -8.45602 10.6902 -5.96354e-16 -5.59082e-16 -1.27471e-14 
314.422 78.6155 435.887 4.37285 -3.95301 61.0431 0 4.34476 -0.984994 -0.488005 2.95558 0.0214308 0 4.80497 0.916596 -0.063419 2.69248 -0.122871 -8.77771e-18 5.1242 0.0983897 0.137297 2.78649 -0.0219416 -9.44946e-18 5.56568 -0.37943 0.296116 2.44011 0.0213812 -1.68784e-17 6.50642 -1.28831 0.496456 1.70932 -0.065534 -2.16702e-17 8.12491 -0.78234 0.730608 1.44173 -0.456386 -2.48435e-17 9.02658 1.34903 -0.0157172 0.984728 0.13247 -1.10523e-17 4.09476 0.611966 0.949493 -1.45105 -0.444654 -1.54981e-17 4.1244 0.360838 1.99057 -4.36635 -0.254632 -1.71918e-17 4.13237 0.654504 2.44328 -3.40408 1.36156 1.05481 -6.50798 6.44505 -1.95747 3.99663 -3.07435 11.0826 2.77992 -2.79636 -84.0764 22.1144 -3.74365 24.9873 0.0511653 0.117236 1.89827 -0.142668 -9.18525 20.7319 0.0424511 0.0972706 1.5225 -23.2051 -3.09783 -1.05481 -6.50797 6.44497 5.32204 6.46134 3.63174 -11.0826 2.77992 -2.79636 78.1515 11.5386 0.644971 -24.9873 0.0511653 0.117236 -0.525805 -0.00879713 2.53437 -20.7319 0.042451 0.0972707 -2.7435 13.0483 4.87439 7.90195 -3.59782 1.73896 0.406289 -2.03308 -20.1269 -0.72918 -33.1692 -0.560506 -1.1718 4.3754 -0.0316389 -1.99006 -34.5633 -5.17465 1.12826 -2.73394 15.1717 0.66651 -8.45602 10.6902 2.48481e-17 -7.95139e-16 1.2424e-17 -7.90195 -3.59782 1.73896 0.644524 3.07554 12.7538 0.72918 -33.1692 -0.560506 0.826192 3.08563 0.0316167 1.99006 -34.5633 -5.17465 -3.29843 -3.68174 -14.9846 -0.66651 -8.45602 10.6902 -5.96354e-16 -5.59082e-16 -1.27471e-14 
314.426 78.6176 435.898 4.36909 -3.93821 61.0736 0 4.34476 -0.984994 -0.488565 2.96213 0.0174982 0 4.80497 0.916596 -0.0628156 2.69494 -0.127754 -8.77771e-18 5.1242 0.0983897 0.138053 2.78431 -0.0273806 -9.44946e-18 5.56568 -0.37943 0.297252 2.42938 0.0152682 -1.68784e-17 6.50642 -1.28831 0.496391 1.69487 -0.0721645 -2.16702e-17 8.12491 -0.78234 0.728078 1.4214 -0.463016 -2.48435e-17 9.02658 1.34903 -0.0158367 0.985393 0.130067 -1.10523e-17 4.09476 0.611966 0.959097 -1.38803 -0.412702 -1.54981e-17 4.1244 0.360838 1.98889 -4.36512 -0.240317 -1.71918e-17 4.13237 0.654504 2.45619 -3.41696 1.37422 1.05481 -6.50798 6.44505 -1.94631 3.99642 -3.06138 11.0826 2.77992 -2.79636 -84.0688 22.0654 -3.71445 24.9873 0.0511653 0.117236 1.89363 -0.141943 -9.16263 20.7319 0.0424511 0.0972706 1.51579 -23.3206 -3.06543 -1.05481 -6.50797 6.44497 5.24279 6.42112 3.58895 -11.0826 2.77992 -2.79636 78.2698 11.4921 0.6517 -24.9873 0.0511653 0.117236 -0.538358 -0.00929465 2.59493 -20.7319 0.042451 0.0972707 -2.82389 13.1832 4.89457 7.90195 -3.59782 1.73896 0.404148 -2.03866 -20.1444 -0.72918 -33.1692 -0.560506 -1.17101 4.37245 -0.0316477 -1.99006 -34.5633 -5.17465 1.09837 -2.73539 15.1726 0.66651 -8.45602 10.6902 2.48481e-17 -7.95139e-16 1.2424e-17 -7.90195 -3.59782 1.73896 0.640379 3.07455 12.7442 0.72918 -33.1692 -0.560506 0.824452 3.07914 0.0315969 1.99006 -34.5633 -5.17465 -3.30726 -3.67792 -14.9842 -0.66651 -8.45602 10.6902 -5.96354e-16 -5.59082e-16 -1.27471e-14 
314.428 78.6188 435.911 4.35883 -3.91405 61.0885 0 4.34476 -0.984994 -0.492945 2.96386 0.0162769 0 4.80497 0.916596 -0.0660494 2.69434 -0.130317 -8.77771e-18 5.1242 0.0983897 0.135504 2.78097 -0.0304734 -9.44946e-18 5.56568 -0.37943 0.295726 2.4209 0.0115065 -1.68784e-17 6.50642 -1.28831 0.494857 1.68462 -0.075925 -2.16702e-17 8.12491 -0.78234 0.725859 1.40653 -0.466637 -2.48435e-17 9.02658 1.34903 -0.0157634 0.985317 0.12745 -1.10523e-17 4.09476 0.611966 0.968745 -1.3183 -0.374923 -1.54981e-17 4.1244 0.360838 1.99056 -4.35151 -0.223276 -1.71918e-17 4.13237 0.654504 2.45493 -3.42659 1.3858 1.05481 -6.50798 6.44505 -1.9306 3.98996 -3.04522 11.0826 2.77992 -2.79636 -84.0509 21.9816 -3.69242 24.9873 0.0511653 0.117236 1.88874 -0.141182 -9.13879 20.7319 0.0424511 0.0972706 1.51317 -23.4405 -3.03903 -1.05481 -6.50797 6.44497 5.16155 6.37148 3.54406 -11.0826 2.77992 -2.79636 78.3821 11.4352 0.673357 -24.9873 0.0511653 0.117236 -0.553322 -0.00990516 2.66713 -20.7319 0.042451 0.0972707 -2.88521 13.377 4.88841 7.90195 -3.59782 1.73896 0.399059 -2.04555 -20.146 -0.72918 -33.1692 -0.560506 -1.16655 4.35582 -0.0316969 -1.99006 -34.5633 -5.17465 1.06709 -2.73721 15.1738 0.66651 -8.45602 10.6902 2.48481e-17 -7.95139e-16 1.2424e-17 -7.90195 -3.59782 1.73896 0.631286 3.06369 12.7475 0.72918 -33.1692 -0.560506 0.822234 3.07085 0.0315713 1.99006 -34.5633 -5.17465 -3.31826 -3.68246 -14.9841 -0.66651 -8.45602 10.6902 -5.96354e-16 -5.59082e-16 -1.27471e-14 
314.431 78.6184 435.921 4.34413 -3.87677 61.1172 0 4.34476 -0.984994 -0.498909 2.96679 0.0169914 0 4.80497 0.916596 -0.0713379 2.69387 -0.130777 -8.77771e-18 5.1242 0.0983897 0.130835 2.77678 -0.0313433 -9.44946e-18 5.56568 -0.37943 0.292077 2.41058 0.0100729 -1.68784e-17 6.50642 -1.28831 0.491544 1.6718 -0.0769151 -2.16702e-17 8.12491 -0.78234 0.722796 1.38871 -0.467 -2.48435e-17 9.02658 1.34903 -0.0156761 0.985518 0.125254 -1.10523e-17 4.09476 0.611966 0.973262 -1.26613 -0.353595 -1.54981e-17 4.1244 0.360838 1.98642 -4.34179 -0.213921 -1.71918e-17 4.13237 0.654504 2.44772 -3.43198 1.38131 1.05481 -6.50798 6.44505 -1.91275 3.98834 -3.03729 11.0826 2.77992 -2.79636 -84.0301 21.9036 -3.67739 24.9873 0.0511653 0.117236 1.88474 -0.14056 -9.11929 20.7319 0.0424511 0.0972706 1.51065 -23.5739 -3.02373 -1.05481 -6.50797 6.44497 5.08744 6.33315 3.51209 -11.0826 2.77992 -2.79636 78.4724 11.4157 0.697779 -24.9873 0.0511653 0.117236 -0.566679 -0.010466 2.73157 -20.7319 0.042451 0.0972707 -2.89195 13.4714 4.86979 7.90195 -3.59782 1.73896 0.381526 -2.07158 -20.1657 -0.72918 -33.1692 -0.560506 -1.16536 4.35138 -0.0317098 -1.99006 -34.5633 -5.17465 1.03603 -2.74241 15.1754 0.66651 -8.45602 10.6902 2.48481e-17 -7.95139e-16 1.2424e-17 -7.90195 -3.59782 1.73896 0.611574 3.04624 12.7395 0.72918 -33.1692 -0.560506 0.819355 3.0601 0.0315376 1.99006 -34.5633 -5.17465 -3.33087 -3.70312 -14.9852 -0.66651 -8.45602 10.6902 -5.96354e-16 -5.59082e-16 -1.27471e-14 
314.432 78.6176 435.933 4.32626 -3.83878 61.1202 0 4.34476 -0.984994 -0.50387 2.97342 0.0216454 0 4.80497 0.916596 -0.0767314 2.69526 -0.127064 -8.77771e-18 5.1242 0.0983897 0.125535 2.77301 -0.0277914 -9.44946e-18 5.56568 -0.37943 0.287148 2.39817 0.0131974 -1.68784e-17 6.50642 -1.28831 0.487319 1.6551 -0.0730831 -2.16702e-17 8.12491 -0.78234 0.71992 1.36716 -0.462139 -2.48435e-17 9.02658 1.34903 -0.0156463 0.986018 0.12342 -1.10523e-17 4.09476 0.611966 0.975481 -1.23027 -0.334246 -1.54981e-17 4.1244 0.360838 1.98163 -4.32389 -0.205423 -1.71918e-17 4.13237 0.654504 2.44431 -3.42561 1.38252 1.05481 -6.50798 6.44505 -1.90106 3.99482 -3.04675 11.0826 2.77992 -2.79636 -83.997 21.8214 -3.66674 24.9873 0.0511653 0.117236 1.87907 -0.139681 -9.09165 20.7319 0.0424511 0.0972706 1.4976 -23.7541 -3.00379 -1.05481 -6.50797 6.44497 5.02482 6.31023 3.49477 -11.0826 2.77992 -2.79636 78.5415 11.4787 0.727009 -24.9873 0.0511653 0.117236 -0.576844 -0.0109029 2.78061 -20.7319 0.042451 0.0972707 -2.86178 13.4247 4.85785 7.90195 -3.59782 1.73896 0.368184 -2.08214 -20.1525 -0.72918 -33.1692 -0.560506 -1.15631 4.31766 -0.0318047 -1.99006 -34.5633 -5.17465 1.01885 -2.74223 15.1755 0.66651 -8.45602 10.6902 2.48481e-17 -7.95139e-16 1.2424e-17 -7.90195 -3.59782 1.73896 0.595518 3.03009 12.7437 0.72918 -33.1692 -0.560506 0.812905 3.03602 0.0314602 1.99006 -34.5633 -5.17465 -3.35166 -3.71963 -14.9857 -0.66651 -8.45602 10.6902 -5.96354e-16 -5.59082e-16 -1.27471e-14 
314.434 78.6172 435.944 4.30892 -3.8007 61.1316 0 4.34476 -0.984994 -0.509219 2.9788 0.0257436 0 4.80497 0.916596 -0.0823968 2.69629 -0.123851 -8.77771e-18 5.1242 0.0983897 0.120013 2.7696 -0.0247268 -9.44946e-18 5.56568 -0.37943 0.28205 2.38766 0.0158803 -1.68784e-17 6.50642 -1.28831 0.482811 1.64111 -0.0696387 -2.16702e-17 8.12491 -0.78234 0.716621 1.34875 -0.457788 -2.48435e-17 9.02658 1.34903 -0.0157071 0.986234 0.121541 -1.10523e-17 4.09476 0.611966 0.977564 -1.20482 -0.309418 -1.54981e-17 4.1244 0.360838 1.97614 -4.31132 -0.194535 -1.71918e-17 4.13237 0.654504 2.44788 -3.41632 1.37453 1.05481 -6.50798 6.44505 -1.88915 4.00232 -3.0565 11.0826 2.77992 -2.79636 -83.9645 21.7398 -3.66453 24.9873 0.0511653 0.117236 1.8718 -0.138558 -9.05619 20.7319 0.0424511 0.0972706 1.48251 -23.9367 -2.97844 -1.05481 -6.50797 6.44497 4.96869 6.28952 3.47937 -11.0826 2.77992 -2.79636 78.6026 11.5578 0.761359 -24.9873 0.0511653 0.117236 -0.586206 -0.011313 2.82579 -20.7319 0.042451 0.0972707 -2.82163 13.3124 4.85672 7.90195 -3.59782 1.73896 0.35151 -2.11193 -20.1563 -0.72918 -33.1692 -0.560506 -1.15599 4.31644 -0.031808 -1.99006 -34.5633 -5.17465 0.997482 -2.74523 15.1768 0.66651 -8.45602 10.6902 2.48481e-17 -7.95139e-16 1.2424e-17 -7.90195 -3.59782 1.73896 0.576231 3.01145 12.748 0.72918 -33.1692 -0.560506 0.808247 3.01862 0.0314026 1.99006 -34.5633 -5.17465 -3.35894 -3.74017 -14.9872 -0.66651 -8.45602 10.6902 -5.96354e-16 -5.59082e-16 -1.27471e-14 
314.435 78.6167 435.956 4.28502 -3.77942 61.1332 0 4.34476 -0.984994 -0.507643 2.98679 0.0286471 0 4.80497 0.916596 -0.0822299 2.69901 -0.121153 -8.77771e-18 5.1242 0.0983897 0.119084 2.76676 -0.0221603 -9.44946e-18 5.56568 -0.37943 0.280232 2.37606 0.0180627 -1.68784e-17 6.50642 -1.28831 0.480067 1.62489 -0.067342 -2.16702e-17 8.12491 -0.78234 0.71318 1.32746 -0.45473 -2.48435e-17 9.02658 1.34903 -0.015871 0.986463 0.119522 -1.10523e-17 4.09476 0.611966 0.98087 -1.18301 -0.280282 -1.54981e-17 4.1244 0.360838 1.97521 -4.29357 -0.181528 -1.71918e-17 4.13237 0.654504 2.46072 -3.39689 1.38471 1.05481 -6.50798 6.44505 -1.89136 4.01537 -3.07419 11.0826 2.77992 -2.79636 -83.9294 21.6582 -3.65613 24.9873 0.0511653 0.117236 1.8619 -0.137038 -9.00795 20.7319 0.0424511 0.0972706 1.47031 -24.1275 -2.94342 -1.05481 -6.50797 6.44497 4.90767 6.26917 3.46432 -11.0826 2.77992 -2.79636 78.6555 11.6786 0.792967 -24.9873 0.0511653 0.117236 -0.597023 -0.0117961 2.87798 -20.7319 0.042451 0.0972707 -2.77591 13.1464 4.87782 7.90195 -3.59782 1.73896 0.352268 -2.14255 -20.1462 -0.72918 -33.1692 -0.560506 -1.15832 4.32514 -0.0317841 -1.99006 -34.5633 -5.17465 0.997467 -2.75705 15.1773 0.66651 -8.45602 10.6902 2.48481e-17 -7.95139e-16 1.2424e-17 -7.90195 -3.59782 1.73896 0.579026 2.99116 12.74 0.72918 -33.1692 -0.560506 0.804451 3.00444 0.0313546 1.99006 -34.5633 -5.17465 -3.38544 -3.74211 -14.9855 -0.66651 -8.45602 10.6902 -5.96354e-16 -5.59082e-16 -1.27471e-14 
314.436 78.6154 435.965 4.26879 -3.74284 61.1605 0 4.34476 -0.984994 -0.50514 2.9989 0.0279015 0 4.80497 0.916596 -0.0811907 2.70385 -0.121982 -8.77771e-18 5.1242 0.0983897 0.118538 2.76364 -0.0231828 -9.44946e-18 5.56568 -0.37943 0.27829 2.36083 0.0165165 -1.68784e-17 6.50642 -1.28831 0.475714 1.60364 -0.0690074 -2.16702e-17 8.12491 -0.78234 0.706041 1.29859 -0.455255 -2.48435e-17 9.02658 1.34903 -0.0162542 0.987542 0.116602 -1.10523e-17 4.09476 0.611966 0.984953 -1.15065 -0.245322 -1.54981e-17 4.1244 0.360838 1.9691 -4.27313 -0.16599 -1.71918e-17 4.13237 0.654504 2.48056 -3.37413 1.3877 1.05481 -6.50798 6.44505 -1.90369 4.03476 -3.09777 11.0826 2.77992 -2.79636 -83.8902 21.5869 -3.63883 24.9873 0.0511653 0.117236 1.84992 -0.135208 -8.94954 20.7319 0.0424511 0.0972706 1.44486 -24.3273 -2.91282 -1.05481 -6.50797 6.44497 4.80645 6.23694 3.43697 -11.0826 2.77992 -2.79636 78.7199 11.9148 0.789462 -24.9873 0.0511653 0.117236 -0.614507 -0.0125978 2.96235 -20.7319 0.042451 0.0972707 -2.67663 12.7535 4.96158 7.90195 -3.59782 1.73896 0.334198 -2.16626 -20.1665 -0.72918 -33.1692 -0.560506 -1.15484 4.31216 -0.0318197 -1.99006 -34.5633 -5.17465 0.982391 -2.75902 15.178 0.66651 -8.45602 10.6902 2.48481e-17 -7.95139e-16 1.2424e-17 -7.90195 -3.59782 1.73896 0.563802 2.98685 12.7123 0.72918 -33.1692 -0.560506 0.79404 2.96556 0.0312182 1.99006 -34.5633 -5.17465 -3.41699 -3.75315 -14.9846 -0.66651 -8.45602 10.6902 -5.96354e-16 -5.59082e-16 -1.27471e-14 
314.437 78.6142 435.974 4.24596 -3.72133 61.1759 0 4.34476 -0.984994 -0.490351 3.01647 0.0225032 0 4.80497 0.916596 -0.070263 2.71151 -0.126165 -8.77771e-18 5.1242 0.0983897 0.125086 2.7602 -0.0277219 -9.44946e-18 5.56568 -0.37943 0.280603 2.34014 0.0111424 -1.68784e-17 6.50642 -1.28831 0.471651 1.57545 -0.0755797 -2.16702e-17 8.12491 -0.78234 0.694056 1.25973 -0.460059 -2.48435e-17 9.02658 1.34903 -0.0172429 0.988698 0.112001 -1.10523e-17 4.09476 0.611966 0.990819 -1.08154 -0.192806 -1.54981e-17 4.1244 0.360838 1.95644 -4.25556 -0.14267 -1.71918e-17 4.13237 0.654504 2.50163 -3.36424 1.41822 1.05481 -6.50798 6.44505 -1.93106 4.05517 -3.12337 11.0826 2.77992 -2.79636 -83.8453 21.5019 -3.59504 24.9873 0.0511653 0.117236 1.83828 -0.133441 -8.89279 20.7319 0.0424511 0.0972706 1.41039 -24.558 -2.89221 -1.05481 -6.50797 6.44497 4.63656 6.17172 3.3722 -11.0826 2.77992 -2.79636 78.8392 12.3337 0.729785 -24.9873 0.0511653 0.117236 -0.648258 -0.0142182 3.12523 -20.7319 0.042451 0.0972707 -2.51517 11.9655 5.12229 7.90195 -3.59782 1.73896 0.333185 -2.18494 -20.1646 -0.72918 -33.1692 -0.560506 -1.15088 4.29739 -0.0318592 -1.99006 -34.5633 -5.17465 0.985725 -2.76752 15.1773 0.66651 -8.45602 10.6902 2.48481e-17 -7.95139e-16 1.2424e-17 -7.90195 -3.59782 1.73896 0.568429 2.98948 12.6837 0.72918 -33.1692 -0.560506 0.779813 2.91243 0.0310204 1.99006 -34.5633 -5.17465 -3.46547 -3.74253 -14.9801 -0.66651 -8.45602 10.6902 -2.42273e-16 -5.81212e-16 -1.27581e-14 
314.439 78.6129 435.983 4.21679 -3.69069 61.1893 0 4.34476 -0.984994 -0.477555 3.03772 0.0108644 0 4.80497 0.916596 -0.0604012 2.72055 -0.136671 -8.77771e-18 5.1242 0.0983897 0.131033 2.75542 -0.0384299 -9.44946e-18 5.56568 -0.37943 0.282998 2.31328 -0.000609778 -1.68784e-17 6.50642 -1.28831 0.466901 1.54175 -0.0888612 -2.16702e-17 8.12491 -0.78234 0.679448 1.21263 -0.472469 -2.48435e-17 9.02658 1.34903 -0.0177327 0.990819 0.105792 -1.10523e-17 4.09476 0.611966 1.0054 -0.991456 -0.099556 -1.54981e-17 4.1244 0.360838 1.94793 -4.25026 -0.100708 -1.71918e-17 4.13237 0.654504 2.53658 -3.37828 1.45618 1.05481 -6.50798 6.44505 -1.96617 4.08004 -3.13474 11.0826 2.77992 -2.79636 -83.7805 21.4874 -3.52443 24.9873 0.0511653 0.117236 1.83247 -0.132565 -8.86452 20.7319 0.0424511 0.0972706 1.33358 -24.9015 -2.8903 -1.05481 -6.50797 6.44497 4.4273 6.07309 3.26983 -11.0826 2.77992 -2.79636 79.01 12.8403 0.595405 -24.9873 0.0511653 0.117236 -0.709482 -0.0174031 3.42076 -20.7319 0.042451 0.0972707 -2.30139 10.8123 5.32106 7.90195 -3.59782 1.73896 0.326267 -2.21095 -20.1933 -0.72918 -33.1692 -0.560506 -1.14565 4.2779 -0.0319098 -1.99006 -34.5633 -5.17465 0.99066 -2.7738 15.1776 0.66651 -8.45602 10.6902 2.48481e-17 -7.95139e-16 1.2424e-17 -7.90195 -3.59782 1.73896 0.565674 2.98031 12.6713 0.72918 -33.1692 -0.560506 0.766794 2.86381 0.0308277 1.99006 -34.5633 -5.17465 -3.49218 -3.74461 -14.9798 -0.66651 -8.45602 10.6902 -5.52865e-16 -5.618e-16 -1.27484e-14 
314.447 78.6133 435.992 4.15639 -3.64626 61.2309 0 4.34476 -0.984994 -0.46402 3.04693 -0.00997397 0 4.80497 0.916596 -0.0488458 2.72029 -0.155957 -8.77771e-18 5.1242 0.0983897 0.139241 2.74292 -0.0575701 -9.44946e-18 5.56568 -0.37943 0.288469 2.28152 -0.0207882 -1.68784e-17 6.50642 -1.28831 0.464152 1.50899 -0.111212 -2.16702e-17 8.12491 -0.78234 0.664187 1.16717 -0.495327 -2.48435e-17 9.02658 1.34903 -0.0174742 0.993754 0.0992858 -1.10523e-17 4.09476 0.611966 1.02522 -0.923337 0.0134818 -1.54981e-17 4.1244 0.360838 1.94392 -4.24202 -0.0496091 -1.71918e-17 4.13237 0.654504 2.58903 -3.38914 1.51475 1.05481 -6.50798 6.44505 -2.02458 4.10776 -3.12709 11.0826 2.77992 -2.79636 -83.6986 21.579 -3.43864 24.9873 0.0511653 0.117236 1.83925 -0.133588 -8.89755 20.7319 0.0424511 0.0972706 1.22402 -25.423 -2.92638 -1.05481 -6.50797 6.44497 4.2301 5.95656 3.15086 -11.0826 2.77992 -2.79636 79.1818 13.3226 0.383948 -24.9873 0.0511653 0.117236 -0.79969 -0.0226729 3.85633 -20.7319 0.042451 0.0972707 -2.04633 9.36605 5.51143 7.90195 -3.59782 1.73896 0.32283 -2.26531 -20.2396 -0.72918 -33.1692 -0.560506 -1.13814 4.2499 -0.0319793 -1.99006 -34.5633 -5.17465 0.980749 -2.7833 15.177 0.66651 -8.45602 10.6902 2.48481e-17 -7.95139e-16 1.2424e-17 -7.90195 -3.59782 1.73896 0.562726 2.94465 12.6358 0.72918 -33.1692 -0.560506 0.753374 2.81368 0.0306176 1.99006 -34.5633 -5.17465 -3.49099 -3.75186 -14.9825 -0.66651 -8.45602 10.6902 -5.96354e-16 -5.59082e-16 -1.27471e-14 
314.458 78.616 436.006 4.08051 -3.578 61.2641 0 4.34476 -0.984994 -0.456921 3.03489 -0.0339485 0 4.80497 0.916596 -0.0420347 2.70534 -0.178936 -8.77771e-18 5.1242 0.0983897 0.144828 2.72072 -0.0800176 -9.44946e-18 5.56568 -0.37943 0.293574 2.24891 -0.0440099 -1.68784e-17 6.50642 -1.28831 0.46284 1.48351 -0.13638 -2.16702e-17 8.12491 -0.78234 0.651686 1.1325 -0.522594 -2.48435e-17 9.02658 1.34903 -0.0163736 0.997085 0.0937511 -1.10523e-17 4.09476 0.611966 1.04881 -0.90687 0.144818 -1.54981e-17 4.1244 0.360838 1.95151 -4.21966 0.0101897 -1.71918e-17 4.13237 0.654504 2.63712 -3.37344 1.57947 1.05481 -6.50798 6.44505 -2.09214 4.12818 -3.09004 11.0826 2.77992 -2.79636 -83.6193 21.7289 -3.35411 24.9873 0.0511653 0.117236 1.8591 -0.136607 -8.99429 20.7319 0.0424511 0.0972706 1.12516 -25.9554 -2.93852 -1.05481 -6.50797 6.44497 4.08901 5.83689 3.03461 -11.0826 2.77992 -2.79636 79.3034 13.6627 0.150232 -24.9873 0.0511653 0.117236 -0.909583 -0.030023 4.38722 -20.7319 0.042451 0.0972707 -1.75664 7.82202 5.60915 7.90195 -3.59782 1.73896 0.307758 -2.33203 -20.271 -0.72918 -33.1692 -0.560506 -1.12592 4.2043 -0.0320847 -1.99006 -34.5633 -5.17465 0.968812 -2.77912 15.1758 0.66651 -8.45602 10.6902 3.78929e-16 -7.84074e-16 1.35902e-18 -7.90195 -3.59782 1.73896 0.54799 2.88112 12.5888 0.72918 -33.1692 -0.560506 0.742487 2.77302 0.0304385 1.99006 -34.5633 -5.17465 -3.49124 -3.76503 -14.9866 -0.66651 -8.45602 10.6902 -5.96354e-16 -5.59082e-16 -1.27471e-14 
314.473 78.6193 436.02 4.01521 -3.50151 61.3072 0 4.34476 -0.984994 -0.457058 3.009 -0.0557608 0 4.80497 0.916596 -0.0406449 2.68172 -0.200163 -8.77771e-18 5.1242 0.0983897 0.147427 2.69485 -0.100088 -9.44946e-18 5.56568 -0.37943 0.298264 2.22151 -0.0642767 -1.68784e-17 6.50642 -1.28831 0.464559 1.46821 -0.157981 -2.16702e-17 8.12491 -0.78234 0.646403 1.11197 -0.548026 -2.48435e-17 9.02658 1.34903 -0.0143389 1.00011 0.090608 -1.10523e-17 4.09476 0.611966 1.07437 -0.955117 0.277191 -1.54981e-17 4.1244 0.360838 1.97962 -4.1873 0.0712205 -1.71918e-17 4.13237 0.654504 2.65555 -3.32752 1.60733 1.05481 -6.50798 6.44505 -2.13867 4.13734 -3.03108 11.0826 2.77992 -2.79636 -83.5771 21.8994 -3.30185 24.9873 0.0511653 0.117236 1.88716 -0.140933 -9.1311 20.7319 0.0424511 0.0972706 1.10439 -26.2998 -2.87048 -1.05481 -6.50797 6.44497 4.03484 5.73937 2.9535 -11.0826 2.77992 -2.79636 79.3256 13.7649 -0.0586521 -24.9873 0.0511653 0.117236 -1.0187 -0.0383344 4.91471 -20.7319 0.042451 0.0972707 -1.4436 6.4446 5.54763 7.90195 -3.59782 1.73896 0.276908 -2.39306 -20.2938 -0.72918 -33.1692 -0.560506 -1.11284 4.15552 -0.0321866 -1.99006 -34.5633 -5.17465 0.956608 -2.76189 15.1743 0.66651 -8.45602 10.6902 6.83368e-17 -7.9378e-16 1.1065e-17 -7.90195 -3.59782 1.73896 0.515862 2.82858 12.5433 0.72918 -33.1692 -0.560506 0.729693 2.72523 0.0302181 1.99006 -34.5633 -5.17465 -3.46245 -3.79334 -14.9946 -0.66651 -8.45602 10.6902 -5.96354e-16 -5.59082e-16 -1.27471e-14 
314.487 78.6199 436.032 3.97195 -3.41411 61.3353 0 4.34476 -0.984994 -0.463858 2.97868 -0.0676428 0 4.80497 0.916596 -0.0453678 2.65543 -0.211878 -8.77771e-18 5.1242 0.0983897 0.14555 2.66907 -0.110137 -9.44946e-18 5.56568 -0.37943 0.299951 2.199 -0.0738594 -1.68784e-17 6.50642 -1.28831 0.467336 1.45763 -0.16781 -2.16702e-17 8.12491 -0.78234 0.648366 1.09923 -0.562099 -2.48435e-17 9.02658 1.34903 -0.0118335 1.00287 0.0903066 -1.10523e-17 4.09476 0.611966 1.09433 -1.04482 0.372653 -1.54981e-17 4.1244 0.360838 2.01747 -4.14861 0.115823 -1.71918e-17 4.13237 0.654504 2.65041 -3.2616 1.60388 1.05481 -6.50798 6.44505 -2.14634 4.14022 -2.9747 11.0826 2.77992 -2.79636 -83.5728 22.0887 -3.28605 24.9873 0.0511653 0.117236 1.91261 -0.144917 -9.25523 20.7319 0.0424511 0.0972706 1.09928 -26.5851 -2.81571 -1.05481 -6.50797 6.44497 4.05405 5.68975 2.92397 -11.0826 2.77992 -2.79636 79.2428 13.7337 -0.204254 -24.9873 0.0511653 0.117236 -1.09773 -0.0449851 5.29697 -20.7319 0.042451 0.0972707 -1.13351 5.24928 5.38854 7.90195 -3.59782 1.73896 0.223737 -2.43331 -20.3014 -0.72918 -33.1692 -0.560506 -1.09691 4.09611 -0.0322956 -1.99006 -34.5633 -5.17465 0.950984 -2.73669 15.1725 0.66651 -8.45602 10.6902 2.48481e-17 -7.95139e-16 1.2424e-17 -7.90195 -3.59782 1.73896 0.462126 2.79716 12.5121 0.72918 -33.1692 -0.560506 0.713601 2.66513 0.0299258 1.99006 -34.5633 -5.17465 -3.44805 -3.84087 -15.0029 -0.66651 -8.45602 10.6902 -5.96354e-16 -5.59082e-16 -1.27471e-14 
314.501 78.6179 436.04 3.94296 -3.34755 61.3654 0 4.34476 -0.984994 -0.462458 2.95597 -0.0739802 0 4.80497 0.916596 -0.043492 2.63541 -0.216675 -8.77771e-18 5.1242 0.0983897 0.148782 2.64921 -0.11303 -9.44946e-18 5.56568 -0.37943 0.304973 2.18221 -0.0758045 -1.68784e-17 6.50642 -1.28831 0.473299 1.4479 -0.170133 -2.16702e-17 8.12491 -0.78234 0.654681 1.08791 -0.568135 -2.48435e-17 9.02658 1.34903 -0.00965344 1.00533 0.0925862 -1.10523e-17 4.09476 0.611966 1.10666 -1.15764 0.429483 -1.54981e-17 4.1244 0.360838 2.04742 -4.12383 0.142702 -1.71918e-17 4.13237 0.654504 2.621 -3.19503 1.56607 1.05481 -6.50798 6.44505 -2.11856 4.14441 -2.94228 11.0826 2.77992 -2.79636 -83.6217 22.274 -3.31663 24.9873 0.0511653 0.117236 1.93158 -0.147922 -9.34773 20.7319 0.0424511 0.0972706 1.12912 -26.7662 -2.75818 -1.05481 -6.50797 6.44497 4.12706 5.6941 2.94725 -11.0826 2.77992 -2.79636 79.0824 13.6304 -0.277954 -24.9873 0.0511653 0.117236 -1.13539 -0.0483411 5.47919 -20.7319 0.042451 0.0972707 -0.858959 4.2248 5.19892 7.90195 -3.59782 1.73896 0.180842 -2.45816 -20.3078 -0.72918 -33.1692 -0.560506 -1.08459 4.05013 -0.0323686 -1.99006 -34.5633 -5.17465 0.938908 -2.73095 15.1719 0.66651 -8.45602 10.6902 2.48481e-17 -7.95139e-16 1.2424e-17 -7.90195 -3.59782 1.73896 0.417217 2.77943 12.487 0.72918 -33.1692 -0.560506 0.701395 2.61953 0.0296928 1.99006 -34.5633 -5.17465 -3.43675 -3.89117 -15.0106 -0.66651 -8.45602 10.6902 -5.96354e-16 -5.59082e-16 -1.27471e-14 
314.466 78.6323 436.054 3.92659 -3.27831 61.3957 0 4.34476 -0.984994 -0.476394 2.94207 -0.0754876 0 4.80497 0.916596 -0.0540913 2.62536 -0.218513 -8.77771e-18 5.1242 0.0983897 0.14261 2.64258 -0.113013 -9.44946e-18 5.56568 -0.37943 0.303367 2.18407 -0.0746487 -1.68784e-17 6.50642 -1.28831 0.476515 1.45365 -0.168163 -2.16702e-17 8.12491 -0.78234 0.663673 1.09623 -0.5693 -2.48435e-17 9.02658 1.34903 -0.00793572 1.00522 0.0958454 -1.10523e-17 4.09476 0.611966 1.11435 -1.29048 0.46866 -1.54981e-17 4.1244 0.360838 2.0815 -4.13504 0.161415 -1.71918e-17 4.13237 0.654504 2.60967 -3.16351 1.50806 1.05481 -6.50798 6.44505 -2.07463 4.15092 -2.94025 11.0826 2.77992 -2.79636 -83.627 22.3897 -3.47212 24.9873 0.0511653 0.117236 1.93396 -0.148301 -9.35935 20.7319 0.0424511 0.0972706 1.21606 -26.8012 -2.6444 -1.05481 -6.50797 6.44497 4.27332 5.73921 3.02028 -11.0826 2.77992 -2.79636 78.892 13.454 -0.216528 -24.9873 0.0511653 0.117236 -1.13171 -0.0480078 5.46139 -20.7319 0.042451 0.0972707 -0.678862 3.37911 5.04373 7.90195 -3.59782 1.73896 0.146565 -2.54193 -20.3214 -0.72918 -33.1692 -0.560506 -1.08598 4.05532 -0.0323609 -1.99006 -34.5633 -5.17465 0.888136 -2.62613 15.1711 0.66651 -8.45602 10.6902 2.48481e-17 -7.95139e-16 1.2424e-17 -7.90195 -3.59782 1.73896 0.381705 2.71075 12.4698 0.72918 -33.1692 -0.560506 0.700144 2.61486 0.0296683 1.99006 -34.5633 -5.17465 -3.40374 -3.86482 -15.0111 -0.66651 -8.45602 10.6902 -5.96354e-16 -5.59082e-16 -1.27471e-14 
314.461 78.6367 436.064 3.92067 -3.23142 61.4102 0 4.34476 -0.984994 -0.474184 2.91626 -0.0827387 0 4.80497 0.916596 -0.0497767 2.60907 -0.22499 -8.77771e-18 5.1242 0.0983897 0.148185 2.63369 -0.118377 -9.44946e-18 5.56568 -0.37943 0.309835 2.18979 -0.0789939 -1.68784e-17 6.50642 -1.28831 0.482847 1.46447 -0.173107 -2.16702e-17 8.12491 -0.78234 0.669449 1.11017 -0.57613 -2.48435e-17 9.02658 1.34903 -0.00828516 1.00376 0.0994496 -1.10523e-17 4.09476 0.611966 1.11514 -1.44292 0.484295 -1.54981e-17 4.1244 0.360838 2.082 -4.12214 0.168079 -1.71918e-17 4.13237 0.654504 2.58412 -3.11506 1.48104 1.05481 -6.50798 6.44505 -2.04416 4.15415 -2.9534 11.0826 2.77992 -2.79636 -83.6765 22.3732 -3.63209 24.9873 0.0511653 0.117236 1.91876 -0.145887 -9.28519 20.7319 0.0424511 0.0972706 1.31132 -26.7231 -2.52061 -1.05481 -6.50797 6.44497 4.41602 5.80038 3.1034 -11.0826 2.77992 -2.79636 78.694 13.211 -0.132898 -24.9873 0.0511653 0.117236 -1.09907 -0.0451023 5.30346 -20.7319 0.042451 0.0972707 -0.588428 2.75205 4.95457 7.90195 -3.59782 1.73896 0.113908 -2.58683 -20.3093 -0.72918 -33.1692 -0.560506 -1.0917 4.07666 -0.0323277 -1.99006 -34.5633 -5.17465 0.877022 -2.58681 15.1691 0.66651 -8.45602 10.6902 2.48481e-17 -7.95139e-16 1.2424e-17 -7.90195 -3.59782 1.73896 0.349639 2.6799 12.4661 0.72918 -33.1692 -0.560506 0.701657 2.62051 0.0296979 1.99006 -34.5633 -5.17465 -3.40851 -3.87365 -15.0112 -0.66651 -8.45602 10.6902 -5.96354e-16 -5.59082e-16 -1.27471e-14 
314.462 78.6427 436.074 3.95003 -3.19859 61.426 0 4.34476 -0.984994 -0.478442 2.8942 -0.0934244 0 4.80497 0.916596 -0.0495545 2.59628 -0.236619 -8.77771e-18 5.1242 0.0983897 0.151065 2.62824 -0.129499 -9.44946e-18 5.56568 -0.37943 0.315015 2.1983 -0.0895415 -1.68784e-17 6.50642 -1.28831 0.488129 1.47557 -0.184213 -2.16702e-17 8.12491 -0.78234 0.674095 1.12315 -0.589091 -2.48435e-17 9.02658 1.34903 -0.008843 1.00254 0.102094 -1.10523e-17 4.09476 0.611966 1.1215 -1.54768 0.520793 -1.54981e-17 4.1244 0.360838 2.08125 -4.11518 0.184105 -1.71918e-17 4.13237 0.654504 2.56339 -3.06445 1.44671 1.05481 -6.50798 6.44505 -2.02616 4.15706 -2.96466 11.0826 2.77992 -2.79636 -83.7251 22.2536 -3.79338 24.9873 0.0511653 0.117236 1.88814 -0.141085 -9.13587 20.7319 0.0424511 0.0972706 1.44478 -26.5689 -2.38064 -1.05481 -6.50797 6.44497 4.55432 5.85281 3.17358 -11.0826 2.77992 -2.79636 78.5303 12.7865 -0.0422309 -24.9873 0.0511653 0.117236 -1.0539 -0.0412303 5.08491 -20.7319 0.042451 0.0972707 -0.613431 2.51151 4.89257 7.90195 -3.59782 1.73896 0.0757769 -2.57665 -20.3258 -0.72918 -33.1692 -0.560506 -1.09038 4.07175 -0.0323355 -1.99006 -34.5633 -5.17465 0.853792 -2.53476 15.1688 0.66651 -8.45602 10.6902 2.48481e-17 -7.95139e-16 1.2424e-17 -7.90195 -3.59782 1.73896 0.312386 2.68677 12.4644 0.72918 -33.1692 -0.560506 0.704776 2.63216 0.0297583 1.99006 -34.5633 -5.17465 -3.41895 -3.87226 -15.0107 -0.66651 -8.45602 10.6902 -5.96354e-16 -5.59082e-16 -1.27471e-14 
314.463 78.6485 436.085 3.98727 -3.17892 61.4265 0 4.34476 -0.984994 -0.486323 2.87565 -0.104875 0 4.80497 0.916596 -0.051419 2.58764 -0.250456 -8.77771e-18 5.1242 0.0983897 0.152674 2.62777 -0.143564 -9.44946e-18 5.56568 -0.37943 0.319661 2.21172 -0.10339 -1.68784e-17 6.50642 -1.28831 0.493244 1.48997 -0.19856 -2.16702e-17 8.12491 -0.78234 0.678548 1.13943 -0.604775 -2.48435e-17 9.02658 1.34903 -0.00996154 1.00011 0.103976 -1.10523e-17 4.09476 0.611966 1.1293 -1.62624 0.553057 -1.54981e-17 4.1244 0.360838 2.08519 -4.11235 0.198208 -1.71918e-17 4.13237 0.654504 2.53663 -3.02041 1.43872 1.05481 -6.50798 6.44505 -2.01985 4.15038 -2.96718 11.0826 2.77992 -2.79636 -83.7861 21.9795 -3.9535 24.9873 0.0511653 0.117236 1.84722 -0.134795 -8.93639 20.7319 0.0424511 0.0972706 1.61983 -26.2749 -2.24752 -1.05481 -6.50797 6.44497 4.67139 5.89059 3.22353 -11.0826 2.77992 -2.79636 78.4251 12.1571 0.0667461 -24.9873 0.0511653 0.117236 -1.00037 -0.0368674 4.82607 -20.7319 0.042451 0.0972707 -0.77894 2.75697 4.84312 7.90195 -3.59782 1.73896 0.0472272 -2.55775 -20.314 -0.72918 -33.1692 -0.560506 -1.09375 4.0843 -0.0323153 -1.99006 -34.5633 -5.17465 0.830386 -2.49423 15.1686 0.66651 -8.45602 10.6902 2.48481e-17 -7.95139e-16 1.2424e-17 -7.90195 -3.59782 1.73896 0.282223 2.69346 12.47 0.72918 -33.1692 -0.560506 0.714532 2.6686 0.0299431 1.99006 -34.5633 -5.17465 -3.42751 -3.8711 -15.0096 -0.66651 -8.45602 10.6902 -5.96354e-16 -5.59082e-16 -1.27471e-14 
314.462 78.6567 436.096 4.0267 -3.16015 61.4408 0 4.34476 -0.984994 -0.496473 2.86106 -0.115603 0 4.80497 0.916596 -0.0549465 2.58239 -0.264026 -8.77771e-18 5.1242 0.0983897 0.15301 2.63063 -0.157709 -9.44946e-18 5.56568 -0.37943 0.32353 2.22871 -0.117422 -1.68784e-17 6.50642 -1.28831 0.498067 1.50586 -0.212896 -2.16702e-17 8.12491 -0.78234 0.683553 1.15682 -0.620054 -2.48435e-17 9.02658 1.34903 -0.0112795 0.996919 0.105648 -1.10523e-17 4.09476 0.611966 1.13805 -1.68245 0.582345 -1.54981e-17 4.1244 0.360838 2.09722 -4.11171 0.211292 -1.71918e-17 4.13237 0.654504 2.51915 -2.99034 1.41446 1.05481 -6.50798 6.44505 -2.02093 4.13667 -2.96903 11.0826 2.77992 -2.79636 -83.8593 21.543 -4.11573 24.9873 0.0511653 0.117236 1.80111 -0.127882 -8.71171 20.7319 0.0424511 0.0972706 1.8332 -25.7765 -2.13037 -1.05481 -6.50797 6.44497 4.77868 5.92344 3.2655 -11.0826 2.77992 -2.79636 78.3428 11.3633 0.187845 -24.9873 0.0511653 0.117236 -0.937968 -0.0320879 4.5244 -20.7319 0.042451 0.0972707 -0.994804 3.34287 4.78071 7.90195 -3.59782 1.73896 0.0186701 -2.54103 -20.3032 -0.72918 -33.1692 -0.560506 -1.09721 4.09721 -0.0322937 -1.99006 -34.5633 -5.17465 0.785699 -2.44435 15.1708 0.66651 -8.45602 10.6902 2.48481e-17 -7.95139e-16 1.2424e-17 -7.90195 -3.59782 1.73896 0.25052 2.70665 12.4717 0.72918 -33.1692 -0.560506 0.721481 2.69456 0.030071 1.99006 -34.5633 -5.17465 -3.42313 -3.86049 -15.0069 -0.66651 -8.45602 10.6902 -5.96354e-16 -5.59082e-16 -1.27471e-14 
314.463 78.6638 436.107 4.06621 -3.1416 61.4649 0 4.34476 -0.984994 -0.500357 2.8574 -0.124091 0 4.80497 0.916596 -0.0538889 2.58351 -0.274496 -8.77771e-18 5.1242 0.0983897 0.156256 2.63581 -0.168745 -9.44946e-18 5.56568 -0.37943 0.328538 2.24151 -0.12825 -1.68784e-17 6.50642 -1.28831 0.502756 1.51272 -0.224186 -2.16702e-17 8.12491 -0.78234 0.687725 1.16302 -0.631298 -2.48435e-17 9.02658 1.34903 -0.0130899 0.994376 0.107851 -1.10523e-17 4.09476 0.611966 1.1417 -1.74242 0.584243 -1.54981e-17 4.1244 0.360838 2.11132 -4.10637 0.211994 -1.71918e-17 4.13237 0.654504 2.51657 -2.94683 1.39358 1.05481 -6.50798 6.44505 -2.0346 4.13003 -2.98857 11.0826 2.77992 -2.79636 -83.9437 21.0286 -4.26271 24.9873 0.0511653 0.117236 1.7535 -0.120938 -8.47989 20.7319 0.0424511 0.0972706 2.03902 -25.1732 -2.05174 -1.05481 -6.50797 6.44497 4.86887 5.97311 3.31508 -11.0826 2.77992 -2.79636 78.2475 10.6079 0.291661 -24.9873 0.0511653 0.117236 -0.867525 -0.0270895 4.184 -20.7319 0.042451 0.0972707 -1.1641 3.87092 4.75571 7.90195 -3.59782 1.73896 -0.0123313 -2.52625 -20.3019 -0.72918 -33.1692 -0.560506 -1.10217 4.1157 -0.0322615 -1.99006 -34.5633 -5.17465 0.745385 -2.39998 15.1729 0.66651 -8.45602 10.6902 2.48481e-17 -7.95139e-16 1.2424e-17 -7.90195 -3.59782 1.73896 0.217728 2.72739 12.4643 0.72918 -33.1692 -0.560506 0.726348 2.71274 0.0301587 1.99006 -34.5633 -5.17465 -3.42844 -3.85204 -15.0021 -0.66651 -8.45602 10.6902 -5.96354e-16 -5.59082e-16 -1.27471e-14 
314.465 78.6693 436.117 4.09495 -3.1003 61.482 0 4.34476 -0.984994 -0.501887 2.86283 -0.128446 0 4.80497 0.916596 -0.0525699 2.58911 -0.280073 -8.77771e-18 5.1242 0.0983897 0.158386 2.64086 -0.174746 -9.44946e-18 5.56568 -0.37943 0.330961 2.24704 -0.133992 -1.68784e-17 6.50642 -1.28831 0.504347 1.50847 -0.23002 -2.16702e-17 8.12491 -0.78234 0.689204 1.15618 -0.635745 -2.48435e-17 9.02658 1.34903 -0.0151442 0.993191 0.110269 -1.10523e-17 4.09476 0.611966 1.14018 -1.79358 0.576196 -1.54981e-17 4.1244 0.360838 2.11767 -4.09213 0.208004 -1.71918e-17 4.13237 0.654504 2.51504 -2.90207 1.36593 1.05481 -6.50798 6.44505 -2.05241 4.13383 -3.02848 11.0826 2.77992 -2.79636 -84.0181 20.5048 -4.39167 24.9873 0.0511653 0.117236 1.70904 -0.11463 -8.26348 20.7319 0.0424511 0.0972706 2.20059 -24.559 -2.02604 -1.05481 -6.50797 6.44497 4.93847 6.03719 3.36724 -11.0826 2.77992 -2.79636 78.1561 10.0332 0.35734 -24.9873 0.0511653 0.117236 -0.798154 -0.0225779 3.84891 -20.7319 0.042451 0.0972707 -1.23845 4.11766 4.77422 7.90195 -3.59782 1.73896 -0.0563141 -2.51004 -20.2922 -0.72918 -33.1692 -0.560506 -1.09733 4.09767 -0.0322929 -1.99006 -34.5633 -5.17465 0.7011 -2.35217 15.1745 0.66651 -8.45602 10.6902 2.48481e-17 -7.95139e-16 1.2424e-17 -7.90195 -3.59782 1.73896 0.171982 2.72532 12.4573 0.72918 -33.1692 -0.560506 0.73331 2.73874 0.0302815 1.99006 -34.5633 -5.17465 -3.45369 -3.85983 -14.9986 -0.66651 -8.45602 10.6902 -5.96354e-16 -5.59082e-16 -1.27471e-14 
314.468 78.6721 436.128 4.09362 -3.05623 61.4949 0 4.34476 -0.984994 -0.494791 2.8667 -0.132184 0 4.80497 0.916596 -0.0449516 2.59218 -0.283565 -8.77771e-18 5.1242 0.0983897 0.164771 2.64176 -0.17856 -9.44946e-18 5.56568 -0.37943 0.335535 2.24597 -0.137501 -1.68784e-17 6.50642 -1.28831 0.506202 1.498 -0.233998 -2.16702e-17 8.12491 -0.78234 0.688999 1.14236 -0.637874 -2.48435e-17 9.02658 1.34903 -0.0174697 0.992583 0.112627 -1.10523e-17 4.09476 0.611966 1.13386 -1.83941 0.550568 -1.54981e-17 4.1244 0.360838 2.11881 -4.07568 0.195834 -1.71918e-17 4.13237 0.654504 2.51034 -2.85184 1.34329 1.05481 -6.50798 6.44505 -2.07047 4.14084 -3.07144 11.0826 2.77992 -2.79636 -84.1014 20.02 -4.49875 24.9873 0.0511653 0.117236 1.67278 -0.109613 -8.08711 20.7319 0.0424511 0.0972706 2.3376 -23.9727 -2.02975 -1.05481 -6.50797 6.44497 4.98569 6.10197 3.40855 -11.0826 2.77992 -2.79636 78.0877 9.6294 0.385558 -24.9873 0.0511653 0.117236 -0.738094 -0.0190007 3.55888 -20.7319 0.042451 0.0972707 -1.24196 4.05645 4.81588 7.90195 -3.59782 1.73896 -0.0890696 -2.52782 -20.278 -0.72918 -33.1692 -0.560506 -1.09673 4.09543 -0.0322967 -1.99006 -34.5633 -5.17465 0.669814 -2.32954 15.1765 0.66651 -8.45602 10.6902 2.48481e-17 -7.95139e-16 1.2424e-17 -7.90195 -3.59782 1.73896 0.137338 2.70185 12.4555 0.72918 -33.1692 -0.560506 0.737418 2.75409 0.0303525 1.99006 -34.5633 -5.17465 -3.47219 -3.87746 -14.9962 -0.66651 -8.45602 10.6902 -5.96354e-16 -5.59082e-16 -1.27471e-14 
314.47 78.677 436.14 4.10924 -3.02947 61.4834 0 4.34476 -0.984994 -0.484575 2.87861 -0.133786 0 4.80497 0.916596 -0.0358958 2.59962 -0.284252 -8.77771e-18 5.1242 0.0983897 0.171389 2.64395 -0.17944 -9.44946e-18 5.56568 -0.37943 0.339136 2.2405 -0.138174 -1.68784e-17 6.50642 -1.28831 0.506525 1.4819 -0.235019 -2.16702e-17 8.12491 -0.78234 0.686876 1.12191 -0.636654 -2.48435e-17 9.02658 1.34903 -0.0196427 0.993243 0.114628 -1.10523e-17 4.09476 0.611966 1.12698 -1.86595 0.534129 -1.54981e-17 4.1244 0.360838 2.10857 -4.05339 0.187649 -1.71918e-17 4.13237 0.654504 2.5099 -2.79197 1.32869 1.05481 -6.50798 6.44505 -2.0945 4.15367 -3.11954 11.0826 2.77992 -2.79636 -84.1579 19.6335 -4.59021 24.9873 0.0511653 0.117236 1.64423 -0.105742 -7.94825 20.7319 0.0424511 0.0972706 2.42583 -23.4922 -2.04543 -1.05481 -6.50797 6.44497 5.0116 6.1602 3.43808 -11.0826 2.77992 -2.79636 78.0493 9.38189 0.377991 -24.9873 0.0511653 0.117236 -0.691791 -0.0164511 3.33535 -20.7319 0.042451 0.0972707 -1.19031 3.73667 4.86202 7.90195 -3.59782 1.73896 -0.113385 -2.51691 -20.2548 -0.72918 -33.1692 -0.560506 -1.09479 4.0882 -0.0323089 -1.99006 -34.5633 -5.17465 0.655671 -2.29504 15.1774 0.66651 -8.45602 10.6902 2.48481e-17 -7.95139e-16 1.2424e-17 -7.90195 -3.59782 1.73896 0.110343 2.69227 12.4781 0.72918 -33.1692 -0.560506 0.744172 2.77931 0.0304667 1.99006 -34.5633 -5.17465 -3.48736 -3.87826 -14.9924 -0.66651 -8.45602 10.6902 -5.96354e-16 -5.59082e-16 -1.27471e-14 
314.474 78.6819 436.151 4.12816 -3.00472 61.4809 0 4.34476 -0.984994 -0.477004 2.88822 -0.137549 0 4.80497 0.916596 -0.0286164 2.6057 -0.287047 -8.77771e-18 5.1242 0.0983897 0.17709 2.64569 -0.182317 -9.44946e-18 5.56568 -0.37943 0.342773 2.23552 -0.140845 -1.68784e-17 6.50642 -1.28831 0.507486 1.46905 -0.238099 -2.16702e-17 8.12491 -0.78234 0.685497 1.10511 -0.638449 -2.48435e-17 9.02658 1.34903 -0.0213025 0.994377 0.116309 -1.10523e-17 4.09476 0.611966 1.1238 -1.87003 0.525702 -1.54981e-17 4.1244 0.360838 2.10131 -4.03338 0.183289 -1.71918e-17 4.13237 0.654504 2.49935 -2.74411 1.31359 1.05481 -6.50798 6.44505 -2.10516 4.16153 -3.15327 11.0826 2.77992 -2.79636 -84.2162 19.3771 -4.67724 24.9873 0.0511653 0.117236 1.62576 -0.103276 -7.85847 20.7319 0.0424511 0.0972706 2.49027 -23.114 -2.05155 -1.05481 -6.50797 6.44497 5.02745 6.20136 3.45452 -11.0826 2.77992 -2.79636 78.0488 9.20334 0.345075 -24.9873 0.0511653 0.117236 -0.660601 -0.0148358 3.1848 -20.7319 0.042451 0.0972707 -1.14497 3.35278 4.88734 7.90195 -3.59782 1.73896 -0.139524 -2.50802 -20.249 -0.72918 -33.1692 -0.560506 -1.09573 4.09169 -0.032303 -1.99006 -34.5633 -5.17465 0.639365 -2.26291 15.1789 0.66651 -8.45602 10.6902 2.48481e-17 -7.95139e-16 1.2424e-17 -7.90195 -3.59782 1.73896 0.0838497 2.68818 12.4882 0.72918 -33.1692 -0.560506 0.750882 2.80438 0.0305773 1.99006 -34.5633 -5.17465 -3.49706 -3.88001 -14.9908 -0.66651 -8.45602 10.6902 -5.96354e-16 -5.59082e-16 -1.27471e-14 
314.477 78.6866 436.164 4.14561 -2.98021 61.4561 0 4.34476 -0.984994 -0.471699 2.89949 -0.140753 0 4.80497 0.916596 -0.0231451 2.61216 -0.289644 -8.77771e-18 5.1242 0.0983897 0.181675 2.64654 -0.184933 -9.44946e-18 5.56568 -0.37943 0.346051 2.22686 -0.143348 -1.68784e-17 6.50642 -1.28831 0.50911 1.45248 -0.240928 -2.16702e-17 8.12491 -0.78234 0.685512 1.08371 -0.640603 -2.48435e-17 9.02658 1.34903 -0.0223627 0.996153 0.117829 -1.10523e-17 4.09476 0.611966 1.12331 -1.85695 0.522058 -1.54981e-17 4.1244 0.360838 2.09253 -4.00998 0.181098 -1.71918e-17 4.13237 0.654504 2.47399 -2.70228 1.31106 1.05481 -6.50798 6.44505 -2.10153 4.16812 -3.1737 11.0826 2.77992 -2.79636 -84.2789 19.2324 -4.74847 24.9873 0.0511653 0.117236 1.61439 -0.101772 -7.80319 20.7319 0.0424511 0.0972706 2.51883 -22.8502 -2.077 -1.05481 -6.50797 6.44497 5.03588 6.23479 3.4606 -11.0826 2.77992 -2.79636 78.0799 9.024 0.308285 -24.9873 0.0511653 0.117236 -0.638039 -0.0137185 3.0759 -20.7319 0.042451 0.0972707 -1.1386 3.04305 4.88265 7.90195 -3.59782 1.73896 -0.158231 -2.4922 -20.2191 -0.72918 -33.1692 -0.560506 -1.09443 4.08684 -0.0323111 -1.99006 -34.5633 -5.17465 0.612096 -2.23745 15.1797 0.66651 -8.45602 10.6902 2.48481e-17 -7.95139e-16 1.2424e-17 -7.90195 -3.59782 1.73896 0.0598402 2.68051 12.5121 0.72918 -33.1692 -0.560506 0.757808 2.83025 0.0306883 1.99006 -34.5633 -5.17465 -3.50643 -3.88279 -14.9898 -0.66651 -8.45602 10.6902 -5.96354e-16 -5.59082e-16 -1.27471e-14 
314.48 78.691 436.178 4.16195 -2.95619 61.4243 0 4.34476 -0.984994 -0.472649 2.91225 -0.143505 0 4.80497 0.916596 -0.0223641 2.61967 -0.292207 -8.77771e-18 5.1242 0.0983897 0.183274 2.64826 -0.187275 -9.44946e-18 5.56568 -0.37943 0.348177 2.21851 -0.145484 -1.68784e-17 6.50642 -1.28831 0.51168 1.43635 -0.243205 -2.16702e-17 8.12491 -0.78234 0.688573 1.06226 -0.643324 -2.48435e-17 9.02658 1.34903 -0.0227312 0.997814 0.119589 -1.10523e-17 4.09476 0.611966 1.1276 -1.83547 0.531593 -1.54981e-17 4.1244 0.360838 2.08889 -3.99315 0.185161 -1.71918e-17 4.13237 0.654504 2.44539 -2.67518 1.30223 1.05481 -6.50798 6.44505 -2.07618 4.17071 -3.18288 11.0826 2.77992 -2.79636 -84.3563 19.1868 -4.81787 24.9873 0.0511653 0.117236 1.60953 -0.101134 -7.7796 20.7319 0.0424511 0.0972706 2.53443 -22.6698 -2.10623 -1.05481 -6.50797 6.44497 5.04917 6.26653 3.46908 -11.0826 2.77992 -2.79636 78.1226 8.82399 0.281338 -24.9873 0.0511653 0.117236 -0.61893 -0.0128058 2.98369 -20.7319 0.042451 0.0972707 -1.1468 2.8537 4.8411 7.90195 -3.59782 1.73896 -0.178654 -2.48461 -20.1785 -0.72918 -33.1692 -0.560506 -1.09724 4.09731 -0.0322936 -1.99006 -34.5633 -5.17465 0.596163 -2.21388 15.1815 0.66651 -8.45602 10.6902 2.48481e-17 -7.95139e-16 1.2424e-17 -7.90195 -3.59782 1.73896 0.03376 2.66365 12.5526 0.72918 -33.1692 -0.560506 0.768654 2.87075 0.0308559 1.99006 -34.5633 -5.17465 -3.49817 -3.89551 -14.9906 -0.66651 -8.45602 10.6902 -5.96354e-16 -5.59082e-16 -1.27471e-14 
314.482 78.6973 436.193 4.18748 -2.95499 61.3686 0 4.34476 -0.984994 -0.471012 2.929 -0.143995 0 4.80497 0.916596 -0.0197215 2.63022 -0.29206 -8.77771e-18 5.1242 0.0983897 0.186239 2.65289 -0.186804 -9.44946e-18 5.56568 -0.37943 0.351137 2.21273 -0.144722 -1.68784e-17 6.50642 -1.28831 0.515243 1.42196 -0.242674 -2.16702e-17 8.12491 -0.78234 0.693087 1.04312 -0.643273 -2.48435e-17 9.02658 1.34903 -0.0228755 0.999156 0.12174 -1.10523e-17 4.09476 0.611966 1.13223 -1.81305 0.546436 -1.54981e-17 4.1244 0.360838 2.08254 -3.97739 0.191681 -1.71918e-17 4.13237 0.654504 2.41448 -2.65031 1.3022 1.05481 -6.50798 6.44505 -2.03947 4.1731 -3.19744 11.0826 2.77992 -2.79636 -84.4419 19.2093 -4.88759 24.9873 0.0511653 0.117236 1.60811 -0.100946 -7.77266 20.7319 0.0424511 0.0972706 2.53652 -22.5577 -2.14663 -1.05481 -6.50797 6.44497 5.07008 6.3068 3.48969 -11.0826 2.77992 -2.79636 78.1558 8.65909 0.274361 -24.9873 0.0511653 0.117236 -0.596399 -0.0117693 2.87496 -20.7319 0.042451 0.0972707 -1.14186 2.71815 4.78412 7.90195 -3.59782 1.73896 -0.178069 -2.45202 -20.1225 -0.72918 -33.1692 -0.560506 -1.09877 4.10303 -0.0322838 -1.99006 -34.5633 -5.17465 0.57604 -2.19154 15.183 0.66651 -8.45602 10.6902 2.48481e-17 -7.95139e-16 1.2424e-17 -7.90195 -3.59782 1.73896 0.0263192 2.66549 12.6022 0.72918 -33.1692 -0.560506 0.777599 2.90416 0.0309884 1.99006 -34.5633 -5.17465 -3.49646 -3.88189 -14.9875 -0.66651 -8.45602 10.6902 -5.96354e-16 -5.59082e-16 -1.27471e-14 
314.484 78.7046 436.209 4.21958 -2.96786 61.3101 0 4.34476 -0.984994 -0.467241 2.94743 -0.143082 0 4.80497 0.916596 -0.0153562 2.64313 -0.289797 -8.77771e-18 5.1242 0.0983897 0.190667 2.66086 -0.184073 -9.44946e-18 5.56568 -0.37943 0.355244 2.21199 -0.141496 -1.68784e-17 6.50642 -1.28831 0.520255 1.41282 -0.239772 -2.16702e-17 8.12491 -0.78234 0.699635 1.03028 -0.641177 -2.48435e-17 9.02658 1.34903 -0.0229089 0.99997 0.124489 -1.10523e-17 4.09476 0.611966 1.13718 -1.79056 0.560923 -1.54981e-17 4.1244 0.360838 2.07901 -3.96564 0.198217 -1.71918e-17 4.13237 0.654504 2.3762 -2.63269 1.2963 1.05481 -6.50798 6.44505 -1.98889 4.17267 -3.21481 11.0826 2.77992 -2.79636 -84.5463 19.2848 -4.97143 24.9873 0.0511653 0.117236 1.6095 -0.10113 -7.77944 20.7319 0.0424511 0.0972706 2.54388 -22.4903 -2.18775 -1.05481 -6.50797 6.44497 5.10339 6.35661 3.52163 -11.0826 2.77992 -2.79636 78.1811 8.53512 0.284053 -24.9873 0.0511653 0.117236 -0.569463 -0.0105863 2.74499 -20.7319 0.042451 0.0972707 -1.12426 2.57167 4.71516 7.90195 -3.59782 1.73896 -0.168722 -2.42258 -20.068 -0.72918 -33.1692 -0.560506 -1.10847 4.13923 -0.0322181 -1.99006 -34.5633 -5.17465 0.554684 -2.17552 15.1854 0.66651 -8.45602 10.6902 2.48481e-17 -7.95139e-16 1.2424e-17 -7.90195 -3.59782 1.73896 0.0298239 2.68074 12.6537 0.72918 -33.1692 -0.560506 0.785725 2.93451 0.0311042 1.99006 -34.5633 -5.17465 -3.49522 -3.85507 -14.9837 -0.66651 -8.45602 10.6902 -5.96354e-16 -5.59082e-16 -1.27471e-14 
314.487 78.7108 436.226 4.24597 -2.97135 61.2475 0 4.34476 -0.984994 -0.466311 2.96659 -0.14125 0 4.80497 0.916596 -0.0132292 2.6563 -0.287053 -8.77771e-18 5.1242 0.0983897 0.193458 2.66868 -0.180901 -9.44946e-18 5.56568 -0.37943 0.358207 2.21032 -0.137817 -1.68784e-17 6.50642 -1.28831 0.524803 1.40218 -0.23628 -2.16702e-17 8.12491 -0.78234 0.706512 1.01584 -0.638502 -2.48435e-17 9.02658 1.34903 -0.022965 1.00112 0.127449 -1.10523e-17 4.09476 0.611966 1.14172 -1.76725 0.573796 -1.54981e-17 4.1244 0.360838 2.07376 -3.95317 0.20385 -1.71918e-17 4.13237 0.654504 2.34271 -2.62021 1.2957 1.05481 -6.50798 6.44505 -1.93105 4.17451 -3.23393 11.0826 2.77992 -2.79636 -84.6616 19.4037 -5.05263 24.9873 0.0511653 0.117236 1.61273 -0.101555 -7.79514 20.7319 0.0424511 0.0972706 2.54047 -22.4727 -2.25119 -1.05481 -6.50797 6.44497 5.1412 6.41749 3.56132 -11.0826 2.77992 -2.79636 78.2123 8.44759 0.307582 -24.9873 0.0511653 0.117236 -0.538145 -0.00928783 2.5939 -20.7319 0.042451 0.0972707 -1.12211 2.41259 4.66934 7.90195 -3.59782 1.73896 -0.16325 -2.39348 -20.0171 -0.72918 -33.1692 -0.560506 -1.11426 4.16083 -0.032176 -1.99006 -34.5633 -5.17465 0.530508 -2.16071 15.1876 0.66651 -8.45602 10.6902 2.48481e-17 -7.95139e-16 1.2424e-17 -7.90195 -3.59782 1.73896 0.0281102 2.68404 12.7032 0.72918 -33.1692 -0.560506 0.795625 2.97148 0.0312394 1.99006 -34.5633 -5.17465 -3.498 -3.83838 -14.9807 -0.66651 -8.45602 10.6902 -9.50425e-16 -5.48017e-16 -1.27249e-14 
314.489 78.7169 436.242 4.26673 -2.98971 61.189 0 4.34476 -0.984994 -0.462045 2.98378 -0.140493 0 4.80497 0.916596 -0.00811135 2.66865 -0.284947 -8.77771e-18 5.1242 0.0983897 0.198718 2.67671 -0.178418 -9.44946e-18 5.56568 -0.37943 0.363084 2.21046 -0.134847 -1.68784e-17 6.50642 -1.28831 0.530573 1.39425 -0.23385 -2.16702e-17 8.12491 -0.78234 0.713601 1.00479 -0.63698 -2.48435e-17 9.02658 1.34903 -0.0229069 1.00212 0.130443 -1.10523e-17 4.09476 0.611966 1.14634 -1.73749 0.583872 -1.54981e-17 4.1244 0.360838 2.06611 -3.94301 0.208254 -1.71918e-17 4.13237 0.654504 2.31119 -2.61177 1.29506 1.05481 -6.50798 6.44505 -1.87371 4.17492 -3.25475 11.0826 2.77992 -2.79636 -84.7759 19.5737 -5.13551 24.9873 0.0511653 0.117236 1.6186 -0.102329 -7.82368 20.7319 0.0424511 0.0972706 2.52009 -22.5241 -2.32502 -1.05481 -6.50797 6.44497 5.17732 6.47819 3.60301 -11.0826 2.77992 -2.79636 78.2453 8.38094 0.336851 -24.9873 0.0511653 0.117236 -0.507356 -0.00809183 2.44537 -20.7319 0.042451 0.0972707 -1.11925 2.25391 4.63108 7.90195 -3.59782 1.73896 -0.140821 -2.35934 -19.9605 -0.72918 -33.1692 -0.560506 -1.1192 4.17925 -0.0321384 -1.99006 -34.5633 -5.17465 0.508205 -2.15707 15.1894 0.66651 -8.45602 10.6902 2.48481e-17 -7.95139e-16 1.2424e-17 -7.90195 -3.59782 1.73896 0.0443741 2.69401 12.7493 0.72918 -33.1692 -0.560506 0.803099 2.9994 0.0313373 1.99006 -34.5633 -5.17465 -3.50698 -3.80747 -14.9761 -0.66651 -8.45602 10.6902 -6.39852e-16 -5.57723e-16 -1.27443e-14 
314.492 78.7238 436.258 4.29306 -3.02119 61.1429 0 4.34476 -0.984994 -0.458136 3.00149 -0.140672 0 4.80497 0.916596 -0.00321557 2.68186 -0.283742 -8.77771e-18 5.1242 0.0983897 0.203755 2.68618 -0.176968 -9.44946e-18 5.56568 -0.37943 0.367772 2.21293 -0.132991 -1.68784e-17 6.50642 -1.28831 0.535911 1.38926 -0.232524 -2.16702e-17 8.12491 -0.78234 0.719846 0.997143 -0.636376 -2.48435e-17 9.02658 1.34903 -0.0227485 1.00312 0.13331 -1.10523e-17 4.09476 0.611966 1.14988 -1.71128 0.590939 -1.54981e-17 4.1244 0.360838 2.05051 -3.94582 0.211122 -1.71918e-17 4.13237 0.654504 2.27525 -2.61304 1.29306 1.05481 -6.50798 6.44505 -1.81547 4.17569 -3.27655 11.0826 2.77992 -2.79636 -84.8756 19.8058 -5.22491 24.9873 0.0511653 0.117236 1.62652 -0.103379 -7.86219 20.7319 0.0424511 0.0972706 2.47894 -22.6472 -2.39748 -1.05481 -6.50797 6.44497 5.2118 6.53832 3.64865 -11.0826 2.77992 -2.79636 78.2854 8.33216 0.377509 -24.9873 0.0511653 0.117236 -0.477481 -0.0070077 2.30126 -20.7319 0.042451 0.0972707 -1.12283 2.12408 4.58953 7.90195 -3.59782 1.73896 -0.111731 -2.32286 -19.9244 -0.72918 -33.1692 -0.560506 -1.12793 4.21181 -0.032068 -1.99006 -34.5633 -5.17465 0.488275 -2.15476 15.1917 0.66651 -8.45602 10.6902 2.48481e-17 -7.95139e-16 1.2424e-17 -7.90195 -3.59782 1.73896 0.0697842 2.71419 12.7794 0.72918 -33.1692 -0.560506 0.810979 3.02882 0.0314366 1.99006 -34.5633 -5.17465 -3.51649 -3.7641 -14.9702 -0.66651 -8.45602 10.6902 -5.96354e-16 -5.59082e-16 -1.27471e-14 
314.495 78.7297 436.274 4.31472 -3.04281 61.0983 0 4.34476 -0.984994 -0.458602 3.01886 -0.141075 0 4.80497 0.916596 -0.00155937 2.69457 -0.28351 -8.77771e-18 5.1242 0.0983897 0.206604 2.69477 -0.176541 -9.44946e-18 5.56568 -0.37943 0.371306 2.21349 -0.132223 -1.68784e-17 6.50642 -1.28831 0.541026 1.38229 -0.23219 -2.16702e-17 8.12491 -0.78234 0.726555 0.986982 -0.637098 -2.48435e-17 9.02658 1.34903 -0.0225579 1.0044 0.136012 -1.10523e-17 4.09476 0.611966 1.15391 -1.68231 0.591601 -1.54981e-17 4.1244 0.360838 2.03872 -3.9477 0.211039 -1.71918e-17 4.13237 0.654504 2.24576 -2.6243 1.30048 1.05481 -6.50798 6.44505 -1.75207 4.17801 -3.29436 11.0826 2.77992 -2.79636 -84.9746 20.0749 -5.30955 24.9873 0.0511653 0.117236 1.63639 -0.104694 -7.91017 20.7319 0.0424511 0.0972706 2.42867 -22.8081 -2.46779 -1.05481 -6.50797 6.44497 5.24236 6.5981 3.69335 -11.0826 2.77992 -2.79636 78.3354 8.3133 0.430514 -24.9873 0.0511653 0.117236 -0.449702 -0.00606714 2.16728 -20.7319 0.042451 0.0972707 -1.15422 2.06752 4.56094 7.90195 -3.59782 1.73896 -0.0895973 -2.29787 -19.8888 -0.72918 -33.1692 -0.560506 -1.13804 4.24952 -0.0319802 -1.99006 -34.5633 -5.17465 0.471918 -2.15469 15.1934 0.66651 -8.45602 10.6902 2.48481e-17 -7.95139e-16 1.2424e-17 -7.90195 -3.59782 1.73896 0.0897492 2.72562 12.8081 0.72918 -33.1692 -0.560506 0.819382 3.0602 0.0315379 1.99006 -34.5633 -5.17465 -3.53056 -3.73046 -14.9658 -0.66651 -8.45602 10.6902 -5.96354e-16 -5.59082e-16 -1.27471e-14 
314.498 78.7347 436.289 4.3245 -3.06843 61.0541 0 4.34476 -0.984994 -0.459078 3.03723 -0.142106 0 4.80497 0.916596 0.000415269 2.70733 -0.284185 -8.77771e-18 5.1242 0.0983897 0.209954 2.70201 -0.17709 -9.44946e-18 5.56568 -0.37943 0.375588 2.21055 -0.132519 -1.68784e-17 6.50642 -1.28831 0.546833 1.37093 -0.233149 -2.16702e-17 8.12491 -0.78234 0.733503 0.970948 -0.639504 -2.48435e-17 9.02658 1.34903 -0.0222643 1.00593 0.138319 -1.10523e-17 4.09476 0.611966 1.15988 -1.65329 0.596992 -1.54981e-17 4.1244 0.360838 2.03223 -3.94915 0.213201 -1.71918e-17 4.13237 0.654504 2.22391 -2.63256 1.30847 1.05481 -6.50798 6.44505 -1.68468 4.18331 -3.30943 11.0826 2.77992 -2.79636 -85.0786 20.3668 -5.38197 24.9873 0.0511653 0.117236 1.64733 -0.106161 -7.96333 20.7319 0.0424511 0.0972706 2.37394 -22.9757 -2.52969 -1.05481 -6.50797 6.44497 5.26169 6.65492 3.73557 -11.0826 2.77992 -2.79636 78.396 8.31553 0.497482 -24.9873 0.0511653 0.117236 -0.425661 -0.0053056 2.05133 -20.7319 0.042451 0.0972707 -1.19303 2.10429 4.53558 7.90195 -3.59782 1.73896 -0.0574171 -2.28185 -19.8541 -0.72918 -33.1692 -0.560506 -1.14871 4.28932 -0.0318803 -1.99006 -34.5633 -5.17465 0.455452 -2.16687 15.1955 0.66651 -8.45602 10.6902 2.48481e-17 -7.95139e-16 1.2424e-17 -7.90195 -3.59782 1.73896 0.118174 2.7234 12.8478 0.72918 -33.1692 -0.560506 0.829982 3.09979 0.0316592 1.99006 -34.5633 -5.17465 -3.53972 -3.69833 -14.9618 -0.66651 -8.45602 10.6902 -5.96354e-16 -5.59082e-16 -1.27471e-14 
314.501 78.7393 436.304 4.34045 -3.07749 61.0252 0 4.34476 -0.984994 -0.463743 3.05663 -0.143022 0 4.80497 0.916596 -0.00147083 2.71974 -0.285384 -8.77771e-18 5.1242 0.0983897 0.209903 2.70708 -0.178364 -9.44946e-18 5.56568 -0.37943 0.376989 2.20274 -0.133697 -1.68784e-17 6.50642 -1.28831 0.550005 1.35387 -0.234642 -2.16702e-17 8.12491 -0.78234 0.737941 0.947279 -0.641982 -2.48435e-17 9.02658 1.34903 -0.0221031 1.00817 0.140024 -1.10523e-17 4.09476 0.611966 1.16184 -1.61623 0.585505 -1.54981e-17 4.1244 0.360838 2.01962 -3.94615 0.207387 -1.71918e-17 4.13237 0.654504 2.20897 -2.63923 1.31784 1.05481 -6.50798 6.44505 -1.61442 4.19188 -3.32279 11.0826 2.77992 -2.79636 -85.185 20.6739 -5.43693 24.9873 0.0511653 0.117236 1.65826 -0.107637 -8.01648 20.7319 0.0424511 0.0972706 2.31825 -23.1386 -2.59401 -1.05481 -6.50797 6.44497 5.25434 6.70304 3.76909 -11.0826 2.77992 -2.79636 78.4754 8.39686 0.555628 -24.9873 0.0511653 0.117236 -0.406907 -0.0047453 1.96088 -20.7319 0.042451 0.0972707 -1.20499 2.07867 4.53103 7.90195 -3.59782 1.73896 -0.0429727 -2.2714 -19.8256 -0.72918 -33.1692 -0.560506 -1.15954 4.32971 -0.0317714 -1.99006 -34.5633 -5.17465 0.423684 -2.17298 15.1973 0.66651 -8.45602 10.6902 2.48481e-17 -7.95139e-16 1.2424e-17 -7.90195 -3.59782 1.73896 0.130053 2.72501 12.8715 0.72918 -33.1692 -0.560506 0.838738 3.13248 0.0317539 1.99006 -34.5633 -5.17465 -3.56533 -3.67472 -14.9576 -0.66651 -8.45602 10.6902 -5.96354e-16 -5.59082e-16 -1.27471e-14 
314.505 78.7436 436.319 4.35133 -3.10137 61.0066 0 4.34476 -0.984994 -0.462152 3.07827 -0.143184 0 4.80497 0.916596 0.00120125 2.73295 -0.285118 -8.77771e-18 5.1242 0.0983897 0.212767 2.71155 -0.178348 -9.44946e-18 5.56568 -0.37943 0.379672 2.19187 -0.133722 -1.68784e-17 6.50642 -1.28831 0.55281 1.33322 -0.235286 -2.16702e-17 8.12491 -0.78234 0.740264 0.919059 -0.643124 -2.48435e-17 9.02658 1.34903 -0.0221462 1.01078 0.14113 -1.10523e-17 4.09476 0.611966 1.16111 -1.56087 0.566979 -1.54981e-17 4.1244 0.360838 2.00154 -3.94513 0.198256 -1.71918e-17 4.13237 0.654504 2.18763 -2.65214 1.32131 1.05481 -6.50798 6.44505 -1.54848 4.20209 -3.34155 11.0826 2.77992 -2.79636 -85.2876 20.9897 -5.47288 24.9873 0.0511653 0.117236 1.67089 -0.109356 -8.07789 20.7319 0.0424511 0.0972706 2.26201 -23.3166 -2.66912 -1.05481 -6.50797 6.44497 5.21955 6.73992 3.79263 -11.0826 2.77992 -2.79636 78.5788 8.58905 0.602133 -24.9873 0.0511653 0.117236 -0.394471 -0.00439006 1.90091 -20.7319 0.042451 0.0972707 -1.17473 1.94761 4.54689 7.90195 -3.59782 1.73896 -0.0149665 -2.25477 -19.8054 -0.72918 -33.1692 -0.560506 -1.16865 4.36365 -0.0316739 -1.99006 -34.5633 -5.17465 0.407193 -2.18566 15.1991 0.66651 -8.45602 10.6902 2.48481e-17 -7.95139e-16 1.2424e-17 -7.90195 -3.59782 1.73896 0.15962 2.73336 12.8772 0.72918 -33.1692 -0.560506 0.845492 3.15771 0.0318235 1.99006 -34.5633 -5.17465 -3.59866 -3.63654 -14.9512 -0.66651 -8.45602 10.6902 -5.96354e-16 -5.59082e-16 -1.27471e-14 
314.509 78.7486 436.332 4.37443 -3.12136 61.0044 0 4.34476 -0.984994 -0.462946 3.10239 -0.14295 0 4.80497 0.916596 0.00142958 2.74746 -0.284963 -8.77771e-18 5.1242 0.0983897 0.213182 2.71663 -0.178671 -9.44946e-18 5.56568 -0.37943 0.379999 2.18004 -0.134311 -1.68784e-17 6.50642 -1.28831 0.553172 1.3119 -0.236186 -2.16702e-17 8.12491 -0.78234 0.740069 0.889828 -0.64403 -2.48435e-17 9.02658 1.34903 -0.0222231 1.01393 0.141364 -1.10523e-17 4.09476 0.611966 1.15975 -1.48942 0.551612 -1.54981e-17 4.1244 0.360838 1.9765 -3.94537 0.19031 -1.71918e-17 4.13237 0.654504 2.16728 -2.6731 1.32551 1.05481 -6.50798 6.44505 -1.49031 4.2135 -3.35945 11.0826 2.77992 -2.79636 -85.3759 21.313 -5.49723 24.9873 0.0511653 0.117236 1.68555 -0.111369 -8.1492 20.7319 0.0424511 0.0972706 2.20416 -23.5097 -2.74545 -1.05481 -6.50797 6.44497 5.16198 6.75997 3.80317 -11.0826 2.77992 -2.79636 78.7121 8.84085 0.641006 -24.9873 0.0511653 0.117236 -0.39048 -0.00427876 1.88167 -20.7319 0.042451 0.0972707 -1.1435 1.75293 4.56908 7.90195 -3.59782 1.73896 0.00258337 -2.22423 -19.8074 -0.72918 -33.1692 -0.560506 -1.17394 4.3834 -0.0316147 -1.99006 -34.5633 -5.17465 0.383555 -2.18514 15.2004 0.66651 -8.45602 10.6902 2.48481e-17 -7.95139e-16 1.2424e-17 -7.90195 -3.59782 1.73896 0.178731 2.75712 12.872 0.72918 -33.1692 -0.560506 0.849779 3.17371 0.0318661 1.99006 -34.5633 -5.17465 -3.62742 -3.59876 -14.9457 -0.66651 -8.45602 10.6902 -5.96354e-16 -5.59082e-16 -1.27471e-14 
314.511 78.7516 436.346 4.37052 -3.14024 60.9931 0 4.34476 -0.984994 -0.461473 3.11866 -0.143283 0 4.80497 0.916596 0.00342465 2.75627 -0.285438 -8.77771e-18 5.1242 0.0983897 0.214933 2.71748 -0.179852 -9.44946e-18 5.56568 -0.37943 0.381348 2.1661 -0.135965 -1.68784e-17 6.50642 -1.28831 0.553877 1.29125 -0.238394 -2.16702e-17 8.12491 -0.78234 0.739092 0.861766 -0.646245 -2.48435e-17 9.02658 1.34903 -0.0223702 1.01666 0.140721 -1.10523e-17 4.09476 0.611966 1.1586 -1.40454 0.533514 -1.54981e-17 4.1244 0.360838 1.95406 -3.94553 0.18108 -1.71918e-17 4.13237 0.654504 2.14481 -2.70934 1.34239 1.05481 -6.50798 6.44505 -1.44049 4.22042 -3.36654 11.0826 2.77992 -2.79636 -85.4557 21.6056 -5.49644 24.9873 0.0511653 0.117236 1.70339 -0.113842 -8.23598 20.7319 0.0424511 0.0972706 2.14923 -23.7076 -2.82268 -1.05481 -6.50797 6.44497 5.08547 6.75691 3.79261 -11.0826 2.77992 -2.79636 78.8762 9.104 0.685877 -24.9873 0.0511653 0.117236 -0.396174 -0.00443772 1.90913 -20.7319 0.042451 0.0972707 -1.14192 1.58312 4.58856 7.90195 -3.59782 1.73896 0.034339 -2.21614 -19.7993 -0.72918 -33.1692 -0.560506 -1.17959 4.40446 -0.0315495 -1.99006 -34.5633 -5.17465 0.368345 -2.2058 15.2021 0.66651 -8.45602 10.6902 2.48481e-17 -7.95139e-16 1.2424e-17 -7.90195 -3.59782 1.73896 0.211425 2.75411 12.8725 0.72918 -33.1692 -0.560506 0.855007 3.19323 0.0319165 1.99006 -34.5633 -5.17465 -3.65614 -3.56654 -14.9408 -0.66651 -8.45602 10.6902 -5.96354e-16 -5.59082e-16 -1.27471e-14 
314.515 78.7538 436.359 4.36468 -3.15877 61.0041 0 4.34476 -0.984994 -0.462517 3.13102 -0.145182 0 4.80497 0.916596 0.0034689 2.76171 -0.288066 -8.77771e-18 5.1242 0.0983897 0.215133 2.71524 -0.183367 -9.44946e-18 5.56568 -0.37943 0.381833 2.14965 -0.140191 -1.68784e-17 6.50642 -1.28831 0.553686 1.26936 -0.243104 -2.16702e-17 8.12491 -0.78234 0.736873 0.831916 -0.650934 -2.48435e-17 9.02658 1.34903 -0.0223596 1.01957 0.139436 -1.10523e-17 4.09476 0.611966 1.15849 -1.3243 0.517903 -1.54981e-17 4.1244 0.360838 1.92914 -3.94275 0.172901 -1.71918e-17 4.13237 0.654504 2.13105 -2.73926 1.35024 1.05481 -6.50798 6.44505 -1.40857 4.22873 -3.36826 11.0826 2.77992 -2.79636 -85.5159 21.8734 -5.47683 24.9873 0.0511653 0.117236 1.7222 -0.116481 -8.32752 20.7319 0.0424511 0.0972706 2.10464 -23.8886 -2.87172 -1.05481 -6.50797 6.44497 5.00109 6.7385 3.77455 -11.0826 2.77992 -2.79636 79.0491 9.29748 0.733706 -24.9873 0.0511653 0.117236 -0.410063 -0.00483709 1.97611 -20.7319 0.042451 0.0972707 -1.15874 1.51653 4.57483 7.90195 -3.59782 1.73896 0.0621828 -2.21395 -19.8033 -0.72918 -33.1692 -0.560506 -1.18605 4.42855 -0.0314724 -1.99006 -34.5633 -5.17465 0.365611 -2.22641 15.2035 0.66651 -8.45602 10.6902 2.48481e-17 -7.95139e-16 1.2424e-17 -7.90195 -3.59782 1.73896 0.242676 2.75608 12.8657 0.72918 -33.1692 -0.560506 0.857992 3.20438 0.0319445 1.99006 -34.5633 -5.17465 -3.67692 -3.53929 -14.9367 -0.66651 -8.45602 10.6902 -5.96354e-16 -5.59082e-16 -1.27471e-14 
314.518 78.7571 436.372 4.37025 -3.17189 61.0176 0 4.34476 -0.984994 -0.469428 3.14199 -0.14537 0 4.80497 0.916596 -0.00157614 2.76584 -0.290079 -8.77771e-18 5.1242 0.0983897 0.211261 2.71211 -0.186441 -9.44946e-18 5.56568 -0.37943 0.379363 2.13246 -0.144126 -1.68784e-17 6.50642 -1.28831 0.551771 1.24714 -0.246987 -2.16702e-17 8.12491 -0.78234 0.734401 0.802314 -0.654589 -2.48435e-17 9.02658 1.34903 -0.0223363 1.02259 0.137794 -1.10523e-17 4.09476 0.611966 1.15687 -1.25311 0.487983 -1.54981e-17 4.1244 0.360838 1.90705 -3.93831 0.158252 -1.71918e-17 4.13237 0.654504 2.12307 -2.76214 1.36256 1.05481 -6.50798 6.44505 -1.3915 4.23925 -3.36829 11.0826 2.77992 -2.79636 -85.5519 22.0963 -5.44521 24.9873 0.0511653 0.117236 1.73889 -0.118847 -8.40874 20.7319 0.0424511 0.0972706 2.06633 -24.0374 -2.89857 -1.05481 -6.50797 6.44497 4.92073 6.71403 3.75476 -11.0826 2.77992 -2.79636 79.2207 9.42909 0.795296 -24.9873 0.0511653 0.117236 -0.426403 -0.00532776 2.05492 -20.7319 0.042451 0.0972707 -1.21353 1.59136 4.54039 7.90195 -3.59782 1.73896 0.0796786 -2.21102 -19.8101 -0.72918 -33.1692 -0.560506 -1.19466 4.46064 -0.0313655 -1.99006 -34.5633 -5.17465 0.35534 -2.23602 15.2046 0.66651 -8.45602 10.6902 2.48481e-17 -7.95139e-16 1.2424e-17 -7.90195 -3.59782 1.73896 0.265535 2.77543 12.8416 0.72918 -33.1692 -0.560506 0.855773 3.19609 0.0319237 1.99006 -34.5633 -5.17465 -3.70435 -3.50666 -14.932 -0.66651 -8.45602 10.6902 -2.42283e-16 -5.81211e-16 -1.27581e-14 
314.521 78.7596 436.385 4.37277 -3.17266 61.0349 0 4.34476 -0.984994 -0.479434 3.14799 -0.143041 0 4.80497 0.916596 -0.00938533 2.76652 -0.290197 -8.77771e-18 5.1242 0.0983897 0.205219 2.70699 -0.187704 -9.44946e-18 5.56568 -0.37943 0.375394 2.11594 -0.146258 -1.68784e-17 6.50642 -1.28831 0.54941 1.22672 -0.248805 -2.16702e-17 8.12491 -0.78234 0.73295 0.775187 -0.656321 -2.48435e-17 9.02658 1.34903 -0.0222496 1.0253 0.135845 -1.10523e-17 4.09476 0.611966 1.15592 -1.17047 0.452638 -1.54981e-17 4.1244 0.360838 1.89717 -3.92847 0.141459 -1.71918e-17 4.13237 0.654504 2.12097 -2.79295 1.36407 1.05481 -6.50798 6.44505 -1.37553 4.24313 -3.36221 11.0826 2.77992 -2.79636 -85.5883 22.2499 -5.40237 24.9873 0.0511653 0.117236 1.75266 -0.120818 -8.47577 20.7319 0.0424511 0.0972706 2.04031 -24.1064 -2.92317 -1.05481 -6.50797 6.44497 4.83376 6.67973 3.72939 -11.0826 2.77992 -2.79636 79.3888 9.5183 0.872791 -24.9873 0.0511653 0.117236 -0.441932 -0.00581496 2.12981 -20.7319 0.042451 0.0972707 -1.27927 1.79022 4.50554 7.90195 -3.59782 1.73896 0.0879603 -2.20268 -19.8153 -0.72918 -33.1692 -0.560506 -1.1959 4.46526 -0.0313497 -1.99006 -34.5633 -5.17465 0.343084 -2.23985 15.2059 0.66651 -8.45602 10.6902 2.48481e-17 -7.95139e-16 1.2424e-17 -7.90195 -3.59782 1.73896 0.281251 2.8015 12.8037 0.72918 -33.1692 -0.560506 0.846441 3.16125 0.031833 1.99006 -34.5633 -5.17465 -3.74089 -3.47738 -14.9274 -0.66651 -8.45602 10.6902 -5.52856e-16 -5.61801e-16 -1.27484e-14 
314.523 78.7596 436.397 4.35258 -3.15513 61.0608 0 4.34476 -0.984994 -0.488458 3.14981 -0.138951 0 4.80497 0.916596 -0.0170369 2.7631 -0.288494 -8.77771e-18 5.1242 0.0983897 0.198893 2.69731 -0.187196 -9.44946e-18 5.56568 -0.37943 0.370766 2.09463 -0.146632 -1.68784e-17 6.50642 -1.28831 0.546131 1.20168 -0.24872 -2.16702e-17 8.12491 -0.78234 0.730677 0.742768 -0.655753 -2.48435e-17 9.02658 1.34903 -0.0222487 1.02817 0.133618 -1.10523e-17 4.09476 0.611966 1.15272 -1.09036 0.40904 -1.54981e-17 4.1244 0.360838 1.89132 -3.91528 0.120893 -1.71918e-17 4.13237 0.654504 2.12403 -2.81978 1.35886 1.05481 -6.50798 6.44505 -1.358 4.2473 -3.35328 11.0826 2.77992 -2.79636 -85.6335 22.3305 -5.34051 24.9873 0.0511653 0.117236 1.76402 -0.122457 -8.53111 20.7319 0.0424511 0.0972706 2.03495 -24.1034 -2.944 -1.05481 -6.50797 6.44497 4.73772 6.64352 3.69888 -11.0826 2.77992 -2.79636 79.5565 9.60973 0.954541 -24.9873 0.0511653 0.117236 -0.457684 -0.00632991 2.20578 -20.7319 0.042451 0.0972707 -1.34272 2.03344 4.48842 7.90195 -3.59782 1.73896 0.0928168 -2.21852 -19.8331 -0.72918 -33.1692 -0.560506 -1.19448 4.45996 -0.0313678 -1.99006 -34.5633 -5.17465 0.319583 -2.25686 15.2073 0.66651 -8.45602 10.6902 2.48481e-17 -7.95139e-16 1.2424e-17 -7.90195 -3.59782 1.73896 0.29029 2.79695 12.7572 0.72918 -33.1692 -0.560506 0.838935 3.13322 0.031756 1.99006 -34.5633 -5.17465 -3.77493 -3.46987 -14.925 -0.66651 -8.45602 10.6902 -5.96354e-16 -5.59082e-16 -1.27471e-14 
314.525 78.7587 436.408 4.33643 -3.11848 61.0911 0 4.34476 -0.984994 -0.502396 3.1548 -0.132426 0 4.80497 0.916596 -0.0294103 2.76033 -0.285155 -8.77771e-18 5.1242 0.0983897 0.188444 2.68578 -0.185038 -9.44946e-18 5.56568 -0.37943 0.362674 2.06727 -0.145435 -1.68784e-17 6.50642 -1.28831 0.540403 1.16856 -0.246598 -2.16702e-17 8.12491 -0.78234 0.727313 0.700847 -0.652744 -2.48435e-17 9.02658 1.34903 -0.0223526 1.03201 0.131111 -1.10523e-17 4.09476 0.611966 1.14641 -1.01053 0.345098 -1.54981e-17 4.1244 0.360838 1.8869 -3.88915 0.0910531 -1.71918e-17 4.13237 0.654504 2.15319 -2.82593 1.35414 1.05481 -6.50798 6.44505 -1.35448 4.25897 -3.35145 11.0826 2.77992 -2.79636 -85.6571 22.3647 -5.25732 24.9873 0.0511653 0.117236 1.77236 -0.123667 -8.57171 20.7319 0.0424511 0.0972706 2.02046 -24.0949 -2.96958 -1.05481 -6.50797 6.44497 4.63215 6.60858 3.66757 -11.0826 2.77992 -2.79636 79.7225 9.7331 1.02814 -24.9873 0.0511653 0.117236 -0.475955 -0.00695347 2.29391 -20.7319 0.042451 0.0972707 -1.39134 2.25889 4.49286 7.90195 -3.59782 1.73896 0.078748 -2.22516 -19.8326 -0.72918 -33.1692 -0.560506 -1.18471 4.42354 -0.0314887 -1.99006 -34.5633 -5.17465 0.297415 -2.26006 15.2072 0.66651 -8.45602 10.6902 2.48481e-17 -7.95139e-16 1.2424e-17 -7.90195 -3.59782 1.73896 0.279856 2.78737 12.7075 0.72918 -33.1692 -0.560506 0.831621 3.10591 0.0316773 1.99006 -34.5633 -5.17465 -3.81705 -3.4778 -14.9233 -0.66651 -8.45602 10.6902 -5.96354e-16 -5.59082e-16 -1.27471e-14 
314.527 78.7568 436.419 4.30988 -3.08511 61.1223 0 4.34476 -0.984994 -0.515806 3.15804 -0.123953 0 4.80497 0.916596 -0.0418197 2.75626 -0.279803 -8.77771e-18 5.1242 0.0983897 0.177702 2.67332 -0.18085 -9.44946e-18 5.56568 -0.37943 0.35411 2.03952 -0.142269 -1.68784e-17 6.50642 -1.28831 0.534365 1.13565 -0.242406 -2.16702e-17 8.12491 -0.78234 0.724042 0.659623 -0.647639 -2.48435e-17 9.02658 1.34903 -0.022338 1.03547 0.128346 -1.10523e-17 4.09476 0.611966 1.14068 -0.933476 0.287076 -1.54981e-17 4.1244 0.360838 1.88353 -3.86432 0.0639478 -1.71918e-17 4.13237 0.654504 2.17885 -2.82709 1.33851 1.05481 -6.50798 6.44505 -1.35634 4.27152 -3.35079 11.0826 2.77992 -2.79636 -85.6612 22.3758 -5.1672 24.9873 0.0511653 0.117236 1.77986 -0.12476 -8.60823 20.7319 0.0424511 0.0972706 2.00227 -24.1108 -2.98746 -1.05481 -6.50797 6.44497 4.52763 6.56901 3.63335 -11.0826 2.77992 -2.79636 79.8858 9.85935 1.10981 -24.9873 0.0511653 0.117236 -0.497671 -0.00773121 2.39867 -20.7319 0.042451 0.0972707 -1.43679 2.51265 4.48686 7.90195 -3.59782 1.73896 0.0685481 -2.25446 -19.8154 -0.72918 -33.1692 -0.560506 -1.18229 4.41452 -0.0315177 -1.99006 -34.5633 -5.17465 0.298075 -2.27126 15.2071 0.66651 -8.45602 10.6902 2.48481e-17 -7.95139e-16 1.2424e-17 -7.90195 -3.59782 1.73896 0.278918 2.76538 12.6552 0.72918 -33.1692 -0.560506 0.826338 3.08618 0.0316184 1.99006 -34.5633 -5.17465 -3.86451 -3.4849 -14.9216 -0.66651 -8.45602 10.6902 -9.5042e-16 -5.48017e-16 -1.27249e-14 
314.527 78.7541 436.431 4.27653 -3.04116 61.1535 0 4.34476 -0.984994 -0.528927 3.15663 -0.114625 0 4.80497 0.916596 -0.0542965 2.74798 -0.273696 -8.77771e-18 5.1242 0.0983897 0.166752 2.65679 -0.175904 -9.44946e-18 5.56568 -0.37943 0.345254 2.00797 -0.138391 -1.68784e-17 6.50642 -1.28831 0.528072 1.09995 -0.237456 -2.16702e-17 8.12491 -0.78234 0.720574 0.615358 -0.641639 -2.48435e-17 9.02658 1.34903 -0.0223275 1.03935 0.125325 -1.10523e-17 4.09476 0.611966 1.13357 -0.858153 0.213196 -1.54981e-17 4.1244 0.360838 1.88202 -3.83133 0.0296131 -1.71918e-17 4.13237 0.654504 2.21236 -2.81956 1.33231 1.05481 -6.50798 6.44505 -1.36239 4.28525 -3.3472 11.0826 2.77992 -2.79636 -85.6562 22.359 -5.05656 24.9873 0.0511653 0.117236 1.78604 -0.125664 -8.63831 20.7319 0.0424511 0.0972706 1.96834 -24.1209 -3.01107 -1.05481 -6.50797 6.44497 4.41543 6.52558 3.59268 -11.0826 2.77992 -2.79636 80.0491 9.98439 1.18972 -24.9873 0.0511653 0.117236 -0.521673 -0.00863703 2.51445 -20.7319 0.042451 0.0972707 -1.49551 2.79616 4.48342 7.90195 -3.59782 1.73896 0.0570939 -2.27422 -19.7976 -0.72918 -33.1692 -0.560506 -1.16972 4.36767 -0.031662 -1.99006 -34.5633 -5.17465 0.282819 -2.28237 15.2068 0.66651 -8.45602 10.6902 2.48481e-17 -7.95139e-16 1.2424e-17 -7.90195 -3.59782 1.73896 0.270869 2.73072 12.612 0.72918 -33.1692 -0.560506 0.822025 3.07007 0.0315689 1.99006 -34.5633 -5.17465 -3.90605 -3.50466 -14.9216 -0.66651 -8.45602 10.6902 -6.39857e-16 -5.57722e-16 -1.27443e-14 
314.528 78.7519 436.441 4.25526 -2.99018 61.2079 0 4.34476 -0.984994 -0.544645 3.15471 -0.105404 0 4.80497 0.916596 -0.0690041 2.73898 -0.26807 -8.77771e-18 5.1242 0.0983897 0.154013 2.6393 -0.171501 -9.44946e-18 5.56568 -0.37943 0.335091 1.97511 -0.13512 -1.68784e-17 6.50642 -1.28831 0.520803 1.06304 -0.233002 -2.16702e-17 8.12491 -0.78234 0.716451 0.569245 -0.636166 -2.48435e-17 9.02658 1.34903 -0.0224615 1.04343 0.1221 -1.10523e-17 4.09476 0.611966 1.12646 -0.77476 0.137642 -1.54981e-17 4.1244 0.360838 1.88191 -3.79888 -0.00550313 -1.71918e-17 4.13237 0.654504 2.25771 -2.81346 1.31702 1.05481 -6.50798 6.44505 -1.37414 4.29637 -3.33824 11.0826 2.77992 -2.79636 -85.6479 22.3112 -4.93439 24.9873 0.0511653 0.117236 1.79218 -0.126565 -8.66822 20.7319 0.0424511 0.0972706 1.95273 -24.0892 -3.02633 -1.05481 -6.50797 6.44497 4.29364 6.47407 3.54454 -11.0826 2.77992 -2.79636 80.2149 10.1112 1.25611 -24.9873 0.0511653 0.117236 -0.548911 -0.00972387 2.64585 -20.7319 0.042451 0.0972707 -1.5465 3.08393 4.49614 7.90195 -3.59782 1.73896 0.0258324 -2.29881 -19.7793 -0.72918 -33.1692 -0.560506 -1.16107 4.33542 -0.0317554 -1.99006 -34.5633 -5.17465 0.286331 -2.27578 15.2052 0.66651 -8.45602 10.6902 2.48481e-17 -7.95139e-16 1.2424e-17 -7.90195 -3.59782 1.73896 0.249972 2.70458 12.5513 0.72918 -33.1692 -0.560506 0.818386 3.05648 0.0315261 1.99006 -34.5633 -5.17465 -3.95562 -3.52692 -14.9211 -0.66651 -8.45602 10.6902 -5.96354e-16 -5.59082e-16 -1.27471e-14 
314.53 78.7494 436.449 4.23628 -2.93839 61.277 0 4.34476 -0.984994 -0.558746 3.14681 -0.0955623 0 4.80497 0.916596 -0.0825157 2.72611 -0.26158 -8.77771e-18 5.1242 0.0983897 0.142178 2.62015 -0.16628 -9.44946e-18 5.56568 -0.37943 0.325551 1.94415 -0.130954 -1.68784e-17 6.50642 -1.28831 0.513977 1.03096 -0.227617 -2.16702e-17 8.12491 -0.78234 0.712731 0.529606 -0.62996 -2.48435e-17 9.02658 1.34903 -0.0226081 1.04723 0.118759 -1.10523e-17 4.09476 0.611966 1.11885 -0.68499 0.0544836 -1.54981e-17 4.1244 0.360838 1.88937 -3.77072 -0.0439423 -1.71918e-17 4.13237 0.654504 2.29424 -2.81323 1.29532 1.05481 -6.50798 6.44505 -1.38085 4.30023 -3.31791 11.0826 2.77992 -2.79636 -85.6457 22.231 -4.81341 24.9873 0.0511653 0.117236 1.79891 -0.127557 -8.70099 20.7319 0.0424511 0.0972706 1.95189 -23.986 -3.02338 -1.05481 -6.50797 6.44497 4.17189 6.41285 3.48607 -11.0826 2.77992 -2.79636 80.3788 10.2121 1.32045 -24.9873 0.0511653 0.117236 -0.579369 -0.0110133 2.79281 -20.7319 0.042451 0.0972707 -1.59532 3.36487 4.50771 7.90195 -3.59782 1.73896 -0.00717521 -2.3298 -19.8073 -0.72918 -33.1692 -0.560506 -1.15529 4.31385 -0.0318151 -1.99006 -34.5633 -5.17465 0.272811 -2.27455 15.205 0.66651 -8.45602 10.6902 2.48481e-17 -7.95139e-16 1.2424e-17 -7.90195 -3.59782 1.73896 0.226211 2.68496 12.4838 0.72918 -33.1692 -0.560506 0.812929 3.03611 0.0314605 1.99006 -34.5633 -5.17465 -3.9986 -3.55208 -14.9221 -0.66651 -8.45602 10.6902 -5.96354e-16 -5.59082e-16 -1.27471e-14 
